#-----------------------------------------------------------
# Vivado v2023.1 (64-bit)
# SW Build 3865809 on Sun May  7 15:05:29 MDT 2023
# IP Build 3864474 on Sun May  7 20:36:21 MDT 2023
# SharedData Build 3865790 on Sun May 07 13:33:03 MDT 2023
# Start of session at: Sun Nov 26 23:27:17 2023
# Process ID: 2412
# Current directory: C:/Users/andre/Downloads/ped2_exp3_datasheet/ped2_exp3
# Command line: vivado.exe -gui_launcher_event rodinguilauncherevent6784 C:\Users\andre\Downloads\ped2_exp3_datasheet\ped2_exp3\ped2_exp3.xpr
# Log file: C:/Users/andre/Downloads/ped2_exp3_datasheet/ped2_exp3/vivado.log
# Journal file: C:/Users/andre/Downloads/ped2_exp3_datasheet/ped2_exp3\vivado.jou
# Running On: DESKTOP-8GM2R40, OS: Windows, CPU Frequency: 1497 MHz, CPU Physical cores: 4, Host memory: 8031 MB
#-----------------------------------------------------------
start_gui
open_project C:/Users/andre/Downloads/ped2_exp3_datasheet/ped2_exp3/ped2_exp3.xpr
WARNING: [Board 49-26] cannot add Board Part xilinx.com:kc705:part0:1.6 available at C:/Xilinx/Vivado/2023.1/data/xhub/boards/XilinxBoardStore/boards/Xilinx/kc705/1.6/board.xml as part xc7k325tffg900-2 specified in board_part file is either invalid or not available
WARNING: [Board 49-26] cannot add Board Part xilinx.com:kcu105:part0:1.6 available at C:/Xilinx/Vivado/2023.1/data/xhub/boards/XilinxBoardStore/boards/Xilinx/kcu105/1.6/board.xml as part xcku040-ffva1156-2-e specified in board_part file is either invalid or not available
WARNING: [Board 49-26] cannot add Board Part xilinx.com:kcu105:part0:1.7 available at C:/Xilinx/Vivado/2023.1/data/xhub/boards/XilinxBoardStore/boards/Xilinx/kcu105/1.7/board.xml as part xcku040-ffva1156-2-e specified in board_part file is either invalid or not available
WARNING: [Board 49-26] cannot add Board Part xilinx.com:kcu116:part0:1.4 available at C:/Xilinx/Vivado/2023.1/data/xhub/boards/XilinxBoardStore/boards/Xilinx/kcu116/1.4/board.xml as part xcku5p-ffvb676-2-e specified in board_part file is either invalid or not available
WARNING: [Board 49-26] cannot add Board Part xilinx.com:kcu116:part0:1.5 available at C:/Xilinx/Vivado/2023.1/data/xhub/boards/XilinxBoardStore/boards/Xilinx/kcu116/1.5/board.xml as part xcku5p-ffvb676-2-e specified in board_part file is either invalid or not available
WARNING: [Board 49-26] cannot add Board Part xilinx.com:kcu1500:part0:1.2 available at C:/Xilinx/Vivado/2023.1/data/xhub/boards/XilinxBoardStore/boards/Xilinx/kcu1500/1.2/board.xml as part xcku115-flvb2104-2-e specified in board_part file is either invalid or not available
WARNING: [Board 49-26] cannot add Board Part xilinx.com:sp701:part0:1.0 available at C:/Xilinx/Vivado/2023.1/data/xhub/boards/XilinxBoardStore/boards/Xilinx/sp701/1.0/board.xml as part xc7s100fgga676-2 specified in board_part file is either invalid or not available
WARNING: [Board 49-26] cannot add Board Part xilinx.com:sp701:part0:1.1 available at C:/Xilinx/Vivado/2023.1/data/xhub/boards/XilinxBoardStore/boards/Xilinx/sp701/1.1/board.xml as part xc7s100fgga676-2 specified in board_part file is either invalid or not available
WARNING: [Board 49-26] cannot add Board Part xilinx.com:vc707:part0:1.4 available at C:/Xilinx/Vivado/2023.1/data/xhub/boards/XilinxBoardStore/boards/Xilinx/vc707/1.4/board.xml as part xc7vx485tffg1761-2 specified in board_part file is either invalid or not available
WARNING: [Board 49-26] cannot add Board Part xilinx.com:vc709:part0:1.8 available at C:/Xilinx/Vivado/2023.1/data/xhub/boards/XilinxBoardStore/boards/Xilinx/vc709/1.8/board.xml as part xc7vx690tffg1761-2 specified in board_part file is either invalid or not available
WARNING: [Board 49-26] cannot add Board Part xilinx.com:vck190:part0:2.2 available at C:/Xilinx/Vivado/2023.1/data/xhub/boards/XilinxBoardStore/boards/Xilinx/vck190/production/2.2/board.xml as part xcvc1902-vsva2197-2mp-e-s specified in board_part file is either invalid or not available
WARNING: [Board 49-26] cannot add Board Part xilinx.com:vck190:part0:3.0 available at C:/Xilinx/Vivado/2023.1/data/xhub/boards/XilinxBoardStore/boards/Xilinx/vck190/production/3.0/board.xml as part xcvc1902-vsva2197-2mp-e-s specified in board_part file is either invalid or not available
WARNING: [Board 49-26] cannot add Board Part xilinx.com:vck190:part0:3.1 available at C:/Xilinx/Vivado/2023.1/data/xhub/boards/XilinxBoardStore/boards/Xilinx/vck190/production/3.1/board.xml as part xcvc1902-vsva2197-2mp-e-s specified in board_part file is either invalid or not available
WARNING: [Board 49-26] cannot add Board Part xilinx.com:vck190:part0:3.2 available at C:/Xilinx/Vivado/2023.1/data/xhub/boards/XilinxBoardStore/boards/Xilinx/vck190/production/3.2/board.xml as part xcvc1902-vsva2197-2mp-e-s specified in board_part file is either invalid or not available
WARNING: [Board 49-26] cannot add Board Part xilinx.com:vck190_newl:part0:1.0 available at C:/Xilinx/Vivado/2023.1/data/xhub/boards/XilinxBoardStore/boards/Xilinx/vck190_newl/production/1.0/board.xml as part xcvc1902-vsva2197-2mp-e-s specified in board_part file is either invalid or not available
WARNING: [Board 49-26] cannot add Board Part xilinx.com:vck190_newl:part0:1.1 available at C:/Xilinx/Vivado/2023.1/data/xhub/boards/XilinxBoardStore/boards/Xilinx/vck190_newl/production/1.1/board.xml as part xcvc1902-vsva2197-2mp-e-s specified in board_part file is either invalid or not available
WARNING: [Board 49-26] cannot add Board Part xilinx.com:vcu108:part0:1.6 available at C:/Xilinx/Vivado/2023.1/data/xhub/boards/XilinxBoardStore/boards/Xilinx/vcu108/1.6/board.xml as part xcvu095-ffva2104-2-e specified in board_part file is either invalid or not available
WARNING: [Board 49-26] cannot add Board Part xilinx.com:vcu108:part0:1.7 available at C:/Xilinx/Vivado/2023.1/data/xhub/boards/XilinxBoardStore/boards/Xilinx/vcu108/1.7/board.xml as part xcvu095-ffva2104-2-e specified in board_part file is either invalid or not available
WARNING: [Board 49-26] cannot add Board Part xilinx.com:vcu110:part0:1.4 available at C:/Xilinx/Vivado/2023.1/data/xhub/boards/XilinxBoardStore/boards/Xilinx/vcu110/1.4/board.xml as part xcvu190-flgc2104-2-e specified in board_part file is either invalid or not available
WARNING: [Board 49-26] cannot add Board Part xilinx.com:vcu118:part0:2.0 available at C:/Xilinx/Vivado/2023.1/data/xhub/boards/XilinxBoardStore/boards/Xilinx/vcu118/2.0/board.xml as part xcvu9p-flga2104-2l-e specified in board_part file is either invalid or not available
WARNING: [Board 49-26] cannot add Board Part xilinx.com:vcu118:part0:2.3 available at C:/Xilinx/Vivado/2023.1/data/xhub/boards/XilinxBoardStore/boards/Xilinx/vcu118/2.3/board.xml as part xcvu9p-flga2104-2l-e specified in board_part file is either invalid or not available
WARNING: [Board 49-26] cannot add Board Part xilinx.com:vcu118:part0:2.4 available at C:/Xilinx/Vivado/2023.1/data/xhub/boards/XilinxBoardStore/boards/Xilinx/vcu118/2.4/board.xml as part xcvu9p-flga2104-2l-e specified in board_part file is either invalid or not available
WARNING: [Board 49-26] cannot add Board Part xilinx.com:vcu128:part0:1.0 available at C:/Xilinx/Vivado/2023.1/data/xhub/boards/XilinxBoardStore/boards/Xilinx/vcu128/production/1.0/board.xml as part xcvu37p-fsvh2892-2l-e specified in board_part file is either invalid or not available
WARNING: [Board 49-26] cannot add Board Part xilinx.com:vcu129:part0:1.0 available at C:/Xilinx/Vivado/2023.1/data/xhub/boards/XilinxBoardStore/boards/Xilinx/vcu129/production/1.0/board.xml as part xcvu29p-fsga2577-2l-e specified in board_part file is either invalid or not available
WARNING: [Board 49-26] cannot add Board Part xilinx.com:vcu1525:part0:1.3 available at C:/Xilinx/Vivado/2023.1/data/xhub/boards/XilinxBoardStore/boards/Xilinx/vcu1525/1.3/board.xml as part xcvu9p-fsgd2104-2l-e specified in board_part file is either invalid or not available
WARNING: [Board 49-26] cannot add Board Part xilinx.com:vek280_es:part0:1.0 available at C:/Xilinx/Vivado/2023.1/data/xhub/boards/XilinxBoardStore/boards/Xilinx/vek280/es/rev_a/1.0/board.xml as part xcve2802-vsvh1760-2lp-e-s-es1 specified in board_part file is either invalid or not available
WARNING: [Board 49-26] cannot add Board Part xilinx.com:vek280_es:part0:1.1 available at C:/Xilinx/Vivado/2023.1/data/xhub/boards/XilinxBoardStore/boards/Xilinx/vek280/es/rev_a/1.1/board.xml as part xcve2802-vsvh1760-2lp-e-s-es1 specified in board_part file is either invalid or not available
WARNING: [Board 49-26] cannot add Board Part xilinx.com:vek280_es_revb:part0:1.0 available at C:/Xilinx/Vivado/2023.1/data/xhub/boards/XilinxBoardStore/boards/Xilinx/vek280/es/rev_b/1.0/board.xml as part xcve2802-vsvh1760-2mp-e-s-es1 specified in board_part file is either invalid or not available
WARNING: [Board 49-26] cannot add Board Part xilinx.com:vek280_es_revb:part0:1.1 available at C:/Xilinx/Vivado/2023.1/data/xhub/boards/XilinxBoardStore/boards/Xilinx/vek280/es/rev_b/1.1/board.xml as part xcve2802-vsvh1760-2mp-e-s-es1 specified in board_part file is either invalid or not available
WARNING: [Board 49-26] cannot add Board Part xilinx.com:vermeo_t1_mpsoc:part0:1.0 available at C:/Xilinx/Vivado/2023.1/data/xhub/boards/XilinxBoardStore/boards/Xilinx/vermeo_t1_mpsoc/1.0/board.xml as part xczu19eg-ffvd1760-2l-e specified in board_part file is either invalid or not available
WARNING: [Board 49-26] cannot add Board Part xilinx.com:vermeo_t1_rfsoc:part0:1.0 available at C:/Xilinx/Vivado/2023.1/data/xhub/boards/XilinxBoardStore/boards/Xilinx/vermeo_t1_rfsoc/1.0/board.xml as part xczu21dr-ffvd1156-2l-e specified in board_part file is either invalid or not available
WARNING: [Board 49-26] cannot add Board Part xilinx.com:vhk158:part0:1.0 available at C:/Xilinx/Vivado/2023.1/data/xhub/boards/XilinxBoardStore/boards/Xilinx/vhk158/production/1.0/board.xml as part xcvh1582-vsva3697-2mp-e-s specified in board_part file is either invalid or not available
WARNING: [Board 49-26] cannot add Board Part xilinx.com:vhk158_es:part0:1.0 available at C:/Xilinx/Vivado/2023.1/data/xhub/boards/XilinxBoardStore/boards/Xilinx/vhk158/es/1.0/board.xml as part xcvh1582-vsva3697-2mp-e-s-es1 specified in board_part file is either invalid or not available
WARNING: [Board 49-26] cannot add Board Part xilinx.com:vhk158_es:part0:1.1 available at C:/Xilinx/Vivado/2023.1/data/xhub/boards/XilinxBoardStore/boards/Xilinx/vhk158/es/1.1/board.xml as part xcvh1582-vsva3697-2mp-e-s-es1 specified in board_part file is either invalid or not available
WARNING: [Board 49-26] cannot add Board Part xilinx.com:vmk180:part0:2.2 available at C:/Xilinx/Vivado/2023.1/data/xhub/boards/XilinxBoardStore/boards/Xilinx/vmk180/production/2.2/board.xml as part xcvm1802-vsva2197-2mp-e-s specified in board_part file is either invalid or not available
WARNING: [Board 49-26] cannot add Board Part xilinx.com:vmk180:part0:3.0 available at C:/Xilinx/Vivado/2023.1/data/xhub/boards/XilinxBoardStore/boards/Xilinx/vmk180/production/3.0/board.xml as part xcvm1802-vsva2197-2mp-e-s specified in board_part file is either invalid or not available
WARNING: [Board 49-26] cannot add Board Part xilinx.com:vmk180:part0:3.1 available at C:/Xilinx/Vivado/2023.1/data/xhub/boards/XilinxBoardStore/boards/Xilinx/vmk180/production/3.1/board.xml as part xcvm1802-vsva2197-2mp-e-s specified in board_part file is either invalid or not available
WARNING: [Board 49-26] cannot add Board Part xilinx.com:vmk180:part0:3.2 available at C:/Xilinx/Vivado/2023.1/data/xhub/boards/XilinxBoardStore/boards/Xilinx/vmk180/production/3.2/board.xml as part xcvm1802-vsva2197-2mp-e-s specified in board_part file is either invalid or not available
WARNING: [Board 49-26] cannot add Board Part xilinx.com:vmk180_newl:part0:1.0 available at C:/Xilinx/Vivado/2023.1/data/xhub/boards/XilinxBoardStore/boards/Xilinx/vmk180_newl/production/1.0/board.xml as part xcvm1802-vsva2197-2mp-e-s specified in board_part file is either invalid or not available
WARNING: [Board 49-26] cannot add Board Part xilinx.com:vmk180_newl:part0:1.1 available at C:/Xilinx/Vivado/2023.1/data/xhub/boards/XilinxBoardStore/boards/Xilinx/vmk180_newl/production/1.1/board.xml as part xcvm1802-vsva2197-2mp-e-s specified in board_part file is either invalid or not available
WARNING: [Board 49-26] cannot add Board Part xilinx.com:vpk120:part0:1.0 available at C:/Xilinx/Vivado/2023.1/data/xhub/boards/XilinxBoardStore/boards/Xilinx/vpk120/production/1.0/board.xml as part xcvp1202-vsva2785-2mp-e-s specified in board_part file is either invalid or not available
WARNING: [Board 49-26] cannot add Board Part xilinx.com:vpk120:part0:1.1 available at C:/Xilinx/Vivado/2023.1/data/xhub/boards/XilinxBoardStore/boards/Xilinx/vpk120/production/1.1/board.xml as part xcvp1202-vsva2785-2mp-e-s specified in board_part file is either invalid or not available
WARNING: [Board 49-26] cannot add Board Part xilinx.com:vpk120_es:part0:1.2 available at C:/Xilinx/Vivado/2023.1/data/xhub/boards/XilinxBoardStore/boards/Xilinx/vpk120/es/1.2/board.xml as part xcvp1202-vsva2785-2mp-e-s-es1 specified in board_part file is either invalid or not available
WARNING: [Board 49-26] cannot add Board Part xilinx.com:vpk120_es:part0:1.3 available at C:/Xilinx/Vivado/2023.1/data/xhub/boards/XilinxBoardStore/boards/Xilinx/vpk120/es/1.3/board.xml as part xcvp1202-vsva2785-2mp-e-s-es1 specified in board_part file is either invalid or not available
WARNING: [Board 49-26] cannot add Board Part xilinx.com:vpk120_es_revb:part0:1.0 available at C:/Xilinx/Vivado/2023.1/data/xhub/boards/XilinxBoardStore/boards/Xilinx/vpk120_revb/es/1.0/board.xml as part xcvp1202-vsva2785-2mp-e-s-es1 specified in board_part file is either invalid or not available
WARNING: [Board 49-26] cannot add Board Part xilinx.com:vpk120_es_revb:part0:1.1 available at C:/Xilinx/Vivado/2023.1/data/xhub/boards/XilinxBoardStore/boards/Xilinx/vpk120_revb/es/1.1/board.xml as part xcvp1202-vsva2785-2mp-e-s-es1 specified in board_part file is either invalid or not available
WARNING: [Board 49-26] cannot add Board Part xilinx.com:vpk180:part0:1.0 available at C:/Xilinx/Vivado/2023.1/data/xhub/boards/XilinxBoardStore/boards/Xilinx/vpk180/production/1.0/board.xml as part xcvp1802-lsvc4072-2mp-e-s specified in board_part file is either invalid or not available
WARNING: [Board 49-26] cannot add Board Part xilinx.com:vpk180:part0:1.1 available at C:/Xilinx/Vivado/2023.1/data/xhub/boards/XilinxBoardStore/boards/Xilinx/vpk180/production/1.1/board.xml as part xcvp1802-lsvc4072-2mp-e-s specified in board_part file is either invalid or not available
WARNING: [Board 49-26] cannot add Board Part xilinx.com:vpk180_es:part0:1.0 available at C:/Xilinx/Vivado/2023.1/data/xhub/boards/XilinxBoardStore/boards/Xilinx/vpk180/es/1.0/board.xml as part xcvp1802-lsvc4072-2mp-e-s-es1 specified in board_part file is either invalid or not available
WARNING: [Board 49-26] cannot add Board Part xilinx.com:vpk180_es:part0:1.1 available at C:/Xilinx/Vivado/2023.1/data/xhub/boards/XilinxBoardStore/boards/Xilinx/vpk180/es/1.1/board.xml as part xcvp1802-lsvc4072-2mp-e-s-es1 specified in board_part file is either invalid or not available
WARNING: [Board 49-26] cannot add Board Part xilinx.com:zc702:part0:1.4 available at C:/Xilinx/Vivado/2023.1/data/xhub/boards/XilinxBoardStore/boards/Xilinx/zc702/1.4/board.xml as part xc7z020clg484-1 specified in board_part file is either invalid or not available
WARNING: [Board 49-26] cannot add Board Part xilinx.com:zc706:part0:1.4 available at C:/Xilinx/Vivado/2023.1/data/xhub/boards/XilinxBoardStore/boards/Xilinx/zc706/1.4/board.xml as part xc7z045ffg900-2 specified in board_part file is either invalid or not available
WARNING: [Board 49-26] cannot add Board Part xilinx.com:zcu102:part0:3.3 available at C:/Xilinx/Vivado/2023.1/data/xhub/boards/XilinxBoardStore/boards/Xilinx/zcu102/3.3/board.xml as part xczu9eg-ffvb1156-2-e specified in board_part file is either invalid or not available
WARNING: [Board 49-26] cannot add Board Part xilinx.com:zcu102:part0:3.4 available at C:/Xilinx/Vivado/2023.1/data/xhub/boards/XilinxBoardStore/boards/Xilinx/zcu102/3.4/board.xml as part xczu9eg-ffvb1156-2-e specified in board_part file is either invalid or not available
WARNING: [Board 49-26] cannot add Board Part xilinx.com:zcu104:part0:1.1 available at C:/Xilinx/Vivado/2023.1/data/xhub/boards/XilinxBoardStore/boards/Xilinx/zcu104/1.1/board.xml as part xczu7ev-ffvc1156-2-e specified in board_part file is either invalid or not available
WARNING: [Board 49-26] cannot add Board Part xilinx.com:zcu106:part0:2.4 available at C:/Xilinx/Vivado/2023.1/data/xhub/boards/XilinxBoardStore/boards/Xilinx/zcu106/2.4/board.xml as part xczu7ev-ffvc1156-2-e specified in board_part file is either invalid or not available
WARNING: [Board 49-26] cannot add Board Part xilinx.com:zcu106:part0:2.5 available at C:/Xilinx/Vivado/2023.1/data/xhub/boards/XilinxBoardStore/boards/Xilinx/zcu106/2.5/board.xml as part xczu7ev-ffvc1156-2-e specified in board_part file is either invalid or not available
WARNING: [Board 49-26] cannot add Board Part xilinx.com:zcu106:part0:2.6 available at C:/Xilinx/Vivado/2023.1/data/xhub/boards/XilinxBoardStore/boards/Xilinx/zcu106/2.6/board.xml as part xczu7ev-ffvc1156-2-e specified in board_part file is either invalid or not available
WARNING: [Board 49-26] cannot add Board Part xilinx.com:zcu111:part0:1.2 available at C:/Xilinx/Vivado/2023.1/data/xhub/boards/XilinxBoardStore/boards/Xilinx/zcu111/1.2/board.xml as part xczu28dr-ffvg1517-2-e specified in board_part file is either invalid or not available
WARNING: [Board 49-26] cannot add Board Part xilinx.com:zcu111:part0:1.3 available at C:/Xilinx/Vivado/2023.1/data/xhub/boards/XilinxBoardStore/boards/Xilinx/zcu111/1.3/board.xml as part xczu28dr-ffvg1517-2-e specified in board_part file is either invalid or not available
WARNING: [Board 49-26] cannot add Board Part xilinx.com:zcu111:part0:1.4 available at C:/Xilinx/Vivado/2023.1/data/xhub/boards/XilinxBoardStore/boards/Xilinx/zcu111/1.4/board.xml as part xczu28dr-ffvg1517-2-e specified in board_part file is either invalid or not available
WARNING: [Board 49-26] cannot add Board Part xilinx.com:zcu1275:part0:1.0 available at C:/Xilinx/Vivado/2023.1/data/xhub/boards/XilinxBoardStore/boards/Xilinx/zcu1275/1.0/board.xml as part xczu29dr-ffvf1760-2-e specified in board_part file is either invalid or not available
WARNING: [Board 49-26] cannot add Board Part xilinx.com:zcu1285:part0:1.0 available at C:/Xilinx/Vivado/2023.1/data/xhub/boards/XilinxBoardStore/boards/Xilinx/zcu1285/1.0/board.xml as part xczu39dr-ffvf1760-2-i specified in board_part file is either invalid or not available
WARNING: [Board 49-26] cannot add Board Part xilinx.com:zcu208:part0:2.0 available at C:/Xilinx/Vivado/2023.1/data/xhub/boards/XilinxBoardStore/boards/Xilinx/zcu208/production/2.0/board.xml as part xczu48dr-fsvg1517-2-e specified in board_part file is either invalid or not available
WARNING: [Board 49-26] cannot add Board Part xilinx.com:zcu208ld:part0:2.0 available at C:/Xilinx/Vivado/2023.1/data/xhub/boards/XilinxBoardStore/boards/Xilinx/zcu208ld/production/2.0/board.xml as part xczu58dr-fsvg1517-2-i specified in board_part file is either invalid or not available
WARNING: [Board 49-26] cannot add Board Part xilinx.com:zcu216:part0:2.0 available at C:/Xilinx/Vivado/2023.1/data/xhub/boards/XilinxBoardStore/boards/Xilinx/zcu216/production/2.0/board.xml as part xczu49dr-ffvf1760-2-e specified in board_part file is either invalid or not available
WARNING: [Board 49-26] cannot add Board Part xilinx.com:zcu216ld:part0:2.0 available at C:/Xilinx/Vivado/2023.1/data/xhub/boards/XilinxBoardStore/boards/Xilinx/zcu216ld/production/2.0/board.xml as part xczu59dr-ffvf1760-2-i specified in board_part file is either invalid or not available
WARNING: [Board 49-26] cannot add Board Part xilinx.com:zcu670:part0:2.0 available at C:/Xilinx/Vivado/2023.1/data/xhub/boards/XilinxBoardStore/boards/Xilinx/zcu670/2.0/board.xml as part xczu67dr-fsve1156-2-i specified in board_part file is either invalid or not available
WARNING: [Board 49-26] cannot add Board Part xilinx.com:zcu670ld:part0:1.0 available at C:/Xilinx/Vivado/2023.1/data/xhub/boards/XilinxBoardStore/boards/Xilinx/zcu670ld/1.0/board.xml as part xczu57dr-fsve1156-2-i specified in board_part file is either invalid or not available
INFO: [filemgmt 56-3] Default IP Output Path : Could not find the directory 'C:/Users/andre/Downloads/ped2_exp3_datasheet/ped2_exp3/ped2_exp3.gen/sources_1'.
Scanning sources...
Finished scanning sources
INFO: [IP_Flow 19-234] Refreshing IP repositories
INFO: [IP_Flow 19-1704] No user IP repositories specified
INFO: [IP_Flow 19-2313] Loaded Vivado IP repository 'C:/Xilinx/Vivado/2023.1/data/ip'.
open_project: Time (s): cpu = 00:01:43 ; elapsed = 00:00:51 . Memory (MB): peak = 1447.473 ; gain = 411.207
open_run impl_1
INFO: [Device 21-403] Loading part xc7a35tcpg236-1
Netlist sorting complete. Time (s): cpu = 00:00:00 ; elapsed = 00:00:00.014 . Memory (MB): peak = 1797.039 ; gain = 0.000
INFO: [Netlist 29-17] Analyzing 62 Unisim elements for replacement
INFO: [Netlist 29-28] Unisim Transformation completed in 1 CPU seconds
INFO: [Project 1-479] Netlist was created with Vivado 2023.1
INFO: [Project 1-570] Preparing netlist for logic optimization
INFO: [Timing 38-478] Restoring timing data from binary archive.
INFO: [Timing 38-479] Binary timing data restore complete.
INFO: [Project 1-856] Restoring constraints from binary archive.
INFO: [Project 1-853] Binary constraint restore complete.
Reading XDEF placement.
Reading placer database...
Reading XDEF routing.
Read XDEF Files: Time (s): cpu = 00:00:00 ; elapsed = 00:00:00.261 . Memory (MB): peak = 2459.941 ; gain = 0.000
Restored from archive | CPU: 0.000000 secs | Memory: 0.000000 MB |
Finished XDEF File Restore: Time (s): cpu = 00:00:00 ; elapsed = 00:00:00.263 . Memory (MB): peak = 2459.941 ; gain = 0.000
Netlist sorting complete. Time (s): cpu = 00:00:00 ; elapsed = 00:00:00.001 . Memory (MB): peak = 2459.941 ; gain = 0.000
INFO: [Project 1-111] Unisim Transformation Summary:
  A total of 46 instances were transformed.
  LUT6_2 => LUT6_2 (LUT5, LUT6): 40 instances
  RAM32M => RAM32M (RAMD32(x6), RAMS32(x2)): 4 instances
  RAM64M => RAM64M (RAMD64E(x4)): 2 instances

open_run: Time (s): cpu = 00:01:39 ; elapsed = 00:01:56 . Memory (MB): peak = 2553.578 ; gain = 1095.484
update_compile_order -fileset sources_1
report_timing_summary -delay_type min_max -report_unconstrained -check_timing_verbose -max_paths 10 -input_pins -routable_nets -name timing_1
INFO: [Timing 38-91] UpdateTimingParams: Speed grade: -1, Delay Type: min_max.
INFO: [Timing 38-191] Multithreading enabled for timing update using a maximum of 2 CPUs
close_design
synth_design -rtl -rtl_skip_mlo -name rtl_1
Command: synth_design -rtl -rtl_skip_mlo -name rtl_1
Starting synth_design
Using part: xc7a35tcpg236-1
Top: pblaze
---------------------------------------------------------------------------------
Starting RTL Elaboration : Time (s): cpu = 00:00:20 ; elapsed = 00:00:24 . Memory (MB): peak = 2744.852 ; gain = 39.438
---------------------------------------------------------------------------------
INFO: [Synth 8-638] synthesizing module 'pblaze' [C:/Users/andre/Downloads/ped2_exp3_datasheet/ped2_exp3/ped2_exp3.srcs/sources_1/new/top_module.vhd:36]
	Parameter hwbuild bound to: 8'b00000000 
	Parameter interrupt_vector bound to: 12'b001111111111 
	Parameter scratch_pad_memory_size bound to: 64 - type: integer 
INFO: [Synth 8-3491] module 'kcpsm6' declared at 'C:/Users/andre/Downloads/ped2_exp3_datasheet/kcpsm6.vhd:87' bound to instance 'processor' of component 'kcpsm6' [C:/Users/andre/Downloads/ped2_exp3_datasheet/ped2_exp3/ped2_exp3.srcs/sources_1/new/top_module.vhd:105]
INFO: [Synth 8-638] synthesizing module 'kcpsm6' [C:/Users/andre/Downloads/ped2_exp3_datasheet/kcpsm6.vhd:111]
	Parameter hwbuild bound to: 8'b00000000 
	Parameter interrupt_vector bound to: 12'b001111111111 
	Parameter scratch_pad_memory_size bound to: 64 - type: integer 
	Parameter INIT bound to: 64'b1111111111111111111101010101010100000000000000000000111011101110 
INFO: [Synth 8-113] binding component instance 'reset_lut' to cell 'LUT6_2' [C:/Users/andre/Downloads/ped2_exp3_datasheet/kcpsm6.vhd:685]
INFO: [Synth 8-113] binding component instance 'run_flop' to cell 'FD' [C:/Users/andre/Downloads/ped2_exp3_datasheet/kcpsm6.vhd:696]
INFO: [Synth 8-113] binding component instance 'internal_reset_flop' to cell 'FD' [C:/Users/andre/Downloads/ped2_exp3_datasheet/kcpsm6.vhd:701]
INFO: [Synth 8-113] binding component instance 'sync_sleep_flop' to cell 'FD' [C:/Users/andre/Downloads/ped2_exp3_datasheet/kcpsm6.vhd:706]
	Parameter INIT bound to: 64'b0000000010000011000000000000101100000000110001000000000001001100 
INFO: [Synth 8-113] binding component instance 't_state_lut' to cell 'LUT6_2' [C:/Users/andre/Downloads/ped2_exp3_datasheet/kcpsm6.vhd:711]
INFO: [Synth 8-113] binding component instance 't_state1_flop' to cell 'FD' [C:/Users/andre/Downloads/ped2_exp3_datasheet/kcpsm6.vhd:722]
INFO: [Synth 8-113] binding component instance 't_state2_flop' to cell 'FD' [C:/Users/andre/Downloads/ped2_exp3_datasheet/kcpsm6.vhd:727]
	Parameter INIT bound to: 64'b0000000000010000000000000000000000000000000000000000100000000000 
INFO: [Synth 8-113] binding component instance 'int_enable_type_lut' to cell 'LUT6_2' [C:/Users/andre/Downloads/ped2_exp3_datasheet/kcpsm6.vhd:733]
	Parameter INIT bound to: 64'b0000000000000000000000000000000000000000000000001100101010101010 
INFO: [Synth 8-113] binding component instance 'interrupt_enable_lut' to cell 'LUT6' [C:/Users/andre/Downloads/ped2_exp3_datasheet/kcpsm6.vhd:744]
INFO: [Synth 8-113] binding component instance 'interrupt_enable_flop' to cell 'FD' [C:/Users/andre/Downloads/ped2_exp3_datasheet/kcpsm6.vhd:754]
INFO: [Synth 8-113] binding component instance 'sync_interrupt_flop' to cell 'FD' [C:/Users/andre/Downloads/ped2_exp3_datasheet/kcpsm6.vhd:759]
	Parameter INIT bound to: 64'b1100110000110011111111110000000010000000100000001000000010000000 
INFO: [Synth 8-113] binding component instance 'active_interrupt_lut' to cell 'LUT6_2' [C:/Users/andre/Downloads/ped2_exp3_datasheet/kcpsm6.vhd:764]
INFO: [Synth 8-113] binding component instance 'active_interrupt_flop' to cell 'FD' [C:/Users/andre/Downloads/ped2_exp3_datasheet/kcpsm6.vhd:775]
INFO: [Synth 8-113] binding component instance 'interrupt_ack_flop' to cell 'FD' [C:/Users/andre/Downloads/ped2_exp3_datasheet/kcpsm6.vhd:780]
	Parameter INIT bound to: 64'b0101101000111100111111111111111100000000000000000000000000000000 
INFO: [Synth 8-113] binding component instance 'pc_move_is_valid_lut' to cell 'LUT6' [C:/Users/andre/Downloads/ped2_exp3_datasheet/kcpsm6.vhd:804]
	Parameter INIT bound to: 64'b0111011101110111000000100111011100000000000000000000001000000000 
INFO: [Synth 8-113] binding component instance 'move_type_lut' to cell 'LUT6_2' [C:/Users/andre/Downloads/ped2_exp3_datasheet/kcpsm6.vhd:814]
	Parameter INIT bound to: 64'b0000000000000000111100000000000000000000000000000010001111111111 
INFO: [Synth 8-113] binding component instance 'pc_mode1_lut' to cell 'LUT6_2' [C:/Users/andre/Downloads/ped2_exp3_datasheet/kcpsm6.vhd:825]
	Parameter INIT bound to: 64'b1111111111111111111111111111111100000000000001000000000000000000 
INFO: [Synth 8-113] binding component instance 'pc_mode2_lut' to cell 'LUT6' [C:/Users/andre/Downloads/ped2_exp3_datasheet/kcpsm6.vhd:836]
	Parameter INIT bound to: 64'b1111111111111111000100000000000000000000000000000010000000000000 
INFO: [Synth 8-113] binding component instance 'push_pop_lut' to cell 'LUT6_2' [C:/Users/andre/Downloads/ped2_exp3_datasheet/kcpsm6.vhd:846]
	Parameter INIT bound to: 64'b0000001111001010000000000000000000000100001000000000000000000000 
INFO: [Synth 8-113] binding component instance 'alu_decode0_lut' to cell 'LUT6_2' [C:/Users/andre/Downloads/ped2_exp3_datasheet/kcpsm6.vhd:861]
INFO: [Synth 8-113] binding component instance 'alu_mux_sel0_flop' to cell 'FD' [C:/Users/andre/Downloads/ped2_exp3_datasheet/kcpsm6.vhd:872]
	Parameter INIT bound to: 64'b0111011100001000000000000000000000000000000000000000111100000000 
INFO: [Synth 8-113] binding component instance 'alu_decode1_lut' to cell 'LUT6_2' [C:/Users/andre/Downloads/ped2_exp3_datasheet/kcpsm6.vhd:877]
INFO: [Synth 8-113] binding component instance 'alu_mux_sel1_flop' to cell 'FD' [C:/Users/andre/Downloads/ped2_exp3_datasheet/kcpsm6.vhd:888]
	Parameter INIT bound to: 64'b1101000000000000000000000000000000000010000000000000000000000000 
INFO: [Synth 8-113] binding component instance 'alu_decode2_lut' to cell 'LUT6_2' [C:/Users/andre/Downloads/ped2_exp3_datasheet/kcpsm6.vhd:894]
	Parameter INIT bound to: 64'b0000000000000001001111110011111100000000000100001111011111001110 
INFO: [Synth 8-113] binding component instance 'register_enable_type_lut' to cell 'LUT6_2' [C:/Users/andre/Downloads/ped2_exp3_datasheet/kcpsm6.vhd:909]
	Parameter INIT bound to: 64'b1100000011001100000000000000000010100000101010100000000000000000 
INFO: [Synth 8-113] binding component instance 'register_enable_lut' to cell 'LUT6_2' [C:/Users/andre/Downloads/ped2_exp3_datasheet/kcpsm6.vhd:920]
INFO: [Synth 8-113] binding component instance 'flag_enable_flop' to cell 'FDR' [C:/Users/andre/Downloads/ped2_exp3_datasheet/kcpsm6.vhd:931]
INFO: [Synth 8-113] binding component instance 'register_enable_flop' to cell 'FDR' [C:/Users/andre/Downloads/ped2_exp3_datasheet/kcpsm6.vhd:937]
	Parameter INIT bound to: 64'b1000000000000000000000000000000000100000000000000000000000000000 
INFO: [Synth 8-113] binding component instance 'spm_enable_lut' to cell 'LUT6_2' [C:/Users/andre/Downloads/ped2_exp3_datasheet/kcpsm6.vhd:943]
INFO: [Synth 8-113] binding component instance 'k_write_strobe_flop' to cell 'FDR' [C:/Users/andre/Downloads/ped2_exp3_datasheet/kcpsm6.vhd:954]
INFO: [Synth 8-113] binding component instance 'spm_enable_flop' to cell 'FDR' [C:/Users/andre/Downloads/ped2_exp3_datasheet/kcpsm6.vhd:960]
	Parameter INIT bound to: 64'b0100000000000000000000000000000000000001000000000000000000000000 
INFO: [Synth 8-113] binding component instance 'read_strobe_lut' to cell 'LUT6_2' [C:/Users/andre/Downloads/ped2_exp3_datasheet/kcpsm6.vhd:966]
INFO: [Synth 8-113] binding component instance 'write_strobe_flop' to cell 'FDR' [C:/Users/andre/Downloads/ped2_exp3_datasheet/kcpsm6.vhd:977]
INFO: [Synth 8-113] binding component instance 'read_strobe_flop' to cell 'FDR' [C:/Users/andre/Downloads/ped2_exp3_datasheet/kcpsm6.vhd:983]
	Parameter INIT bound to: 64'b0000000010000000000000100000000000000000000000000000000000000000 
INFO: [Synth 8-113] binding component instance 'regbank_type_lut' to cell 'LUT6' [C:/Users/andre/Downloads/ped2_exp3_datasheet/kcpsm6.vhd:1001]
	Parameter INIT bound to: 64'b1010110010101100111111110000000011111111000000001111111100000000 
INFO: [Synth 8-113] binding component instance 'bank_lut' to cell 'LUT6' [C:/Users/andre/Downloads/ped2_exp3_datasheet/kcpsm6.vhd:1011]
INFO: [Synth 8-113] binding component instance 'bank_flop' to cell 'FDR' [C:/Users/andre/Downloads/ped2_exp3_datasheet/kcpsm6.vhd:1021]
INFO: [Synth 8-113] binding component instance 'sx_addr4_flop' to cell 'FD' [C:/Users/andre/Downloads/ped2_exp3_datasheet/kcpsm6.vhd:1027]
INFO: [Synth 8-113] binding component instance 'arith_carry_xorcy' to cell 'XORCY' [C:/Users/andre/Downloads/ped2_exp3_datasheet/kcpsm6.vhd:1051]
INFO: [Synth 8-113] binding component instance 'arith_carry_flop' to cell 'FD' [C:/Users/andre/Downloads/ped2_exp3_datasheet/kcpsm6.vhd:1056]
	Parameter INIT bound to: 64'b0000000000000000000000000000000010000111011110000000000000000000 
INFO: [Synth 8-113] binding component instance 'lower_parity_lut' to cell 'LUT6_2' [C:/Users/andre/Downloads/ped2_exp3_datasheet/kcpsm6.vhd:1061]
INFO: [Synth 8-113] binding component instance 'parity_muxcy' to cell 'MUXCY' [C:/Users/andre/Downloads/ped2_exp3_datasheet/kcpsm6.vhd:1072]
	Parameter INIT bound to: 64'b0110100110010110100101100110100110010110011010010110100110010110 
INFO: [Synth 8-113] binding component instance 'upper_parity_lut' to cell 'LUT6' [C:/Users/andre/Downloads/ped2_exp3_datasheet/kcpsm6.vhd:1078]
INFO: [Synth 8-113] binding component instance 'parity_xorcy' to cell 'XORCY' [C:/Users/andre/Downloads/ped2_exp3_datasheet/kcpsm6.vhd:1088]
	Parameter INIT bound to: 64'b1111111111111111101010101100110011110000111100001111000011110000 
INFO: [Synth 8-113] binding component instance 'shift_carry_lut' to cell 'LUT6' [C:/Users/andre/Downloads/ped2_exp3_datasheet/kcpsm6.vhd:1093]
INFO: [Synth 8-113] binding component instance 'shift_carry_flop' to cell 'FD' [C:/Users/andre/Downloads/ped2_exp3_datasheet/kcpsm6.vhd:1103]
	Parameter INIT bound to: 64'b0011001100110011101010101100110011110000101010100000000000000000 
INFO: [Synth 8-113] binding component instance 'carry_flag_lut' to cell 'LUT6_2' [C:/Users/andre/Downloads/ped2_exp3_datasheet/kcpsm6.vhd:1108]
INFO: [Synth 8-113] binding component instance 'carry_flag_flop' to cell 'FDRE' [C:/Users/andre/Downloads/ped2_exp3_datasheet/kcpsm6.vhd:1119]
INFO: [Synth 8-113] binding component instance 'init_zero_muxcy' to cell 'MUXCY' [C:/Users/andre/Downloads/ped2_exp3_datasheet/kcpsm6.vhd:1126]
	Parameter INIT bound to: 64'b1010001010000000000000000000000000000000111100000000000011110000 
INFO: [Synth 8-113] binding component instance 'use_zero_flag_lut' to cell 'LUT6_2' [C:/Users/andre/Downloads/ped2_exp3_datasheet/kcpsm6.vhd:1132]
INFO: [Synth 8-113] binding component instance 'use_zero_flag_flop' to cell 'FD' [C:/Users/andre/Downloads/ped2_exp3_datasheet/kcpsm6.vhd:1143]
	Parameter INIT bound to: 64'b0000000000000000000000000000000000000000000000000000000000000001 
INFO: [Synth 8-113] binding component instance 'lower_zero_lut' to cell 'LUT6_2' [C:/Users/andre/Downloads/ped2_exp3_datasheet/kcpsm6.vhd:1148]
INFO: [Synth 8-113] binding component instance 'lower_zero_muxcy' to cell 'MUXCY' [C:/Users/andre/Downloads/ped2_exp3_datasheet/kcpsm6.vhd:1159]
	Parameter INIT bound to: 64'b0000000000000000000000000000110100000000000000000000000000000000 
INFO: [Synth 8-113] binding component instance 'middle_zero_lut' to cell 'LUT6_2' [C:/Users/andre/Downloads/ped2_exp3_datasheet/kcpsm6.vhd:1165]
INFO: [Synth 8-113] binding component instance 'middle_zero_muxcy' to cell 'MUXCY' [C:/Users/andre/Downloads/ped2_exp3_datasheet/kcpsm6.vhd:1176]
	Parameter INIT bound to: 64'b1111101111111111000000000000000000000000000000000000000000000000 
INFO: [Synth 8-113] binding component instance 'upper_zero_lut' to cell 'LUT6' [C:/Users/andre/Downloads/ped2_exp3_datasheet/kcpsm6.vhd:1182]
INFO: [Synth 8-113] binding component instance 'upper_zero_muxcy' to cell 'MUXCY' [C:/Users/andre/Downloads/ped2_exp3_datasheet/kcpsm6.vhd:1192]
INFO: [Synth 8-113] binding component instance 'zero_flag_flop' to cell 'FDRE' [C:/Users/andre/Downloads/ped2_exp3_datasheet/kcpsm6.vhd:1198]
INFO: [Synth 8-113] binding component instance 'return_vector_flop' to cell 'FD' [C:/Users/andre/Downloads/ped2_exp3_datasheet/kcpsm6.vhd:1249]
	Parameter INIT bound to: 64'b1111111100000000111100001111000011001100110011001010101010101010 
INFO: [Synth 8-113] binding component instance 'pc_vector_mux_lut' to cell 'LUT6_2' [C:/Users/andre/Downloads/ped2_exp3_datasheet/kcpsm6.vhd:1264]
INFO: [Synth 8-113] binding component instance 'pc_flop' to cell 'FDRE' [C:/Users/andre/Downloads/ped2_exp3_datasheet/kcpsm6.vhd:1309]
	Parameter INIT bound to: 64'b0000000010101010000000001111111100110011110011000000111100000000 
INFO: [Synth 8-113] binding component instance 'pc_lut' to cell 'LUT6' [C:/Users/andre/Downloads/ped2_exp3_datasheet/kcpsm6.vhd:1350]
INFO: [Synth 8-113] binding component instance 'pc_xorcy' to cell 'XORCY' [C:/Users/andre/Downloads/ped2_exp3_datasheet/kcpsm6.vhd:1366]
INFO: [Synth 8-113] binding component instance 'pc_muxcy' to cell 'MUXCY' [C:/Users/andre/Downloads/ped2_exp3_datasheet/kcpsm6.vhd:1371]
INFO: [Synth 8-113] binding component instance 'return_vector_flop' to cell 'FD' [C:/Users/andre/Downloads/ped2_exp3_datasheet/kcpsm6.vhd:1249]
INFO: [Synth 8-113] binding component instance 'pc_flop' to cell 'FDRE' [C:/Users/andre/Downloads/ped2_exp3_datasheet/kcpsm6.vhd:1309]
	Parameter INIT bound to: 64'b0000000010101010000000001111111111001100110011001111000000000000 
INFO: [Synth 8-113] binding component instance 'pc_lut' to cell 'LUT6' [C:/Users/andre/Downloads/ped2_exp3_datasheet/kcpsm6.vhd:1411]
INFO: [Synth 8-113] binding component instance 'pc_xorcy' to cell 'XORCY' [C:/Users/andre/Downloads/ped2_exp3_datasheet/kcpsm6.vhd:1426]
INFO: [Synth 8-113] binding component instance 'pc_muxcy' to cell 'MUXCY' [C:/Users/andre/Downloads/ped2_exp3_datasheet/kcpsm6.vhd:1440]
INFO: [Synth 8-113] binding component instance 'return_vector_flop' to cell 'FD' [C:/Users/andre/Downloads/ped2_exp3_datasheet/kcpsm6.vhd:1249]
	Parameter INIT bound to: 64'b1111111100000000111100001111000011001100110011001010101010101010 
INFO: [Synth 8-113] binding component instance 'pc_vector_mux_lut' to cell 'LUT6_2' [C:/Users/andre/Downloads/ped2_exp3_datasheet/kcpsm6.vhd:1264]
INFO: [Synth 8-113] binding component instance 'pc_flop' to cell 'FDRE' [C:/Users/andre/Downloads/ped2_exp3_datasheet/kcpsm6.vhd:1309]
	Parameter INIT bound to: 64'b0000000010101010000000001111111111001100110011001111000000000000 
INFO: [Synth 8-113] binding component instance 'pc_lut' to cell 'LUT6' [C:/Users/andre/Downloads/ped2_exp3_datasheet/kcpsm6.vhd:1411]
INFO: [Synth 8-113] binding component instance 'pc_xorcy' to cell 'XORCY' [C:/Users/andre/Downloads/ped2_exp3_datasheet/kcpsm6.vhd:1426]
INFO: [Synth 8-113] binding component instance 'pc_muxcy' to cell 'MUXCY' [C:/Users/andre/Downloads/ped2_exp3_datasheet/kcpsm6.vhd:1440]
INFO: [Synth 8-113] binding component instance 'return_vector_flop' to cell 'FD' [C:/Users/andre/Downloads/ped2_exp3_datasheet/kcpsm6.vhd:1249]
INFO: [Synth 8-113] binding component instance 'pc_flop' to cell 'FDRE' [C:/Users/andre/Downloads/ped2_exp3_datasheet/kcpsm6.vhd:1309]
	Parameter INIT bound to: 64'b0000000010101010000000001111111111001100110011001111000000000000 
INFO: [Synth 8-113] binding component instance 'pc_lut' to cell 'LUT6' [C:/Users/andre/Downloads/ped2_exp3_datasheet/kcpsm6.vhd:1411]
INFO: [Synth 8-113] binding component instance 'pc_xorcy' to cell 'XORCY' [C:/Users/andre/Downloads/ped2_exp3_datasheet/kcpsm6.vhd:1426]
INFO: [Synth 8-113] binding component instance 'pc_muxcy' to cell 'MUXCY' [C:/Users/andre/Downloads/ped2_exp3_datasheet/kcpsm6.vhd:1440]
INFO: [Synth 8-113] binding component instance 'return_vector_flop' to cell 'FD' [C:/Users/andre/Downloads/ped2_exp3_datasheet/kcpsm6.vhd:1249]
	Parameter INIT bound to: 64'b1111111100000000111100001111000011001100110011001010101010101010 
INFO: [Synth 8-113] binding component instance 'pc_vector_mux_lut' to cell 'LUT6_2' [C:/Users/andre/Downloads/ped2_exp3_datasheet/kcpsm6.vhd:1264]
INFO: [Synth 8-113] binding component instance 'pc_flop' to cell 'FDRE' [C:/Users/andre/Downloads/ped2_exp3_datasheet/kcpsm6.vhd:1309]
	Parameter INIT bound to: 64'b0000000010101010000000001111111111001100110011001111000000000000 
INFO: [Synth 8-113] binding component instance 'pc_lut' to cell 'LUT6' [C:/Users/andre/Downloads/ped2_exp3_datasheet/kcpsm6.vhd:1411]
INFO: [Synth 8-113] binding component instance 'pc_xorcy' to cell 'XORCY' [C:/Users/andre/Downloads/ped2_exp3_datasheet/kcpsm6.vhd:1426]
INFO: [Synth 8-113] binding component instance 'pc_muxcy' to cell 'MUXCY' [C:/Users/andre/Downloads/ped2_exp3_datasheet/kcpsm6.vhd:1440]
INFO: [Synth 8-113] binding component instance 'return_vector_flop' to cell 'FD' [C:/Users/andre/Downloads/ped2_exp3_datasheet/kcpsm6.vhd:1249]
INFO: [Synth 8-113] binding component instance 'pc_flop' to cell 'FDRE' [C:/Users/andre/Downloads/ped2_exp3_datasheet/kcpsm6.vhd:1309]
	Parameter INIT bound to: 64'b0000000010101010000000001111111111001100110011001111000000000000 
INFO: [Synth 8-113] binding component instance 'pc_lut' to cell 'LUT6' [C:/Users/andre/Downloads/ped2_exp3_datasheet/kcpsm6.vhd:1411]
INFO: [Synth 8-113] binding component instance 'pc_xorcy' to cell 'XORCY' [C:/Users/andre/Downloads/ped2_exp3_datasheet/kcpsm6.vhd:1426]
INFO: [Synth 8-113] binding component instance 'pc_muxcy' to cell 'MUXCY' [C:/Users/andre/Downloads/ped2_exp3_datasheet/kcpsm6.vhd:1440]
INFO: [Synth 8-113] binding component instance 'return_vector_flop' to cell 'FD' [C:/Users/andre/Downloads/ped2_exp3_datasheet/kcpsm6.vhd:1249]
	Parameter INIT bound to: 64'b1111111100000000111100001111000011001100110011001010101010101010 
INFO: [Synth 8-113] binding component instance 'pc_vector_mux_lut' to cell 'LUT6_2' [C:/Users/andre/Downloads/ped2_exp3_datasheet/kcpsm6.vhd:1264]
INFO: [Synth 8-113] binding component instance 'pc_flop' to cell 'FDRE' [C:/Users/andre/Downloads/ped2_exp3_datasheet/kcpsm6.vhd:1309]
	Parameter INIT bound to: 64'b0000000010101010000000001111111111001100110011001111000000000000 
INFO: [Synth 8-113] binding component instance 'pc_lut' to cell 'LUT6' [C:/Users/andre/Downloads/ped2_exp3_datasheet/kcpsm6.vhd:1411]
INFO: [Synth 8-113] binding component instance 'pc_xorcy' to cell 'XORCY' [C:/Users/andre/Downloads/ped2_exp3_datasheet/kcpsm6.vhd:1426]
INFO: [Synth 8-113] binding component instance 'pc_muxcy' to cell 'MUXCY' [C:/Users/andre/Downloads/ped2_exp3_datasheet/kcpsm6.vhd:1440]
INFO: [Synth 8-113] binding component instance 'return_vector_flop' to cell 'FD' [C:/Users/andre/Downloads/ped2_exp3_datasheet/kcpsm6.vhd:1249]
INFO: [Synth 8-113] binding component instance 'pc_flop' to cell 'FDRE' [C:/Users/andre/Downloads/ped2_exp3_datasheet/kcpsm6.vhd:1309]
	Parameter INIT bound to: 64'b0000000010101010000000001111111111001100110011001111000000000000 
INFO: [Synth 8-113] binding component instance 'pc_lut' to cell 'LUT6' [C:/Users/andre/Downloads/ped2_exp3_datasheet/kcpsm6.vhd:1411]
INFO: [Common 17-14] Message 'Synth 8-113' appears 100 times and further instances of the messages will be disabled. Use the Tcl command set_msg_config to change the current settings.
	Parameter INIT bound to: 64'b1111111100000000111100001111000011001100110011001010101010101010 
	Parameter INIT bound to: 64'b0000000010101010000000001111111111001100110011001111000000000000 
	Parameter INIT bound to: 64'b0000000010101010000000001111111111001100110011001111000000000000 
	Parameter INIT bound to: 64'b1111111100000000111100001111000011001100110011001010101010101010 
	Parameter INIT bound to: 64'b0000000010101010000000000000000011001100110011001111000000000000 
	Parameter INIT bound to: 64'b0000000010101010000000000000000011001100110011001111000000000000 
	Parameter INIT_A bound to: 64'b0000000000000000000000000000000000000000000000000000000000000000 
	Parameter INIT_B bound to: 64'b0000000000000000000000000000000000000000000000000000000000000000 
	Parameter INIT_C bound to: 64'b0000000000000000000000000000000000000000000000000000000000000000 
	Parameter INIT_D bound to: 64'b0000000000000000000000000000000000000000000000000000000000000000 
	Parameter INIT_A bound to: 64'b0000000000000000000000000000000000000000000000000000000000000000 
	Parameter INIT_B bound to: 64'b0000000000000000000000000000000000000000000000000000000000000000 
	Parameter INIT_C bound to: 64'b0000000000000000000000000000000000000000000000000000000000000000 
	Parameter INIT_D bound to: 64'b0000000000000000000000000000000000000000000000000000000000000000 
	Parameter INIT bound to: 64'b0000000000010101001010011010101010101010101010101010101010101010 
	Parameter INIT bound to: 64'b0000000000101010001001010010101010101010101010101010101010101010 
	Parameter INIT bound to: 64'b0000000000101010001001010010101010101010101010101010101010101010 
	Parameter INIT bound to: 64'b0000000000101010001001010010101010101010101010101010101010101010 
	Parameter INIT bound to: 64'b0000000000101010001001010010101010101010101010101010101010101010 
	Parameter INIT bound to: 64'b1111111100000000111100001111000011001100110011001010101010101010 
	Parameter INIT bound to: 64'b1111111100000000111100001111000011001100110011001010101010101010 
	Parameter INIT bound to: 64'b0110100101101001011011101000101011001100110011000000000000000000 
	Parameter INIT bound to: 64'b1011111110111100100011111000110010110011101100001000001110000000 
	Parameter INIT bound to: 64'b1111111100000000111100001111000011001100110011001010101010101010 
	Parameter INIT bound to: 64'b1111111100000000111100001111000011001100110011001010101010101010 
	Parameter INIT_A bound to: 64'b0000000000000000000000000000000000000000000000000000000000000000 
	Parameter INIT_B bound to: 64'b0000000000000000000000000000000000000000000000000000000000000000 
	Parameter INIT_C bound to: 64'b0000000000000000000000000000000000000000000000000000000000000000 
	Parameter INIT_D bound to: 64'b0000000000000000000000000000000000000000000000000000000000000000 
	Parameter INIT bound to: 64'b0110100101101001011011101000101011001100110011000000000000000000 
	Parameter INIT bound to: 64'b1111111100000000111100001111000011001100110011001010101010101010 
	Parameter INIT bound to: 64'b1111111100000000111100001111000011001100110011001010101010101010 
	Parameter INIT bound to: 64'b1111111100000000111100001111000011001100110011001010101010101010 
	Parameter INIT bound to: 64'b0110100101101001011011101000101011001100110011000000000000000000 
	Parameter INIT bound to: 64'b1111111100000000111100001111000011001100110011001010101010101010 
	Parameter INIT bound to: 64'b1111111100000000111100001111000011001100110011001010101010101010 
	Parameter INIT bound to: 64'b0110100101101001011011101000101011001100110011000000000000000000 
	Parameter INIT bound to: 64'b1111111100000000111100001111000011001100110011001010101010101010 
	Parameter INIT bound to: 64'b1111111100000000111100001111000011001100110011001010101010101010 
	Parameter INIT bound to: 64'b1111111100000000111100001111000011001100110011001010101010101010 
	Parameter INIT bound to: 64'b0110100101101001011011101000101011001100110011000000000000000000 
	Parameter INIT bound to: 64'b1111111100000000111100001111000011001100110011001010101010101010 
	Parameter INIT bound to: 64'b1111111100000000111100001111000011001100110011001010101010101010 
	Parameter INIT_A bound to: 64'b0000000000000000000000000000000000000000000000000000000000000000 
	Parameter INIT_B bound to: 64'b0000000000000000000000000000000000000000000000000000000000000000 
	Parameter INIT_C bound to: 64'b0000000000000000000000000000000000000000000000000000000000000000 
	Parameter INIT_D bound to: 64'b0000000000000000000000000000000000000000000000000000000000000000 
	Parameter INIT bound to: 64'b0110100101101001011011101000101011001100110011000000000000000000 
	Parameter INIT bound to: 64'b1111111100000000111100001111000011001100110011001010101010101010 
	Parameter INIT bound to: 64'b1111111100000000111100001111000011001100110011001010101010101010 
	Parameter INIT bound to: 64'b1111111100000000111100001111000011001100110011001010101010101010 
	Parameter INIT bound to: 64'b0110100101101001011011101000101011001100110011000000000000000000 
	Parameter INIT bound to: 64'b1111111100000000111100001111000011001100110011001010101010101010 
	Parameter INIT bound to: 64'b1111111100000000111100001111000011001100110011001010101010101010 
	Parameter INIT bound to: 64'b0110100101101001011011101000101011001100110011000000000000000000 
	Parameter INIT bound to: 64'b1111111100000000111100001111000011001100110011001010101010101010 
	Parameter INIT_A bound to: 64'b0000000000000000000000000000000000000000000000000000000000000000 
	Parameter INIT_B bound to: 64'b0000000000000000000000000000000000000000000000000000000000000000 
	Parameter INIT_C bound to: 64'b0000000000000000000000000000000000000000000000000000000000000000 
	Parameter INIT_D bound to: 64'b0000000000000000000000000000000000000000000000000000000000000000 
	Parameter INIT_A bound to: 64'b0000000000000000000000000000000000000000000000000000000000000000 
	Parameter INIT_B bound to: 64'b0000000000000000000000000000000000000000000000000000000000000000 
	Parameter INIT_C bound to: 64'b0000000000000000000000000000000000000000000000000000000000000000 
	Parameter INIT_D bound to: 64'b0000000000000000000000000000000000000000000000000000000000000000 
INFO: [Synth 8-256] done synthesizing module 'kcpsm6' (0#1) [C:/Users/andre/Downloads/ped2_exp3_datasheet/kcpsm6.vhd:111]
	Parameter C_FAMILY bound to: 7S - type: string 
	Parameter C_RAM_SIZE_KWORDS bound to: 2 - type: integer 
	Parameter C_JTAG_LOADER_ENABLE bound to: 1 - type: integer 
INFO: [Synth 8-3491] module 'hipo_calc' declared at 'C:/Users/andre/Downloads/ped2_exp3_datasheet/hipo_calc.vhd:132' bound to instance 'program_rom' of component 'hipo_calc' [C:/Users/andre/Downloads/ped2_exp3_datasheet/ped2_exp3/ped2_exp3.srcs/sources_1/new/top_module.vhd:126]
INFO: [Synth 8-638] synthesizing module 'hipo_calc' [C:/Users/andre/Downloads/ped2_exp3_datasheet/hipo_calc.vhd:143]
	Parameter C_FAMILY bound to: 7S - type: string 
	Parameter C_RAM_SIZE_KWORDS bound to: 2 - type: integer 
	Parameter C_JTAG_LOADER_ENABLE bound to: 1 - type: integer 
	Parameter DOA_REG bound to: 0 - type: integer 
	Parameter DOB_REG bound to: 0 - type: integer 
	Parameter EN_ECC_READ bound to: 0 - type: bool 
	Parameter EN_ECC_WRITE bound to: 0 - type: bool 
	Parameter INITP_00 bound to: 256'b0000000000000000000000000000000000000000000000000000000000000000000000000000000000000000000000000000000000000000000000000000000000000000000000000000000000000000000000000000000000000000000000000000101000100011010101010001010101000000000010000011010000001010 
	Parameter INITP_01 bound to: 256'b0000000000000000000000000000000000000000000000000000000000000000000000000000000000000000000000000000000000000000000000000000000000000000000000000000000000000000000000000000000000000000000000000000000000000000000000000000000000000000000000000000000000000000 
	Parameter INITP_02 bound to: 256'b0000000000000000000000000000000000000000000000000000000000000000000000000000000000000000000000000000000000000000000000000000000000000000000000000000000000000000000000000000000000000000000000000000000000000000000000000000000000000000000000000000000000000000 
	Parameter INITP_03 bound to: 256'b0000000000000000000000000000000000000000000000000000000000000000000000000000000000000000000000000000000000000000000000000000000000000000000000000000000000000000000000000000000000000000000000000000000000000000000000000000000000000000000000000000000000000000 
	Parameter INITP_04 bound to: 256'b0000000000000000000000000000000000000000000000000000000000000000000000000000000000000000000000000000000000000000000000000000000000000000000000000000000000000000000000000000000000000000000000000000000000000000000000000000000000000000000000000000000000000000 
	Parameter INITP_05 bound to: 256'b0000000000000000000000000000000000000000000000000000000000000000000000000000000000000000000000000000000000000000000000000000000000000000000000000000000000000000000000000000000000000000000000000000000000000000000000000000000000000000000000000000000000000000 
	Parameter INITP_06 bound to: 256'b0000000000000000000000000000000000000000000000000000000000000000000000000000000000000000000000000000000000000000000000000000000000000000000000000000000000000000000000000000000000000000000000000000000000000000000000000000000000000000000000000000000000000000 
	Parameter INITP_07 bound to: 256'b1000000000000000000000000000000000000000000000000000000000000000000000000000000000000000000000000000000000000000000000000000000000000000000000000000000000000000000000000000000000000000000000000000000000000000000000000000000000000000000000000000000000000000 
	Parameter INITP_08 bound to: 256'b0000000000000000000000000000000000000000000000000000000000000000000000000000000000000000000000000000000000000000000000000000000000000000000000000000000000000000000000000000000000000000000000000000000000000000000000000000000000000000000000000000000000000000 
	Parameter INITP_09 bound to: 256'b0000000000000000000000000000000000000000000000000000000000000000000000000000000000000000000000000000000000000000000000000000000000000000000000000000000000000000000000000000000000000000000000000000000000000000000000000000000000000000000000000000000000000000 
	Parameter INITP_0A bound to: 256'b0000000000000000000000000000000000000000000000000000000000000000000000000000000000000000000000000000000000000000000000000000000000000000000000000000000000000000000000000000000000000000000000000000000000000000000000000000000000000000000000000000000000000000 
	Parameter INITP_0B bound to: 256'b0000000000000000000000000000000000000000000000000000000000000000000000000000000000000000000000000000000000000000000000000000000000000000000000000000000000000000000000000000000000000000000000000000000000000000000000000000000000000000000000000000000000000000 
	Parameter INITP_0C bound to: 256'b0000000000000000000000000000000000000000000000000000000000000000000000000000000000000000000000000000000000000000000000000000000000000000000000000000000000000000000000000000000000000000000000000000000000000000000000000000000000000000000000000000000000000000 
	Parameter INITP_0D bound to: 256'b0000000000000000000000000000000000000000000000000000000000000000000000000000000000000000000000000000000000000000000000000000000000000000000000000000000000000000000000000000000000000000000000000000000000000000000000000000000000000000000000000000000000000000 
	Parameter INITP_0E bound to: 256'b0000000000000000000000000000000000000000000000000000000000000000000000000000000000000000000000000000000000000000000000000000000000000000000000000000000000000000000000000000000000000000000000000000000000000000000000000000000000000000000000000000000000000000 
	Parameter INITP_0F bound to: 256'b0000000000000000000000000000000000000000000000000000000000000000000000000000000000000000000000000000000000000000000000000000000000000000000000000000000000000000000000000000000000000000000000000000000000000000000000000000000000000000000000000000000000000000 
	Parameter INIT_00 bound to: 256'b0100001100001110000001000010000000000101000100000000001100010000000000101110000000000001111100000010000000001100000000101111000000000001111000001010000000001010110011101111000000011000000100001001111100000010100111100000000100100000000000011000000000000001 
	Parameter INIT_01 bound to: 256'b0000000000000000000000000000000010010000000000011101011100000011000001110001000000100000000111000000011101100000101000000001101111000110000100000000011001010000000110000100000010000101001100000000011001000000010000110000111001000100000011100100001100001110 
	Parameter INIT_02 bound to: 256'b0000000000000000000000000000000000000000000000000000000000000000000000000000000000000000000000000000000000000000000000000000000000000000000000000000000000000000000000000000000000000000000000000000000000000000000000000000000000000000000000000000000000000000 
	Parameter INIT_03 bound to: 256'b0000000000000000000000000000000000000000000000000000000000000000000000000000000000000000000000000000000000000000000000000000000000000000000000000000000000000000000000000000000000000000000000000000000000000000000000000000000000000000000000000000000000000000 
	Parameter INIT_04 bound to: 256'b0000000000000000000000000000000000000000000000000000000000000000000000000000000000000000000000000000000000000000000000000000000000000000000000000000000000000000000000000000000000000000000000000000000000000000000000000000000000000000000000000000000000000000 
	Parameter INIT_05 bound to: 256'b0000000000000000000000000000000000000000000000000000000000000000000000000000000000000000000000000000000000000000000000000000000000000000000000000000000000000000000000000000000000000000000000000000000000000000000000000000000000000000000000000000000000000000 
	Parameter INIT_06 bound to: 256'b0000000000000000000000000000000000000000000000000000000000000000000000000000000000000000000000000000000000000000000000000000000000000000000000000000000000000000000000000000000000000000000000000000000000000000000000000000000000000000000000000000000000000000 
	Parameter INIT_07 bound to: 256'b0000000000000000000000000000000000000000000000000000000000000000000000000000000000000000000000000000000000000000000000000000000000000000000000000000000000000000000000000000000000000000000000000000000000000000000000000000000000000000000000000000000000000000 
	Parameter INIT_08 bound to: 256'b0000000000000000000000000000000000000000000000000000000000000000000000000000000000000000000000000000000000000000000000000000000000000000000000000000000000000000000000000000000000000000000000000000000000000000000000000000000000000000000000000000000000000000 
	Parameter INIT_09 bound to: 256'b0000000000000000000000000000000000000000000000000000000000000000000000000000000000000000000000000000000000000000000000000000000000000000000000000000000000000000000000000000000000000000000000000000000000000000000000000000000000000000000000000000000000000000 
	Parameter INIT_0A bound to: 256'b0000000000000000000000000000000000000000000000000000000000000000000000000000000000000000000000000000000000000000000000000000000000000000000000000000000000000000000000000000000000000000000000000000000000000000000000000000000000000000000000000000000000000000 
	Parameter INIT_0B bound to: 256'b0000000000000000000000000000000000000000000000000000000000000000000000000000000000000000000000000000000000000000000000000000000000000000000000000000000000000000000000000000000000000000000000000000000000000000000000000000000000000000000000000000000000000000 
	Parameter INIT_0C bound to: 256'b0000000000000000000000000000000000000000000000000000000000000000000000000000000000000000000000000000000000000000000000000000000000000000000000000000000000000000000000000000000000000000000000000000000000000000000000000000000000000000000000000000000000000000 
	Parameter INIT_0D bound to: 256'b0000000000000000000000000000000000000000000000000000000000000000000000000000000000000000000000000000000000000000000000000000000000000000000000000000000000000000000000000000000000000000000000000000000000000000000000000000000000000000000000000000000000000000 
	Parameter INIT_0E bound to: 256'b0000000000000000000000000000000000000000000000000000000000000000000000000000000000000000000000000000000000000000000000000000000000000000000000000000000000000000000000000000000000000000000000000000000000000000000000000000000000000000000000000000000000000000 
	Parameter INIT_0F bound to: 256'b0000000000000000000000000000000000000000000000000000000000000000000000000000000000000000000000000000000000000000000000000000000000000000000000000000000000000000000000000000000000000000000000000000000000000000000000000000000000000000000000000000000000000000 
	Parameter INIT_10 bound to: 256'b0000000000000000000000000000000000000000000000000000000000000000000000000000000000000000000000000000000000000000000000000000000000000000000000000000000000000000000000000000000000000000000000000000000000000000000000000000000000000000000000000000000000000000 
	Parameter INIT_11 bound to: 256'b0000000000000000000000000000000000000000000000000000000000000000000000000000000000000000000000000000000000000000000000000000000000000000000000000000000000000000000000000000000000000000000000000000000000000000000000000000000000000000000000000000000000000000 
	Parameter INIT_12 bound to: 256'b0000000000000000000000000000000000000000000000000000000000000000000000000000000000000000000000000000000000000000000000000000000000000000000000000000000000000000000000000000000000000000000000000000000000000000000000000000000000000000000000000000000000000000 
	Parameter INIT_13 bound to: 256'b0000000000000000000000000000000000000000000000000000000000000000000000000000000000000000000000000000000000000000000000000000000000000000000000000000000000000000000000000000000000000000000000000000000000000000000000000000000000000000000000000000000000000000 
	Parameter INIT_14 bound to: 256'b0000000000000000000000000000000000000000000000000000000000000000000000000000000000000000000000000000000000000000000000000000000000000000000000000000000000000000000000000000000000000000000000000000000000000000000000000000000000000000000000000000000000000000 
	Parameter INIT_15 bound to: 256'b0000000000000000000000000000000000000000000000000000000000000000000000000000000000000000000000000000000000000000000000000000000000000000000000000000000000000000000000000000000000000000000000000000000000000000000000000000000000000000000000000000000000000000 
	Parameter INIT_16 bound to: 256'b0000000000000000000000000000000000000000000000000000000000000000000000000000000000000000000000000000000000000000000000000000000000000000000000000000000000000000000000000000000000000000000000000000000000000000000000000000000000000000000000000000000000000000 
	Parameter INIT_17 bound to: 256'b0000000000000000000000000000000000000000000000000000000000000000000000000000000000000000000000000000000000000000000000000000000000000000000000000000000000000000000000000000000000000000000000000000000000000000000000000000000000000000000000000000000000000000 
	Parameter INIT_18 bound to: 256'b0000000000000000000000000000000000000000000000000000000000000000000000000000000000000000000000000000000000000000000000000000000000000000000000000000000000000000000000000000000000000000000000000000000000000000000000000000000000000000000000000000000000000000 
	Parameter INIT_19 bound to: 256'b0000000000000000000000000000000000000000000000000000000000000000000000000000000000000000000000000000000000000000000000000000000000000000000000000000000000000000000000000000000000000000000000000000000000000000000000000000000000000000000000000000000000000000 
	Parameter INIT_1A bound to: 256'b0000000000000000000000000000000000000000000000000000000000000000000000000000000000000000000000000000000000000000000000000000000000000000000000000000000000000000000000000000000000000000000000000000000000000000000000000000000000000000000000000000000000000000 
	Parameter INIT_1B bound to: 256'b0000000000000000000000000000000000000000000000000000000000000000000000000000000000000000000000000000000000000000000000000000000000000000000000000000000000000000000000000000000000000000000000000000000000000000000000000000000000000000000000000000000000000000 
	Parameter INIT_1C bound to: 256'b0000000000000000000000000000000000000000000000000000000000000000000000000000000000000000000000000000000000000000000000000000000000000000000000000000000000000000000000000000000000000000000000000000000000000000000000000000000000000000000000000000000000000000 
	Parameter INIT_1D bound to: 256'b0000000000000000000000000000000000000000000000000000000000000000000000000000000000000000000000000000000000000000000000000000000000000000000000000000000000000000000000000000000000000000000000000000000000000000000000000000000000000000000000000000000000000000 
	Parameter INIT_1E bound to: 256'b0000000000000000000000000000000000000000000000000000000000000000000000000000000000000000000000000000000000000000000000000000000000000000000000000000000000000000000000000000000000000000000000000000000000000000000000000000000000000000000000000000000000000000 
	Parameter INIT_1F bound to: 256'b0000000000000000000000000000000000000000000000000000000000000000000000000000000000000000000000000000000000000000000000000000000000000000000000000000000000000000000000000000000000000000000000000000000000000000000000000000000000000000000000000000000000000000 
	Parameter INIT_20 bound to: 256'b0000000000000000000000000000000000000000000000000000000000000000000000000000000000000000000000000000000000000000000000000000000000000000000000000000000000000000000000000000000000000000000000000000000000000000000000000000000000000000000000000000000000000000 
	Parameter INIT_21 bound to: 256'b0000000000000000000000000000000000000000000000000000000000000000000000000000000000000000000000000000000000000000000000000000000000000000000000000000000000000000000000000000000000000000000000000000000000000000000000000000000000000000000000000000000000000000 
	Parameter INIT_22 bound to: 256'b0000000000000000000000000000000000000000000000000000000000000000000000000000000000000000000000000000000000000000000000000000000000000000000000000000000000000000000000000000000000000000000000000000000000000000000000000000000000000000000000000000000000000000 
	Parameter INIT_23 bound to: 256'b0000000000000000000000000000000000000000000000000000000000000000000000000000000000000000000000000000000000000000000000000000000000000000000000000000000000000000000000000000000000000000000000000000000000000000000000000000000000000000000000000000000000000000 
	Parameter INIT_24 bound to: 256'b0000000000000000000000000000000000000000000000000000000000000000000000000000000000000000000000000000000000000000000000000000000000000000000000000000000000000000000000000000000000000000000000000000000000000000000000000000000000000000000000000000000000000000 
	Parameter INIT_25 bound to: 256'b0000000000000000000000000000000000000000000000000000000000000000000000000000000000000000000000000000000000000000000000000000000000000000000000000000000000000000000000000000000000000000000000000000000000000000000000000000000000000000000000000000000000000000 
	Parameter INIT_26 bound to: 256'b0000000000000000000000000000000000000000000000000000000000000000000000000000000000000000000000000000000000000000000000000000000000000000000000000000000000000000000000000000000000000000000000000000000000000000000000000000000000000000000000000000000000000000 
	Parameter INIT_27 bound to: 256'b0000000000000000000000000000000000000000000000000000000000000000000000000000000000000000000000000000000000000000000000000000000000000000000000000000000000000000000000000000000000000000000000000000000000000000000000000000000000000000000000000000000000000000 
	Parameter INIT_28 bound to: 256'b0000000000000000000000000000000000000000000000000000000000000000000000000000000000000000000000000000000000000000000000000000000000000000000000000000000000000000000000000000000000000000000000000000000000000000000000000000000000000000000000000000000000000000 
	Parameter INIT_29 bound to: 256'b0000000000000000000000000000000000000000000000000000000000000000000000000000000000000000000000000000000000000000000000000000000000000000000000000000000000000000000000000000000000000000000000000000000000000000000000000000000000000000000000000000000000000000 
	Parameter INIT_2A bound to: 256'b0000000000000000000000000000000000000000000000000000000000000000000000000000000000000000000000000000000000000000000000000000000000000000000000000000000000000000000000000000000000000000000000000000000000000000000000000000000000000000000000000000000000000000 
	Parameter INIT_2B bound to: 256'b0000000000000000000000000000000000000000000000000000000000000000000000000000000000000000000000000000000000000000000000000000000000000000000000000000000000000000000000000000000000000000000000000000000000000000000000000000000000000000000000000000000000000000 
	Parameter INIT_2C bound to: 256'b0000000000000000000000000000000000000000000000000000000000000000000000000000000000000000000000000000000000000000000000000000000000000000000000000000000000000000000000000000000000000000000000000000000000000000000000000000000000000000000000000000000000000000 
	Parameter INIT_2D bound to: 256'b0000000000000000000000000000000000000000000000000000000000000000000000000000000000000000000000000000000000000000000000000000000000000000000000000000000000000000000000000000000000000000000000000000000000000000000000000000000000000000000000000000000000000000 
	Parameter INIT_2E bound to: 256'b0000000000000000000000000000000000000000000000000000000000000000000000000000000000000000000000000000000000000000000000000000000000000000000000000000000000000000000000000000000000000000000000000000000000000000000000000000000000000000000000000000000000000000 
	Parameter INIT_2F bound to: 256'b0000000000000000000000000000000000000000000000000000000000000000000000000000000000000000000000000000000000000000000000000000000000000000000000000000000000000000000000000000000000000000000000000000000000000000000000000000000000000000000000000000000000000000 
	Parameter INIT_30 bound to: 256'b0000000000000000000000000000000000000000000000000000000000000000000000000000000000000000000000000000000000000000000000000000000000000000000000000000000000000000000000000000000000000000000000000000000000000000000000000000000000000000000000000000000000000000 
	Parameter INIT_31 bound to: 256'b0000000000000000000000000000000000000000000000000000000000000000000000000000000000000000000000000000000000000000000000000000000000000000000000000000000000000000000000000000000000000000000000000000000000000000000000000000000000000000000000000000000000000000 
	Parameter INIT_32 bound to: 256'b0000000000000000000000000000000000000000000000000000000000000000000000000000000000000000000000000000000000000000000000000000000000000000000000000000000000000000000000000000000000000000000000000000000000000000000000000000000000000000000000000000000000000000 
	Parameter INIT_33 bound to: 256'b0000000000000000000000000000000000000000000000000000000000000000000000000000000000000000000000000000000000000000000000000000000000000000000000000000000000000000000000000000000000000000000000000000000000000000000000000000000000000000000000000000000000000000 
	Parameter INIT_34 bound to: 256'b0000000000000000000000000000000000000000000000000000000000000000000000000000000000000000000000000000000000000000000000000000000000000000000000000000000000000000000000000000000000000000000000000000000000000000000000000000000000000000000000000000000000000000 
	Parameter INIT_35 bound to: 256'b0000000000000000000000000000000000000000000000000000000000000000000000000000000000000000000000000000000000000000000000000000000000000000000000000000000000000000000000000000000000000000000000000000000000000000000000000000000000000000000000000000000000000000 
	Parameter INIT_36 bound to: 256'b0000000000000000000000000000000000000000000000000000000000000000000000000000000000000000000000000000000000000000000000000000000000000000000000000000000000000000000000000000000000000000000000000000000000000000000000000000000000000000000000000000000000000000 
	Parameter INIT_37 bound to: 256'b0000000000000000000000000000000000000000000000000000000000000000000000000000000000000000000000000000000000000000000000000000000000000000000000000000000000000000000000000000000000000000000000000000000000000000000000000000000000000000000000000000000000000000 
	Parameter INIT_38 bound to: 256'b0000000000000000000000000000000000000000000000000000000000000000000000000000000000000000000000000000000000000000000000000000000000000000000000000000000000000000000000000000000000000000000000000000000000000000000000000000000000000000000000000000000000000000 
	Parameter INIT_39 bound to: 256'b0000000000000000000000000000000000000000000000000000000000000000000000000000000000000000000000000000000000000000000000000000000000000000000000000000000000000000000000000000000000000000000000000000000000000000000000000000000000000000000000000000000000000000 
	Parameter INIT_3A bound to: 256'b0000000000000000000000000000000000000000000000000000000000000000000000000000000000000000000000000000000000000000000000000000000000000000000000000000000000000000000000000000000000000000000000000000000000000000000000000000000000000000000000000000000000000000 
	Parameter INIT_3B bound to: 256'b0000000000000000000000000000000000000000000000000000000000000000000000000000000000000000000000000000000000000000000000000000000000000000000000000000000000000000000000000000000000000000000000000000000000000000000000000000000000000000000000000000000000000000 
	Parameter INIT_3C bound to: 256'b0000000000000000000000000000000000000000000000000000000000000000000000000000000000000000000000000000000000000000000000000000000000000000000000000000000000000000000000000000000000000000000000000000000000000000000000000000000000000000000000000000000000000000 
	Parameter INIT_3D bound to: 256'b0000000000000000000000000000000000000000000000000000000000000000000000000000000000000000000000000000000000000000000000000000000000000000000000000000000000000000000000000000000000000000000000000000000000000000000000000000000000000000000000000000000000000000 
	Parameter INIT_3E bound to: 256'b0000000000000000000000000000000000000000000000000000000000000000000000000000000000000000000000000000000000000000000000000000000000000000000000000000000000000000000000000000000000000000000000000000000000000000000000000000000000000000000000000000000000000000 
	Parameter INIT_3F bound to: 256'b0010000000000010000000000000000000000000000000000000000000000000000000000000000000000000000000000000000000000000000000000000000000000000000000000000000000000000000000000000000000000000000000000000000000000000000000000000000000000000000000000000000000000000 
	Parameter INIT_40 bound to: 256'b0000000000000000000000000000000000000000000000000000000000000000000000000000000000000000000000000000000000000000000000000000000000000000000000000000000000000000000000000000000000000000000000000000000000000000000000000000000000000000000000000000000000000000 
	Parameter INIT_41 bound to: 256'b0000000000000000000000000000000000000000000000000000000000000000000000000000000000000000000000000000000000000000000000000000000000000000000000000000000000000000000000000000000000000000000000000000000000000000000000000000000000000000000000000000000000000000 
	Parameter INIT_42 bound to: 256'b0000000000000000000000000000000000000000000000000000000000000000000000000000000000000000000000000000000000000000000000000000000000000000000000000000000000000000000000000000000000000000000000000000000000000000000000000000000000000000000000000000000000000000 
	Parameter INIT_43 bound to: 256'b0000000000000000000000000000000000000000000000000000000000000000000000000000000000000000000000000000000000000000000000000000000000000000000000000000000000000000000000000000000000000000000000000000000000000000000000000000000000000000000000000000000000000000 
	Parameter INIT_44 bound to: 256'b0000000000000000000000000000000000000000000000000000000000000000000000000000000000000000000000000000000000000000000000000000000000000000000000000000000000000000000000000000000000000000000000000000000000000000000000000000000000000000000000000000000000000000 
	Parameter INIT_45 bound to: 256'b0000000000000000000000000000000000000000000000000000000000000000000000000000000000000000000000000000000000000000000000000000000000000000000000000000000000000000000000000000000000000000000000000000000000000000000000000000000000000000000000000000000000000000 
	Parameter INIT_46 bound to: 256'b0000000000000000000000000000000000000000000000000000000000000000000000000000000000000000000000000000000000000000000000000000000000000000000000000000000000000000000000000000000000000000000000000000000000000000000000000000000000000000000000000000000000000000 
	Parameter INIT_47 bound to: 256'b0000000000000000000000000000000000000000000000000000000000000000000000000000000000000000000000000000000000000000000000000000000000000000000000000000000000000000000000000000000000000000000000000000000000000000000000000000000000000000000000000000000000000000 
	Parameter INIT_48 bound to: 256'b0000000000000000000000000000000000000000000000000000000000000000000000000000000000000000000000000000000000000000000000000000000000000000000000000000000000000000000000000000000000000000000000000000000000000000000000000000000000000000000000000000000000000000 
	Parameter INIT_49 bound to: 256'b0000000000000000000000000000000000000000000000000000000000000000000000000000000000000000000000000000000000000000000000000000000000000000000000000000000000000000000000000000000000000000000000000000000000000000000000000000000000000000000000000000000000000000 
	Parameter INIT_4A bound to: 256'b0000000000000000000000000000000000000000000000000000000000000000000000000000000000000000000000000000000000000000000000000000000000000000000000000000000000000000000000000000000000000000000000000000000000000000000000000000000000000000000000000000000000000000 
	Parameter INIT_4B bound to: 256'b0000000000000000000000000000000000000000000000000000000000000000000000000000000000000000000000000000000000000000000000000000000000000000000000000000000000000000000000000000000000000000000000000000000000000000000000000000000000000000000000000000000000000000 
	Parameter INIT_4C bound to: 256'b0000000000000000000000000000000000000000000000000000000000000000000000000000000000000000000000000000000000000000000000000000000000000000000000000000000000000000000000000000000000000000000000000000000000000000000000000000000000000000000000000000000000000000 
	Parameter INIT_4D bound to: 256'b0000000000000000000000000000000000000000000000000000000000000000000000000000000000000000000000000000000000000000000000000000000000000000000000000000000000000000000000000000000000000000000000000000000000000000000000000000000000000000000000000000000000000000 
	Parameter INIT_4E bound to: 256'b0000000000000000000000000000000000000000000000000000000000000000000000000000000000000000000000000000000000000000000000000000000000000000000000000000000000000000000000000000000000000000000000000000000000000000000000000000000000000000000000000000000000000000 
	Parameter INIT_4F bound to: 256'b0000000000000000000000000000000000000000000000000000000000000000000000000000000000000000000000000000000000000000000000000000000000000000000000000000000000000000000000000000000000000000000000000000000000000000000000000000000000000000000000000000000000000000 
	Parameter INIT_50 bound to: 256'b0000000000000000000000000000000000000000000000000000000000000000000000000000000000000000000000000000000000000000000000000000000000000000000000000000000000000000000000000000000000000000000000000000000000000000000000000000000000000000000000000000000000000000 
	Parameter INIT_51 bound to: 256'b0000000000000000000000000000000000000000000000000000000000000000000000000000000000000000000000000000000000000000000000000000000000000000000000000000000000000000000000000000000000000000000000000000000000000000000000000000000000000000000000000000000000000000 
	Parameter INIT_52 bound to: 256'b0000000000000000000000000000000000000000000000000000000000000000000000000000000000000000000000000000000000000000000000000000000000000000000000000000000000000000000000000000000000000000000000000000000000000000000000000000000000000000000000000000000000000000 
	Parameter INIT_53 bound to: 256'b0000000000000000000000000000000000000000000000000000000000000000000000000000000000000000000000000000000000000000000000000000000000000000000000000000000000000000000000000000000000000000000000000000000000000000000000000000000000000000000000000000000000000000 
	Parameter INIT_54 bound to: 256'b0000000000000000000000000000000000000000000000000000000000000000000000000000000000000000000000000000000000000000000000000000000000000000000000000000000000000000000000000000000000000000000000000000000000000000000000000000000000000000000000000000000000000000 
	Parameter INIT_55 bound to: 256'b0000000000000000000000000000000000000000000000000000000000000000000000000000000000000000000000000000000000000000000000000000000000000000000000000000000000000000000000000000000000000000000000000000000000000000000000000000000000000000000000000000000000000000 
	Parameter INIT_56 bound to: 256'b0000000000000000000000000000000000000000000000000000000000000000000000000000000000000000000000000000000000000000000000000000000000000000000000000000000000000000000000000000000000000000000000000000000000000000000000000000000000000000000000000000000000000000 
	Parameter INIT_57 bound to: 256'b0000000000000000000000000000000000000000000000000000000000000000000000000000000000000000000000000000000000000000000000000000000000000000000000000000000000000000000000000000000000000000000000000000000000000000000000000000000000000000000000000000000000000000 
	Parameter INIT_58 bound to: 256'b0000000000000000000000000000000000000000000000000000000000000000000000000000000000000000000000000000000000000000000000000000000000000000000000000000000000000000000000000000000000000000000000000000000000000000000000000000000000000000000000000000000000000000 
	Parameter INIT_59 bound to: 256'b0000000000000000000000000000000000000000000000000000000000000000000000000000000000000000000000000000000000000000000000000000000000000000000000000000000000000000000000000000000000000000000000000000000000000000000000000000000000000000000000000000000000000000 
	Parameter INIT_5A bound to: 256'b0000000000000000000000000000000000000000000000000000000000000000000000000000000000000000000000000000000000000000000000000000000000000000000000000000000000000000000000000000000000000000000000000000000000000000000000000000000000000000000000000000000000000000 
	Parameter INIT_5B bound to: 256'b0000000000000000000000000000000000000000000000000000000000000000000000000000000000000000000000000000000000000000000000000000000000000000000000000000000000000000000000000000000000000000000000000000000000000000000000000000000000000000000000000000000000000000 
	Parameter INIT_5C bound to: 256'b0000000000000000000000000000000000000000000000000000000000000000000000000000000000000000000000000000000000000000000000000000000000000000000000000000000000000000000000000000000000000000000000000000000000000000000000000000000000000000000000000000000000000000 
	Parameter INIT_5D bound to: 256'b0000000000000000000000000000000000000000000000000000000000000000000000000000000000000000000000000000000000000000000000000000000000000000000000000000000000000000000000000000000000000000000000000000000000000000000000000000000000000000000000000000000000000000 
	Parameter INIT_5E bound to: 256'b0000000000000000000000000000000000000000000000000000000000000000000000000000000000000000000000000000000000000000000000000000000000000000000000000000000000000000000000000000000000000000000000000000000000000000000000000000000000000000000000000000000000000000 
	Parameter INIT_5F bound to: 256'b0000000000000000000000000000000000000000000000000000000000000000000000000000000000000000000000000000000000000000000000000000000000000000000000000000000000000000000000000000000000000000000000000000000000000000000000000000000000000000000000000000000000000000 
	Parameter INIT_60 bound to: 256'b0000000000000000000000000000000000000000000000000000000000000000000000000000000000000000000000000000000000000000000000000000000000000000000000000000000000000000000000000000000000000000000000000000000000000000000000000000000000000000000000000000000000000000 
	Parameter INIT_61 bound to: 256'b0000000000000000000000000000000000000000000000000000000000000000000000000000000000000000000000000000000000000000000000000000000000000000000000000000000000000000000000000000000000000000000000000000000000000000000000000000000000000000000000000000000000000000 
	Parameter INIT_62 bound to: 256'b0000000000000000000000000000000000000000000000000000000000000000000000000000000000000000000000000000000000000000000000000000000000000000000000000000000000000000000000000000000000000000000000000000000000000000000000000000000000000000000000000000000000000000 
	Parameter INIT_63 bound to: 256'b0000000000000000000000000000000000000000000000000000000000000000000000000000000000000000000000000000000000000000000000000000000000000000000000000000000000000000000000000000000000000000000000000000000000000000000000000000000000000000000000000000000000000000 
	Parameter INIT_64 bound to: 256'b0000000000000000000000000000000000000000000000000000000000000000000000000000000000000000000000000000000000000000000000000000000000000000000000000000000000000000000000000000000000000000000000000000000000000000000000000000000000000000000000000000000000000000 
	Parameter INIT_65 bound to: 256'b0000000000000000000000000000000000000000000000000000000000000000000000000000000000000000000000000000000000000000000000000000000000000000000000000000000000000000000000000000000000000000000000000000000000000000000000000000000000000000000000000000000000000000 
	Parameter INIT_66 bound to: 256'b0000000000000000000000000000000000000000000000000000000000000000000000000000000000000000000000000000000000000000000000000000000000000000000000000000000000000000000000000000000000000000000000000000000000000000000000000000000000000000000000000000000000000000 
	Parameter INIT_67 bound to: 256'b0000000000000000000000000000000000000000000000000000000000000000000000000000000000000000000000000000000000000000000000000000000000000000000000000000000000000000000000000000000000000000000000000000000000000000000000000000000000000000000000000000000000000000 
	Parameter INIT_68 bound to: 256'b0000000000000000000000000000000000000000000000000000000000000000000000000000000000000000000000000000000000000000000000000000000000000000000000000000000000000000000000000000000000000000000000000000000000000000000000000000000000000000000000000000000000000000 
	Parameter INIT_69 bound to: 256'b0000000000000000000000000000000000000000000000000000000000000000000000000000000000000000000000000000000000000000000000000000000000000000000000000000000000000000000000000000000000000000000000000000000000000000000000000000000000000000000000000000000000000000 
	Parameter INIT_6A bound to: 256'b0000000000000000000000000000000000000000000000000000000000000000000000000000000000000000000000000000000000000000000000000000000000000000000000000000000000000000000000000000000000000000000000000000000000000000000000000000000000000000000000000000000000000000 
	Parameter INIT_6B bound to: 256'b0000000000000000000000000000000000000000000000000000000000000000000000000000000000000000000000000000000000000000000000000000000000000000000000000000000000000000000000000000000000000000000000000000000000000000000000000000000000000000000000000000000000000000 
	Parameter INIT_6C bound to: 256'b0000000000000000000000000000000000000000000000000000000000000000000000000000000000000000000000000000000000000000000000000000000000000000000000000000000000000000000000000000000000000000000000000000000000000000000000000000000000000000000000000000000000000000 
	Parameter INIT_6D bound to: 256'b0000000000000000000000000000000000000000000000000000000000000000000000000000000000000000000000000000000000000000000000000000000000000000000000000000000000000000000000000000000000000000000000000000000000000000000000000000000000000000000000000000000000000000 
	Parameter INIT_6E bound to: 256'b0000000000000000000000000000000000000000000000000000000000000000000000000000000000000000000000000000000000000000000000000000000000000000000000000000000000000000000000000000000000000000000000000000000000000000000000000000000000000000000000000000000000000000 
	Parameter INIT_6F bound to: 256'b0000000000000000000000000000000000000000000000000000000000000000000000000000000000000000000000000000000000000000000000000000000000000000000000000000000000000000000000000000000000000000000000000000000000000000000000000000000000000000000000000000000000000000 
	Parameter INIT_70 bound to: 256'b0000000000000000000000000000000000000000000000000000000000000000000000000000000000000000000000000000000000000000000000000000000000000000000000000000000000000000000000000000000000000000000000000000000000000000000000000000000000000000000000000000000000000000 
	Parameter INIT_71 bound to: 256'b0000000000000000000000000000000000000000000000000000000000000000000000000000000000000000000000000000000000000000000000000000000000000000000000000000000000000000000000000000000000000000000000000000000000000000000000000000000000000000000000000000000000000000 
	Parameter INIT_72 bound to: 256'b0000000000000000000000000000000000000000000000000000000000000000000000000000000000000000000000000000000000000000000000000000000000000000000000000000000000000000000000000000000000000000000000000000000000000000000000000000000000000000000000000000000000000000 
	Parameter INIT_73 bound to: 256'b0000000000000000000000000000000000000000000000000000000000000000000000000000000000000000000000000000000000000000000000000000000000000000000000000000000000000000000000000000000000000000000000000000000000000000000000000000000000000000000000000000000000000000 
	Parameter INIT_74 bound to: 256'b0000000000000000000000000000000000000000000000000000000000000000000000000000000000000000000000000000000000000000000000000000000000000000000000000000000000000000000000000000000000000000000000000000000000000000000000000000000000000000000000000000000000000000 
	Parameter INIT_75 bound to: 256'b0000000000000000000000000000000000000000000000000000000000000000000000000000000000000000000000000000000000000000000000000000000000000000000000000000000000000000000000000000000000000000000000000000000000000000000000000000000000000000000000000000000000000000 
	Parameter INIT_76 bound to: 256'b0000000000000000000000000000000000000000000000000000000000000000000000000000000000000000000000000000000000000000000000000000000000000000000000000000000000000000000000000000000000000000000000000000000000000000000000000000000000000000000000000000000000000000 
	Parameter INIT_77 bound to: 256'b0000000000000000000000000000000000000000000000000000000000000000000000000000000000000000000000000000000000000000000000000000000000000000000000000000000000000000000000000000000000000000000000000000000000000000000000000000000000000000000000000000000000000000 
	Parameter INIT_78 bound to: 256'b0000000000000000000000000000000000000000000000000000000000000000000000000000000000000000000000000000000000000000000000000000000000000000000000000000000000000000000000000000000000000000000000000000000000000000000000000000000000000000000000000000000000000000 
	Parameter INIT_79 bound to: 256'b0000000000000000000000000000000000000000000000000000000000000000000000000000000000000000000000000000000000000000000000000000000000000000000000000000000000000000000000000000000000000000000000000000000000000000000000000000000000000000000000000000000000000000 
	Parameter INIT_7A bound to: 256'b0000000000000000000000000000000000000000000000000000000000000000000000000000000000000000000000000000000000000000000000000000000000000000000000000000000000000000000000000000000000000000000000000000000000000000000000000000000000000000000000000000000000000000 
	Parameter INIT_7B bound to: 256'b0000000000000000000000000000000000000000000000000000000000000000000000000000000000000000000000000000000000000000000000000000000000000000000000000000000000000000000000000000000000000000000000000000000000000000000000000000000000000000000000000000000000000000 
	Parameter INIT_7C bound to: 256'b0000000000000000000000000000000000000000000000000000000000000000000000000000000000000000000000000000000000000000000000000000000000000000000000000000000000000000000000000000000000000000000000000000000000000000000000000000000000000000000000000000000000000000 
	Parameter INIT_7D bound to: 256'b0000000000000000000000000000000000000000000000000000000000000000000000000000000000000000000000000000000000000000000000000000000000000000000000000000000000000000000000000000000000000000000000000000000000000000000000000000000000000000000000000000000000000000 
	Parameter INIT_7E bound to: 256'b0000000000000000000000000000000000000000000000000000000000000000000000000000000000000000000000000000000000000000000000000000000000000000000000000000000000000000000000000000000000000000000000000000000000000000000000000000000000000000000000000000000000000000 
	Parameter INIT_7F bound to: 256'b0000000000000000000000000000000000000000000000000000000000000000000000000000000000000000000000000000000000000000000000000000000000000000000000000000000000000000000000000000000000000000000000000000000000000000000000000000000000000000000000000000000000000000 
	Parameter INIT_A bound to: 36'b000000000000000000000000000000000000 
	Parameter INIT_B bound to: 36'b000000000000000000000000000000000000 
	Parameter INIT_FILE bound to: NONE - type: string 
	Parameter RAM_EXTENSION_A bound to: NONE - type: string 
	Parameter RAM_EXTENSION_B bound to: NONE - type: string 
	Parameter RAM_MODE bound to: TDP - type: string 
	Parameter RDADDR_COLLISION_HWCONFIG bound to: DELAYED_WRITE - type: string 
	Parameter READ_WIDTH_A bound to: 18 - type: integer 
	Parameter READ_WIDTH_B bound to: 18 - type: integer 
	Parameter RSTREG_PRIORITY_A bound to: REGCE - type: string 
	Parameter RSTREG_PRIORITY_B bound to: REGCE - type: string 
	Parameter SIM_COLLISION_CHECK bound to: ALL - type: string 
	Parameter SIM_DEVICE bound to: 7SERIES - type: string 
	Parameter SRVAL_A bound to: 36'b000000000000000000000000000000000000 
	Parameter SRVAL_B bound to: 36'b000000000000000000000000000000000000 
	Parameter WRITE_MODE_A bound to: WRITE_FIRST - type: string 
	Parameter WRITE_MODE_B bound to: WRITE_FIRST - type: string 
	Parameter WRITE_WIDTH_A bound to: 18 - type: integer 
	Parameter WRITE_WIDTH_B bound to: 18 - type: integer 
	Parameter C_JTAG_LOADER_ENABLE bound to: 1 - type: integer 
	Parameter C_FAMILY bound to: 7S - type: string 
	Parameter C_NUM_PICOBLAZE bound to: 1 - type: integer 
	Parameter C_BRAM_MAX_ADDR_WIDTH bound to: 11 - type: integer 
	Parameter C_ADDR_WIDTH_0 bound to: 11 - type: integer 
INFO: [Synth 8-3491] module 'jtag_loader_6' declared at 'C:/Users/andre/Downloads/ped2_exp3_datasheet/hipo_calc.vhd:2956' bound to instance 'jtag_loader_6_inst' of component 'jtag_loader_6' [C:/Users/andre/Downloads/ped2_exp3_datasheet/hipo_calc.vhd:2911]
INFO: [Synth 8-638] synthesizing module 'jtag_loader_6' [C:/Users/andre/Downloads/ped2_exp3_datasheet/hipo_calc.vhd:2987]
	Parameter C_JTAG_LOADER_ENABLE bound to: 1 - type: integer 
	Parameter C_FAMILY bound to: 7S - type: string 
	Parameter C_NUM_PICOBLAZE bound to: 1 - type: integer 
	Parameter C_BRAM_MAX_ADDR_WIDTH bound to: 11 - type: integer 
	Parameter C_PICOBLAZE_INSTRUCTION_DATA_WIDTH bound to: 18 - type: integer 
	Parameter C_JTAG_CHAIN bound to: 2 - type: integer 
	Parameter C_ADDR_WIDTH_0 bound to: 11 - type: integer 
	Parameter C_ADDR_WIDTH_1 bound to: 10 - type: integer 
	Parameter C_ADDR_WIDTH_2 bound to: 10 - type: integer 
	Parameter C_ADDR_WIDTH_3 bound to: 10 - type: integer 
	Parameter C_ADDR_WIDTH_4 bound to: 10 - type: integer 
	Parameter C_ADDR_WIDTH_5 bound to: 10 - type: integer 
	Parameter C_ADDR_WIDTH_6 bound to: 10 - type: integer 
	Parameter C_ADDR_WIDTH_7 bound to: 10 - type: integer 
	Parameter DISABLE_JTAG bound to: FALSE - type: string 
	Parameter JTAG_CHAIN bound to: 2 - type: integer 
INFO: [Synth 8-256] done synthesizing module 'jtag_loader_6' (0#1) [C:/Users/andre/Downloads/ped2_exp3_datasheet/hipo_calc.vhd:2987]
INFO: [Synth 8-256] done synthesizing module 'hipo_calc' (0#1) [C:/Users/andre/Downloads/ped2_exp3_datasheet/hipo_calc.vhd:143]
INFO: [Synth 8-3491] module 'driver_bcd7' declared at 'C:/Users/andre/Downloads/ped2_exp3_datasheet/ped2_exp3/ped2_exp3.srcs/sources_1/new/DriverBCD7.vhd:34' bound to instance 'Driver' of component 'driver_bcd7' [C:/Users/andre/Downloads/ped2_exp3_datasheet/ped2_exp3/ped2_exp3.srcs/sources_1/new/top_module.vhd:190]
INFO: [Synth 8-638] synthesizing module 'driver_bcd7' [C:/Users/andre/Downloads/ped2_exp3_datasheet/ped2_exp3/ped2_exp3.srcs/sources_1/new/DriverBCD7.vhd:40]
INFO: [Synth 8-226] default block is never used [C:/Users/andre/Downloads/ped2_exp3_datasheet/ped2_exp3/ped2_exp3.srcs/sources_1/new/DriverBCD7.vhd:44]
INFO: [Synth 8-226] default block is never used [C:/Users/andre/Downloads/ped2_exp3_datasheet/ped2_exp3/ped2_exp3.srcs/sources_1/new/DriverBCD7.vhd:62]
INFO: [Synth 8-256] done synthesizing module 'driver_bcd7' (0#1) [C:/Users/andre/Downloads/ped2_exp3_datasheet/ped2_exp3/ped2_exp3.srcs/sources_1/new/DriverBCD7.vhd:40]
INFO: [Synth 8-3491] module 'Clock05' declared at 'C:/Users/andre/Downloads/ped2_exp3_datasheet/ped2_exp3/ped2_exp3.srcs/sources_1/new/Divisor_clk.vhd:30' bound to instance 'clock30' of component 'Clock05' [C:/Users/andre/Downloads/ped2_exp3_datasheet/ped2_exp3/ped2_exp3.srcs/sources_1/new/top_module.vhd:193]
INFO: [Synth 8-638] synthesizing module 'Clock05' [C:/Users/andre/Downloads/ped2_exp3_datasheet/ped2_exp3/ped2_exp3.srcs/sources_1/new/Divisor_clk.vhd:36]
INFO: [Synth 8-256] done synthesizing module 'Clock05' (0#1) [C:/Users/andre/Downloads/ped2_exp3_datasheet/ped2_exp3/ped2_exp3.srcs/sources_1/new/Divisor_clk.vhd:36]
INFO: [Synth 8-256] done synthesizing module 'pblaze' (0#1) [C:/Users/andre/Downloads/ped2_exp3_datasheet/ped2_exp3/ped2_exp3.srcs/sources_1/new/top_module.vhd:36]
WARNING: [Synth 8-3917] design pblaze has port dp driven by constant 0
---------------------------------------------------------------------------------
Finished RTL Elaboration : Time (s): cpu = 00:00:31 ; elapsed = 00:00:38 . Memory (MB): peak = 2842.031 ; gain = 136.617
---------------------------------------------------------------------------------
---------------------------------------------------------------------------------
Start Handling Custom Attributes
---------------------------------------------------------------------------------
---------------------------------------------------------------------------------
Finished Handling Custom Attributes : Time (s): cpu = 00:00:32 ; elapsed = 00:00:39 . Memory (MB): peak = 2855.105 ; gain = 149.691
---------------------------------------------------------------------------------
---------------------------------------------------------------------------------
Finished RTL Optimization Phase 1 : Time (s): cpu = 00:00:32 ; elapsed = 00:00:39 . Memory (MB): peak = 2855.105 ; gain = 149.691
---------------------------------------------------------------------------------
Netlist sorting complete. Time (s): cpu = 00:00:00 ; elapsed = 00:00:00.041 . Memory (MB): peak = 2861.152 ; gain = 0.000
INFO: [Netlist 29-17] Analyzing 181 Unisim elements for replacement
INFO: [Netlist 29-28] Unisim Transformation completed in 0 CPU seconds
INFO: [Project 1-570] Preparing netlist for logic optimization

Processing XDC Constraints
Initializing timing engine
Parsing XDC File [C:/Users/andre/Downloads/ped2_exp3_datasheet/ped2_exp3/ped2_exp3.srcs/constrs_1/new/Basys3_Master.xdc]
Finished Parsing XDC File [C:/Users/andre/Downloads/ped2_exp3_datasheet/ped2_exp3/ped2_exp3.srcs/constrs_1/new/Basys3_Master.xdc]
Parsing XDC File [C:/Users/andre/Downloads/ped2_exp3_datasheet/ped2_exp3/ped2_exp3.srcs/constrs_1/new/Timing.xdc]
INFO: [Constraints 18-483] create_clock: no pin(s)/port(s)/net(s) specified as objects, only virtual clock 'virtual_clock' will be created. If you don't want this, please specify pin(s)/ports(s)/net(s) as objects to the command. [C:/Users/andre/Downloads/ped2_exp3_datasheet/ped2_exp3/ped2_exp3.srcs/constrs_1/new/Timing.xdc:6]
Finished Parsing XDC File [C:/Users/andre/Downloads/ped2_exp3_datasheet/ped2_exp3/ped2_exp3.srcs/constrs_1/new/Timing.xdc]
Completed Processing XDC Constraints

Netlist sorting complete. Time (s): cpu = 00:00:00 ; elapsed = 00:00:00.001 . Memory (MB): peak = 2935.543 ; gain = 0.000
INFO: [Project 1-111] Unisim Transformation Summary:
  A total of 124 instances were transformed.
  FD => FDRE: 48 instances
  FDR => FDRE: 20 instances
  LUT6_2 => LUT6_2 (LUT5, LUT6): 50 instances
  RAM32M => RAM32M (RAMD32(x6), RAMS32(x2)): 4 instances
  RAM64M => RAM64M (RAMD64E(x4)): 2 instances

RTL Elaboration Complete:  : Time (s): cpu = 00:00:52 ; elapsed = 00:00:54 . Memory (MB): peak = 2935.543 ; gain = 230.129
125 Infos, 1 Warnings, 0 Critical Warnings and 0 Errors encountered.
synth_design completed successfully
synth_design: Time (s): cpu = 00:00:52 ; elapsed = 00:00:55 . Memory (MB): peak = 2935.543 ; gain = 230.129
write_schematic -format pdf -orientation landscape C:/Users/andre/Downloads/ped2_exp3_datasheet/ped2_exp3/schematic.pdf
C:/Users/andre/Downloads/ped2_exp3_datasheet/ped2_exp3/schematic.pdf
open_run synth_1 -name synth_1
Design is defaulting to impl run constrset: constrs_1
Design is defaulting to synth run part: xc7a35tcpg236-1
Netlist sorting complete. Time (s): cpu = 00:00:00 ; elapsed = 00:00:00.013 . Memory (MB): peak = 2942.688 ; gain = 0.000
INFO: [Netlist 29-17] Analyzing 72 Unisim elements for replacement
INFO: [Netlist 29-28] Unisim Transformation completed in 1 CPU seconds
INFO: [Project 1-479] Netlist was created with Vivado 2023.1
INFO: [Project 1-570] Preparing netlist for logic optimization
Parsing XDC File [C:/Users/andre/Downloads/ped2_exp3_datasheet/ped2_exp3/ped2_exp3.srcs/constrs_1/new/Basys3_Master.xdc]
Finished Parsing XDC File [C:/Users/andre/Downloads/ped2_exp3_datasheet/ped2_exp3/ped2_exp3.srcs/constrs_1/new/Basys3_Master.xdc]
Parsing XDC File [C:/Users/andre/Downloads/ped2_exp3_datasheet/ped2_exp3/ped2_exp3.srcs/constrs_1/new/Timing.xdc]
INFO: [Constraints 18-483] create_clock: no pin(s)/port(s)/net(s) specified as objects, only virtual clock 'virtual_clock' will be created. If you don't want this, please specify pin(s)/ports(s)/net(s) as objects to the command. [C:/Users/andre/Downloads/ped2_exp3_datasheet/ped2_exp3/ped2_exp3.srcs/constrs_1/new/Timing.xdc:6]
Finished Parsing XDC File [C:/Users/andre/Downloads/ped2_exp3_datasheet/ped2_exp3/ped2_exp3.srcs/constrs_1/new/Timing.xdc]
INFO: [Opt 31-138] Pushed 0 inverter(s) to 0 load pin(s).
Netlist sorting complete. Time (s): cpu = 00:00:00 ; elapsed = 00:00:00.001 . Memory (MB): peak = 2979.965 ; gain = 0.000
INFO: [Project 1-111] Unisim Transformation Summary:
  A total of 56 instances were transformed.
  LUT6_2 => LUT6_2 (LUT5, LUT6): 50 instances
  RAM32M => RAM32M (RAMD32(x6), RAMS32(x2)): 4 instances
  RAM64M => RAM64M (RAMD64E(x4)): 2 instances

open_run: Time (s): cpu = 00:00:13 ; elapsed = 00:00:09 . Memory (MB): peak = 3027.398 ; gain = 91.855
report_utilization -name utilization_1
exit
INFO: [Common 17-206] Exiting Vivado at Mon Nov 27 00:07:10 2023...
