Copyright 1986-2022 Xilinx, Inc. All Rights Reserved. Copyright 2022-2023 Advanced Micro Devices, Inc. All Rights Reserved.
---------------------------------------------------------------------------------------------------------------------------------------------------------------------------------------------------------------------
| Tool Version : Vivado v.2023.1 (win64) Build 3865809 Sun May  7 15:05:29 MDT 2023
| Date         : Thu Oct 26 20:47:34 2023
| Host         : Oct running 64-bit major release  (build 9200)
| Command      : report_timing_summary -max_paths 10 -report_unconstrained -file Top_modu_timing_summary_routed.rpt -pb Top_modu_timing_summary_routed.pb -rpx Top_modu_timing_summary_routed.rpx -warn_on_violation
| Design       : Top_modu
| Device       : 7a35t-cpg236
| Speed File   : -1  PRODUCTION 1.23 2018-06-13
| Design State : Routed
---------------------------------------------------------------------------------------------------------------------------------------------------------------------------------------------------------------------

Timing Summary Report

------------------------------------------------------------------------------------------------
| Timer Settings
| --------------
------------------------------------------------------------------------------------------------

  Enable Multi Corner Analysis               :  Yes
  Enable Pessimism Removal                   :  Yes
  Pessimism Removal Resolution               :  Nearest Common Node
  Enable Input Delay Default Clock           :  No
  Enable Preset / Clear Arcs                 :  No
  Disable Flight Delays                      :  No
  Ignore I/O Paths                           :  No
  Timing Early Launch at Borrowing Latches   :  No
  Borrow Time for Max Delay Exceptions       :  Yes
  Merge Timing Exceptions                    :  Yes

  Corner  Analyze    Analyze    
  Name    Max Paths  Min Paths  
  ------  ---------  ---------  
  Slow    Yes        Yes        
  Fast    Yes        Yes        


------------------------------------------------------------------------------------------------
| Report Methodology
| ------------------
------------------------------------------------------------------------------------------------

Rule       Severity          Description                    Violations  
---------  ----------------  -----------------------------  ----------  
TIMING-17  Critical Warning  Non-clocked sequential cell    56          
TIMING-18  Warning           Missing input or output delay  1           

Note: This report is based on the most recent report_methodology run and may not be up-to-date. Run report_methodology on the current design for the latest report.



check_timing report

Table of Contents
-----------------
1. checking no_clock (56)
2. checking constant_clock (0)
3. checking pulse_width_clock (0)
4. checking unconstrained_internal_endpoints (144)
5. checking no_input_delay (11)
6. checking no_output_delay (9)
7. checking multiple_clock (0)
8. checking generated_clocks (0)
9. checking loops (0)
10. checking partial_input_delay (0)
11. checking partial_output_delay (0)
12. checking latch_loops (0)

1. checking no_clock (56)
-------------------------
 There are 56 register/latch pins with no clock driven by root clock pin: divisor/sclockdiv_reg/Q (HIGH)


2. checking constant_clock (0)
------------------------------
 There are 0 register/latch pins with constant_clock.


3. checking pulse_width_clock (0)
---------------------------------
 There are 0 register/latch pins which need pulse_width check


4. checking unconstrained_internal_endpoints (144)
--------------------------------------------------
 There are 144 pins that are not constrained for maximum delay. (HIGH)

 There are 0 pins that are not constrained for maximum delay due to constant clock.


5. checking no_input_delay (11)
-------------------------------
 There are 11 input ports with no input delay specified. (HIGH)

 There are 0 input ports with no input delay but user has a false path constraint.


6. checking no_output_delay (9)
-------------------------------
 There are 9 ports with no output delay specified. (HIGH)

 There are 0 ports with no output delay but user has a false path constraint

 There are 0 ports with no output delay but with a timing clock defined on it or propagating through it


7. checking multiple_clock (0)
------------------------------
 There are 0 register/latch pins with multiple clocks.


8. checking generated_clocks (0)
--------------------------------
 There are 0 generated clocks that are not connected to a clock source.


9. checking loops (0)
---------------------
 There are 0 combinational loops in the design.


10. checking partial_input_delay (0)
------------------------------------
 There are 0 input ports with partial input delay specified.


11. checking partial_output_delay (0)
-------------------------------------
 There are 0 ports with partial output delay specified.


12. checking latch_loops (0)
----------------------------
 There are 0 combinational latch loops in the design through latch input



------------------------------------------------------------------------------------------------
| Design Timing Summary
| ---------------------
------------------------------------------------------------------------------------------------

    WNS(ns)      TNS(ns)  TNS Failing Endpoints  TNS Total Endpoints      WHS(ns)      THS(ns)  THS Failing Endpoints  THS Total Endpoints     WPWS(ns)     TPWS(ns)  TPWS Failing Endpoints  TPWS Total Endpoints  
    -------      -------  ---------------------  -------------------      -------      -------  ---------------------  -------------------     --------     --------  ----------------------  --------------------  
      5.725        0.000                      0                   28        0.264        0.000                      0                   28        4.500        0.000                       0                    29  


All user specified timing constraints are met.


------------------------------------------------------------------------------------------------
| Clock Summary
| -------------
------------------------------------------------------------------------------------------------

Clock        Waveform(ns)       Period(ns)      Frequency(MHz)
-----        ------------       ----------      --------------
sys_clk_pin  {0.000 5.000}      10.000          100.000         


------------------------------------------------------------------------------------------------
| Intra Clock Table
| -----------------
------------------------------------------------------------------------------------------------

Clock             WNS(ns)      TNS(ns)  TNS Failing Endpoints  TNS Total Endpoints      WHS(ns)      THS(ns)  THS Failing Endpoints  THS Total Endpoints     WPWS(ns)     TPWS(ns)  TPWS Failing Endpoints  TPWS Total Endpoints  
-----             -------      -------  ---------------------  -------------------      -------      -------  ---------------------  -------------------     --------     --------  ----------------------  --------------------  
sys_clk_pin         5.725        0.000                      0                   28        0.264        0.000                      0                   28        4.500        0.000                       0                    29  


------------------------------------------------------------------------------------------------
| Inter Clock Table
| -----------------
------------------------------------------------------------------------------------------------

From Clock    To Clock          WNS(ns)      TNS(ns)  TNS Failing Endpoints  TNS Total Endpoints      WHS(ns)      THS(ns)  THS Failing Endpoints  THS Total Endpoints  
----------    --------          -------      -------  ---------------------  -------------------      -------      -------  ---------------------  -------------------  


------------------------------------------------------------------------------------------------
| Other Path Groups Table
| -----------------------
------------------------------------------------------------------------------------------------

Path Group    From Clock    To Clock          WNS(ns)      TNS(ns)  TNS Failing Endpoints  TNS Total Endpoints      WHS(ns)      THS(ns)  THS Failing Endpoints  THS Total Endpoints  
----------    ----------    --------          -------      -------  ---------------------  -------------------      -------      -------  ---------------------  -------------------  


------------------------------------------------------------------------------------------------
| User Ignored Path Table
| -----------------------
------------------------------------------------------------------------------------------------

Path Group    From Clock    To Clock    
----------    ----------    --------    


------------------------------------------------------------------------------------------------
| Unconstrained Path Table
| ------------------------
------------------------------------------------------------------------------------------------

Path Group    From Clock    To Clock    
----------    ----------    --------    
(none)                                    
(none)                      sys_clk_pin   


------------------------------------------------------------------------------------------------
| Timing Details
| --------------
------------------------------------------------------------------------------------------------


---------------------------------------------------------------------------------------------------
From Clock:  sys_clk_pin
  To Clock:  sys_clk_pin

Setup :            0  Failing Endpoints,  Worst Slack        5.725ns,  Total Violation        0.000ns
Hold  :            0  Failing Endpoints,  Worst Slack        0.264ns,  Total Violation        0.000ns
PW    :            0  Failing Endpoints,  Worst Slack        4.500ns,  Total Violation        0.000ns
---------------------------------------------------------------------------------------------------


Max Delay Paths
--------------------------------------------------------------------------------------
Slack (MET) :             5.725ns  (required time - arrival time)
  Source:                 divisor/counter_reg[0]/C
                            (rising edge-triggered cell FDCE clocked by sys_clk_pin  {rise@0.000ns fall@5.000ns period=10.000ns})
  Destination:            divisor/counter_reg[26]/D
                            (rising edge-triggered cell FDCE clocked by sys_clk_pin  {rise@0.000ns fall@5.000ns period=10.000ns})
  Path Group:             sys_clk_pin
  Path Type:              Setup (Max at Slow Process Corner)
  Requirement:            10.000ns  (sys_clk_pin rise@10.000ns - sys_clk_pin rise@0.000ns)
  Data Path Delay:        4.333ns  (logic 2.327ns (53.703%)  route 2.006ns (46.297%))
  Logic Levels:           8  (CARRY4=7 LUT3=1)
  Clock Path Skew:        -0.025ns (DCD - SCD + CPR)
    Destination Clock Delay (DCD):    4.786ns = ( 14.786 - 10.000 ) 
    Source Clock Delay      (SCD):    5.086ns
    Clock Pessimism Removal (CPR):    0.275ns
  Clock Uncertainty:      0.035ns  ((TSJ^2 + TIJ^2)^1/2 + DJ) / 2 + PE
    Total System Jitter     (TSJ):    0.071ns
    Total Input Jitter      (TIJ):    0.000ns
    Discrete Jitter          (DJ):    0.000ns
    Phase Error              (PE):    0.000ns

    Location             Delay type                Incr(ns)  Path(ns)    Netlist Resource(s)
  -------------------------------------------------------------------    -------------------
                         (clock sys_clk_pin rise edge)
                                                      0.000     0.000 r  
    W5                                                0.000     0.000 r  clk (IN)
                         net (fo=0)                   0.000     0.000    clk
    W5                   IBUF (Prop_ibuf_I_O)         1.458     1.458 r  clk_IBUF_inst/O
                         net (fo=1, routed)           1.967     3.425    clk_IBUF
    BUFGCTRL_X0Y1        BUFG (Prop_bufg_I_O)         0.096     3.521 r  clk_IBUF_BUFG_inst/O
                         net (fo=28, routed)          1.565     5.086    divisor/CLK
    SLICE_X34Y48         FDCE                                         r  divisor/counter_reg[0]/C
  -------------------------------------------------------------------    -------------------
    SLICE_X34Y48         FDCE (Prop_fdce_C_Q)         0.518     5.604 r  divisor/counter_reg[0]/Q
                         net (fo=29, routed)          1.199     6.803    divisor/counter[0]
    SLICE_X35Y43         CARRY4 (Prop_carry4_CYINIT_CO[3])
                                                      0.580     7.383 r  divisor/counter0_carry/CO[3]
                         net (fo=1, routed)           0.000     7.383    divisor/counter0_carry_n_0
    SLICE_X35Y44         CARRY4 (Prop_carry4_CI_CO[3])
                                                      0.114     7.497 r  divisor/counter0_carry__0/CO[3]
                         net (fo=1, routed)           0.000     7.497    divisor/counter0_carry__0_n_0
    SLICE_X35Y45         CARRY4 (Prop_carry4_CI_CO[3])
                                                      0.114     7.611 r  divisor/counter0_carry__1/CO[3]
                         net (fo=1, routed)           0.000     7.611    divisor/counter0_carry__1_n_0
    SLICE_X35Y46         CARRY4 (Prop_carry4_CI_CO[3])
                                                      0.114     7.725 r  divisor/counter0_carry__2/CO[3]
                         net (fo=1, routed)           0.000     7.725    divisor/counter0_carry__2_n_0
    SLICE_X35Y47         CARRY4 (Prop_carry4_CI_CO[3])
                                                      0.114     7.839 r  divisor/counter0_carry__3/CO[3]
                         net (fo=1, routed)           0.000     7.839    divisor/counter0_carry__3_n_0
    SLICE_X35Y48         CARRY4 (Prop_carry4_CI_CO[3])
                                                      0.114     7.953 r  divisor/counter0_carry__4/CO[3]
                         net (fo=1, routed)           0.000     7.953    divisor/counter0_carry__4_n_0
    SLICE_X35Y49         CARRY4 (Prop_carry4_CI_O[1])
                                                      0.334     8.287 r  divisor/counter0_carry__5/O[1]
                         net (fo=1, routed)           0.807     9.094    divisor/data0[26]
    SLICE_X34Y49         LUT3 (Prop_lut3_I2_O)        0.325     9.419 r  divisor/counter[26]_i_1/O
                         net (fo=1, routed)           0.000     9.419    divisor/counter_0[26]
    SLICE_X34Y49         FDCE                                         r  divisor/counter_reg[26]/D
  -------------------------------------------------------------------    -------------------

                         (clock sys_clk_pin rise edge)
                                                     10.000    10.000 r  
    W5                                                0.000    10.000 r  clk (IN)
                         net (fo=0)                   0.000    10.000    clk
    W5                   IBUF (Prop_ibuf_I_O)         1.388    11.388 r  clk_IBUF_inst/O
                         net (fo=1, routed)           1.862    13.250    clk_IBUF
    BUFGCTRL_X0Y1        BUFG (Prop_bufg_I_O)         0.091    13.341 r  clk_IBUF_BUFG_inst/O
                         net (fo=28, routed)          1.445    14.786    divisor/CLK
    SLICE_X34Y49         FDCE                                         r  divisor/counter_reg[26]/C
                         clock pessimism              0.275    15.061    
                         clock uncertainty           -0.035    15.026    
    SLICE_X34Y49         FDCE (Setup_fdce_C_D)        0.118    15.144    divisor/counter_reg[26]
  -------------------------------------------------------------------
                         required time                         15.144    
                         arrival time                          -9.419    
  -------------------------------------------------------------------
                         slack                                  5.725    

Slack (MET) :             5.754ns  (required time - arrival time)
  Source:                 divisor/counter_reg[0]/C
                            (rising edge-triggered cell FDCE clocked by sys_clk_pin  {rise@0.000ns fall@5.000ns period=10.000ns})
  Destination:            divisor/counter_reg[25]/D
                            (rising edge-triggered cell FDCE clocked by sys_clk_pin  {rise@0.000ns fall@5.000ns period=10.000ns})
  Path Group:             sys_clk_pin
  Path Type:              Setup (Max at Slow Process Corner)
  Requirement:            10.000ns  (sys_clk_pin rise@10.000ns - sys_clk_pin rise@0.000ns)
  Data Path Delay:        4.262ns  (logic 2.189ns (51.358%)  route 2.073ns (48.642%))
  Logic Levels:           8  (CARRY4=7 LUT3=1)
  Clock Path Skew:        -0.025ns (DCD - SCD + CPR)
    Destination Clock Delay (DCD):    4.786ns = ( 14.786 - 10.000 ) 
    Source Clock Delay      (SCD):    5.086ns
    Clock Pessimism Removal (CPR):    0.275ns
  Clock Uncertainty:      0.035ns  ((TSJ^2 + TIJ^2)^1/2 + DJ) / 2 + PE
    Total System Jitter     (TSJ):    0.071ns
    Total Input Jitter      (TIJ):    0.000ns
    Discrete Jitter          (DJ):    0.000ns
    Phase Error              (PE):    0.000ns

    Location             Delay type                Incr(ns)  Path(ns)    Netlist Resource(s)
  -------------------------------------------------------------------    -------------------
                         (clock sys_clk_pin rise edge)
                                                      0.000     0.000 r  
    W5                                                0.000     0.000 r  clk (IN)
                         net (fo=0)                   0.000     0.000    clk
    W5                   IBUF (Prop_ibuf_I_O)         1.458     1.458 r  clk_IBUF_inst/O
                         net (fo=1, routed)           1.967     3.425    clk_IBUF
    BUFGCTRL_X0Y1        BUFG (Prop_bufg_I_O)         0.096     3.521 r  clk_IBUF_BUFG_inst/O
                         net (fo=28, routed)          1.565     5.086    divisor/CLK
    SLICE_X34Y48         FDCE                                         r  divisor/counter_reg[0]/C
  -------------------------------------------------------------------    -------------------
    SLICE_X34Y48         FDCE (Prop_fdce_C_Q)         0.518     5.604 r  divisor/counter_reg[0]/Q
                         net (fo=29, routed)          1.199     6.803    divisor/counter[0]
    SLICE_X35Y43         CARRY4 (Prop_carry4_CYINIT_CO[3])
                                                      0.580     7.383 r  divisor/counter0_carry/CO[3]
                         net (fo=1, routed)           0.000     7.383    divisor/counter0_carry_n_0
    SLICE_X35Y44         CARRY4 (Prop_carry4_CI_CO[3])
                                                      0.114     7.497 r  divisor/counter0_carry__0/CO[3]
                         net (fo=1, routed)           0.000     7.497    divisor/counter0_carry__0_n_0
    SLICE_X35Y45         CARRY4 (Prop_carry4_CI_CO[3])
                                                      0.114     7.611 r  divisor/counter0_carry__1/CO[3]
                         net (fo=1, routed)           0.000     7.611    divisor/counter0_carry__1_n_0
    SLICE_X35Y46         CARRY4 (Prop_carry4_CI_CO[3])
                                                      0.114     7.725 r  divisor/counter0_carry__2/CO[3]
                         net (fo=1, routed)           0.000     7.725    divisor/counter0_carry__2_n_0
    SLICE_X35Y47         CARRY4 (Prop_carry4_CI_CO[3])
                                                      0.114     7.839 r  divisor/counter0_carry__3/CO[3]
                         net (fo=1, routed)           0.000     7.839    divisor/counter0_carry__3_n_0
    SLICE_X35Y48         CARRY4 (Prop_carry4_CI_CO[3])
                                                      0.114     7.953 r  divisor/counter0_carry__4/CO[3]
                         net (fo=1, routed)           0.000     7.953    divisor/counter0_carry__4_n_0
    SLICE_X35Y49         CARRY4 (Prop_carry4_CI_O[0])
                                                      0.222     8.175 r  divisor/counter0_carry__5/O[0]
                         net (fo=1, routed)           0.874     9.050    divisor/data0[25]
    SLICE_X34Y49         LUT3 (Prop_lut3_I2_O)        0.299     9.349 r  divisor/counter[25]_i_1/O
                         net (fo=1, routed)           0.000     9.349    divisor/counter_0[25]
    SLICE_X34Y49         FDCE                                         r  divisor/counter_reg[25]/D
  -------------------------------------------------------------------    -------------------

                         (clock sys_clk_pin rise edge)
                                                     10.000    10.000 r  
    W5                                                0.000    10.000 r  clk (IN)
                         net (fo=0)                   0.000    10.000    clk
    W5                   IBUF (Prop_ibuf_I_O)         1.388    11.388 r  clk_IBUF_inst/O
                         net (fo=1, routed)           1.862    13.250    clk_IBUF
    BUFGCTRL_X0Y1        BUFG (Prop_bufg_I_O)         0.091    13.341 r  clk_IBUF_BUFG_inst/O
                         net (fo=28, routed)          1.445    14.786    divisor/CLK
    SLICE_X34Y49         FDCE                                         r  divisor/counter_reg[25]/C
                         clock pessimism              0.275    15.061    
                         clock uncertainty           -0.035    15.026    
    SLICE_X34Y49         FDCE (Setup_fdce_C_D)        0.077    15.103    divisor/counter_reg[25]
  -------------------------------------------------------------------
                         required time                         15.103    
                         arrival time                          -9.349    
  -------------------------------------------------------------------
                         slack                                  5.754    

Slack (MET) :             5.821ns  (required time - arrival time)
  Source:                 divisor/counter_reg[0]/C
                            (rising edge-triggered cell FDCE clocked by sys_clk_pin  {rise@0.000ns fall@5.000ns period=10.000ns})
  Destination:            divisor/counter_reg[22]/D
                            (rising edge-triggered cell FDCE clocked by sys_clk_pin  {rise@0.000ns fall@5.000ns period=10.000ns})
  Path Group:             sys_clk_pin
  Path Type:              Setup (Max at Slow Process Corner)
  Requirement:            10.000ns  (sys_clk_pin rise@10.000ns - sys_clk_pin rise@0.000ns)
  Data Path Delay:        4.225ns  (logic 2.191ns (51.860%)  route 2.034ns (48.140%))
  Logic Levels:           7  (CARRY4=6 LUT3=1)
  Clock Path Skew:        0.000ns (DCD - SCD + CPR)
    Destination Clock Delay (DCD):    4.786ns = ( 14.786 - 10.000 ) 
    Source Clock Delay      (SCD):    5.086ns
    Clock Pessimism Removal (CPR):    0.300ns
  Clock Uncertainty:      0.035ns  ((TSJ^2 + TIJ^2)^1/2 + DJ) / 2 + PE
    Total System Jitter     (TSJ):    0.071ns
    Total Input Jitter      (TIJ):    0.000ns
    Discrete Jitter          (DJ):    0.000ns
    Phase Error              (PE):    0.000ns

    Location             Delay type                Incr(ns)  Path(ns)    Netlist Resource(s)
  -------------------------------------------------------------------    -------------------
                         (clock sys_clk_pin rise edge)
                                                      0.000     0.000 r  
    W5                                                0.000     0.000 r  clk (IN)
                         net (fo=0)                   0.000     0.000    clk
    W5                   IBUF (Prop_ibuf_I_O)         1.458     1.458 r  clk_IBUF_inst/O
                         net (fo=1, routed)           1.967     3.425    clk_IBUF
    BUFGCTRL_X0Y1        BUFG (Prop_bufg_I_O)         0.096     3.521 r  clk_IBUF_BUFG_inst/O
                         net (fo=28, routed)          1.565     5.086    divisor/CLK
    SLICE_X34Y48         FDCE                                         r  divisor/counter_reg[0]/C
  -------------------------------------------------------------------    -------------------
    SLICE_X34Y48         FDCE (Prop_fdce_C_Q)         0.518     5.604 r  divisor/counter_reg[0]/Q
                         net (fo=29, routed)          1.199     6.803    divisor/counter[0]
    SLICE_X35Y43         CARRY4 (Prop_carry4_CYINIT_CO[3])
                                                      0.580     7.383 r  divisor/counter0_carry/CO[3]
                         net (fo=1, routed)           0.000     7.383    divisor/counter0_carry_n_0
    SLICE_X35Y44         CARRY4 (Prop_carry4_CI_CO[3])
                                                      0.114     7.497 r  divisor/counter0_carry__0/CO[3]
                         net (fo=1, routed)           0.000     7.497    divisor/counter0_carry__0_n_0
    SLICE_X35Y45         CARRY4 (Prop_carry4_CI_CO[3])
                                                      0.114     7.611 r  divisor/counter0_carry__1/CO[3]
                         net (fo=1, routed)           0.000     7.611    divisor/counter0_carry__1_n_0
    SLICE_X35Y46         CARRY4 (Prop_carry4_CI_CO[3])
                                                      0.114     7.725 r  divisor/counter0_carry__2/CO[3]
                         net (fo=1, routed)           0.000     7.725    divisor/counter0_carry__2_n_0
    SLICE_X35Y47         CARRY4 (Prop_carry4_CI_CO[3])
                                                      0.114     7.839 r  divisor/counter0_carry__3/CO[3]
                         net (fo=1, routed)           0.000     7.839    divisor/counter0_carry__3_n_0
    SLICE_X35Y48         CARRY4 (Prop_carry4_CI_O[1])
                                                      0.334     8.173 r  divisor/counter0_carry__4/O[1]
                         net (fo=1, routed)           0.835     9.008    divisor/data0[22]
    SLICE_X34Y48         LUT3 (Prop_lut3_I2_O)        0.303     9.311 r  divisor/counter[22]_i_1/O
                         net (fo=1, routed)           0.000     9.311    divisor/counter_0[22]
    SLICE_X34Y48         FDCE                                         r  divisor/counter_reg[22]/D
  -------------------------------------------------------------------    -------------------

                         (clock sys_clk_pin rise edge)
                                                     10.000    10.000 r  
    W5                                                0.000    10.000 r  clk (IN)
                         net (fo=0)                   0.000    10.000    clk
    W5                   IBUF (Prop_ibuf_I_O)         1.388    11.388 r  clk_IBUF_inst/O
                         net (fo=1, routed)           1.862    13.250    clk_IBUF
    BUFGCTRL_X0Y1        BUFG (Prop_bufg_I_O)         0.091    13.341 r  clk_IBUF_BUFG_inst/O
                         net (fo=28, routed)          1.445    14.786    divisor/CLK
    SLICE_X34Y48         FDCE                                         r  divisor/counter_reg[22]/C
                         clock pessimism              0.300    15.086    
                         clock uncertainty           -0.035    15.051    
    SLICE_X34Y48         FDCE (Setup_fdce_C_D)        0.081    15.132    divisor/counter_reg[22]
  -------------------------------------------------------------------
                         required time                         15.132    
                         arrival time                          -9.311    
  -------------------------------------------------------------------
                         slack                                  5.821    

Slack (MET) :             5.929ns  (required time - arrival time)
  Source:                 divisor/counter_reg[0]/C
                            (rising edge-triggered cell FDCE clocked by sys_clk_pin  {rise@0.000ns fall@5.000ns period=10.000ns})
  Destination:            divisor/counter_reg[16]/D
                            (rising edge-triggered cell FDCE clocked by sys_clk_pin  {rise@0.000ns fall@5.000ns period=10.000ns})
  Path Group:             sys_clk_pin
  Path Type:              Setup (Max at Slow Process Corner)
  Requirement:            10.000ns  (sys_clk_pin rise@10.000ns - sys_clk_pin rise@0.000ns)
  Data Path Delay:        4.128ns  (logic 1.974ns (47.822%)  route 2.154ns (52.178%))
  Logic Levels:           5  (CARRY4=4 LUT3=1)
  Clock Path Skew:        -0.026ns (DCD - SCD + CPR)
    Destination Clock Delay (DCD):    4.785ns = ( 14.785 - 10.000 ) 
    Source Clock Delay      (SCD):    5.086ns
    Clock Pessimism Removal (CPR):    0.275ns
  Clock Uncertainty:      0.035ns  ((TSJ^2 + TIJ^2)^1/2 + DJ) / 2 + PE
    Total System Jitter     (TSJ):    0.071ns
    Total Input Jitter      (TIJ):    0.000ns
    Discrete Jitter          (DJ):    0.000ns
    Phase Error              (PE):    0.000ns

    Location             Delay type                Incr(ns)  Path(ns)    Netlist Resource(s)
  -------------------------------------------------------------------    -------------------
                         (clock sys_clk_pin rise edge)
                                                      0.000     0.000 r  
    W5                                                0.000     0.000 r  clk (IN)
                         net (fo=0)                   0.000     0.000    clk
    W5                   IBUF (Prop_ibuf_I_O)         1.458     1.458 r  clk_IBUF_inst/O
                         net (fo=1, routed)           1.967     3.425    clk_IBUF
    BUFGCTRL_X0Y1        BUFG (Prop_bufg_I_O)         0.096     3.521 r  clk_IBUF_BUFG_inst/O
                         net (fo=28, routed)          1.565     5.086    divisor/CLK
    SLICE_X34Y48         FDCE                                         r  divisor/counter_reg[0]/C
  -------------------------------------------------------------------    -------------------
    SLICE_X34Y48         FDCE (Prop_fdce_C_Q)         0.518     5.604 r  divisor/counter_reg[0]/Q
                         net (fo=29, routed)          1.199     6.803    divisor/counter[0]
    SLICE_X35Y43         CARRY4 (Prop_carry4_CYINIT_CO[3])
                                                      0.580     7.383 r  divisor/counter0_carry/CO[3]
                         net (fo=1, routed)           0.000     7.383    divisor/counter0_carry_n_0
    SLICE_X35Y44         CARRY4 (Prop_carry4_CI_CO[3])
                                                      0.114     7.497 r  divisor/counter0_carry__0/CO[3]
                         net (fo=1, routed)           0.000     7.497    divisor/counter0_carry__0_n_0
    SLICE_X35Y45         CARRY4 (Prop_carry4_CI_CO[3])
                                                      0.114     7.611 r  divisor/counter0_carry__1/CO[3]
                         net (fo=1, routed)           0.000     7.611    divisor/counter0_carry__1_n_0
    SLICE_X35Y46         CARRY4 (Prop_carry4_CI_O[3])
                                                      0.313     7.924 r  divisor/counter0_carry__2/O[3]
                         net (fo=1, routed)           0.955     8.879    divisor/data0[16]
    SLICE_X34Y45         LUT3 (Prop_lut3_I2_O)        0.335     9.214 r  divisor/counter[16]_i_1/O
                         net (fo=1, routed)           0.000     9.214    divisor/counter_0[16]
    SLICE_X34Y45         FDCE                                         r  divisor/counter_reg[16]/D
  -------------------------------------------------------------------    -------------------

                         (clock sys_clk_pin rise edge)
                                                     10.000    10.000 r  
    W5                                                0.000    10.000 r  clk (IN)
                         net (fo=0)                   0.000    10.000    clk
    W5                   IBUF (Prop_ibuf_I_O)         1.388    11.388 r  clk_IBUF_inst/O
                         net (fo=1, routed)           1.862    13.250    clk_IBUF
    BUFGCTRL_X0Y1        BUFG (Prop_bufg_I_O)         0.091    13.341 r  clk_IBUF_BUFG_inst/O
                         net (fo=28, routed)          1.444    14.785    divisor/CLK
    SLICE_X34Y45         FDCE                                         r  divisor/counter_reg[16]/C
                         clock pessimism              0.275    15.060    
                         clock uncertainty           -0.035    15.025    
    SLICE_X34Y45         FDCE (Setup_fdce_C_D)        0.118    15.143    divisor/counter_reg[16]
  -------------------------------------------------------------------
                         required time                         15.143    
                         arrival time                          -9.214    
  -------------------------------------------------------------------
                         slack                                  5.929    

Slack (MET) :             6.010ns  (required time - arrival time)
  Source:                 divisor/counter_reg[2]/C
                            (rising edge-triggered cell FDCE clocked by sys_clk_pin  {rise@0.000ns fall@5.000ns period=10.000ns})
  Destination:            divisor/counter_reg[1]/D
                            (rising edge-triggered cell FDCE clocked by sys_clk_pin  {rise@0.000ns fall@5.000ns period=10.000ns})
  Path Group:             sys_clk_pin
  Path Type:              Setup (Max at Slow Process Corner)
  Requirement:            10.000ns  (sys_clk_pin rise@10.000ns - sys_clk_pin rise@0.000ns)
  Data Path Delay:        4.031ns  (logic 0.890ns (22.077%)  route 3.141ns (77.923%))
  Logic Levels:           3  (LUT3=1 LUT6=2)
  Clock Path Skew:        0.000ns (DCD - SCD + CPR)
    Destination Clock Delay (DCD):    4.785ns = ( 14.785 - 10.000 ) 
    Source Clock Delay      (SCD):    5.085ns
    Clock Pessimism Removal (CPR):    0.300ns
  Clock Uncertainty:      0.035ns  ((TSJ^2 + TIJ^2)^1/2 + DJ) / 2 + PE
    Total System Jitter     (TSJ):    0.071ns
    Total Input Jitter      (TIJ):    0.000ns
    Discrete Jitter          (DJ):    0.000ns
    Phase Error              (PE):    0.000ns

    Location             Delay type                Incr(ns)  Path(ns)    Netlist Resource(s)
  -------------------------------------------------------------------    -------------------
                         (clock sys_clk_pin rise edge)
                                                      0.000     0.000 r  
    W5                                                0.000     0.000 r  clk (IN)
                         net (fo=0)                   0.000     0.000    clk
    W5                   IBUF (Prop_ibuf_I_O)         1.458     1.458 r  clk_IBUF_inst/O
                         net (fo=1, routed)           1.967     3.425    clk_IBUF
    BUFGCTRL_X0Y1        BUFG (Prop_bufg_I_O)         0.096     3.521 r  clk_IBUF_BUFG_inst/O
                         net (fo=28, routed)          1.564     5.085    divisor/CLK
    SLICE_X34Y43         FDCE                                         r  divisor/counter_reg[2]/C
  -------------------------------------------------------------------    -------------------
    SLICE_X34Y43         FDCE (Prop_fdce_C_Q)         0.518     5.603 r  divisor/counter_reg[2]/Q
                         net (fo=2, routed)           1.154     6.758    divisor/counter[2]
    SLICE_X34Y48         LUT6 (Prop_lut6_I4_O)        0.124     6.882 r  divisor/counter[26]_i_8/O
                         net (fo=1, routed)           0.811     7.693    divisor/counter[26]_i_8_n_0
    SLICE_X34Y46         LUT6 (Prop_lut6_I5_O)        0.124     7.817 r  divisor/counter[26]_i_2/O
                         net (fo=28, routed)          1.176     8.993    divisor/counter[26]_i_2_n_0
    SLICE_X34Y43         LUT3 (Prop_lut3_I1_O)        0.124     9.117 r  divisor/counter[1]_i_1/O
                         net (fo=1, routed)           0.000     9.117    divisor/counter_0[1]
    SLICE_X34Y43         FDCE                                         r  divisor/counter_reg[1]/D
  -------------------------------------------------------------------    -------------------

                         (clock sys_clk_pin rise edge)
                                                     10.000    10.000 r  
    W5                                                0.000    10.000 r  clk (IN)
                         net (fo=0)                   0.000    10.000    clk
    W5                   IBUF (Prop_ibuf_I_O)         1.388    11.388 r  clk_IBUF_inst/O
                         net (fo=1, routed)           1.862    13.250    clk_IBUF
    BUFGCTRL_X0Y1        BUFG (Prop_bufg_I_O)         0.091    13.341 r  clk_IBUF_BUFG_inst/O
                         net (fo=28, routed)          1.444    14.785    divisor/CLK
    SLICE_X34Y43         FDCE                                         r  divisor/counter_reg[1]/C
                         clock pessimism              0.300    15.085    
                         clock uncertainty           -0.035    15.050    
    SLICE_X34Y43         FDCE (Setup_fdce_C_D)        0.077    15.127    divisor/counter_reg[1]
  -------------------------------------------------------------------
                         required time                         15.127    
                         arrival time                          -9.117    
  -------------------------------------------------------------------
                         slack                                  6.010    

Slack (MET) :             6.026ns  (required time - arrival time)
  Source:                 divisor/counter_reg[0]/C
                            (rising edge-triggered cell FDCE clocked by sys_clk_pin  {rise@0.000ns fall@5.000ns period=10.000ns})
  Destination:            divisor/counter_reg[24]/D
                            (rising edge-triggered cell FDCE clocked by sys_clk_pin  {rise@0.000ns fall@5.000ns period=10.000ns})
  Path Group:             sys_clk_pin
  Path Type:              Setup (Max at Slow Process Corner)
  Requirement:            10.000ns  (sys_clk_pin rise@10.000ns - sys_clk_pin rise@0.000ns)
  Data Path Delay:        4.056ns  (logic 2.201ns (54.261%)  route 1.855ns (45.739%))
  Logic Levels:           7  (CARRY4=6 LUT3=1)
  Clock Path Skew:        0.000ns (DCD - SCD + CPR)
    Destination Clock Delay (DCD):    4.786ns = ( 14.786 - 10.000 ) 
    Source Clock Delay      (SCD):    5.086ns
    Clock Pessimism Removal (CPR):    0.300ns
  Clock Uncertainty:      0.035ns  ((TSJ^2 + TIJ^2)^1/2 + DJ) / 2 + PE
    Total System Jitter     (TSJ):    0.071ns
    Total Input Jitter      (TIJ):    0.000ns
    Discrete Jitter          (DJ):    0.000ns
    Phase Error              (PE):    0.000ns

    Location             Delay type                Incr(ns)  Path(ns)    Netlist Resource(s)
  -------------------------------------------------------------------    -------------------
                         (clock sys_clk_pin rise edge)
                                                      0.000     0.000 r  
    W5                                                0.000     0.000 r  clk (IN)
                         net (fo=0)                   0.000     0.000    clk
    W5                   IBUF (Prop_ibuf_I_O)         1.458     1.458 r  clk_IBUF_inst/O
                         net (fo=1, routed)           1.967     3.425    clk_IBUF
    BUFGCTRL_X0Y1        BUFG (Prop_bufg_I_O)         0.096     3.521 r  clk_IBUF_BUFG_inst/O
                         net (fo=28, routed)          1.565     5.086    divisor/CLK
    SLICE_X34Y48         FDCE                                         r  divisor/counter_reg[0]/C
  -------------------------------------------------------------------    -------------------
    SLICE_X34Y48         FDCE (Prop_fdce_C_Q)         0.518     5.604 r  divisor/counter_reg[0]/Q
                         net (fo=29, routed)          1.199     6.803    divisor/counter[0]
    SLICE_X35Y43         CARRY4 (Prop_carry4_CYINIT_CO[3])
                                                      0.580     7.383 r  divisor/counter0_carry/CO[3]
                         net (fo=1, routed)           0.000     7.383    divisor/counter0_carry_n_0
    SLICE_X35Y44         CARRY4 (Prop_carry4_CI_CO[3])
                                                      0.114     7.497 r  divisor/counter0_carry__0/CO[3]
                         net (fo=1, routed)           0.000     7.497    divisor/counter0_carry__0_n_0
    SLICE_X35Y45         CARRY4 (Prop_carry4_CI_CO[3])
                                                      0.114     7.611 r  divisor/counter0_carry__1/CO[3]
                         net (fo=1, routed)           0.000     7.611    divisor/counter0_carry__1_n_0
    SLICE_X35Y46         CARRY4 (Prop_carry4_CI_CO[3])
                                                      0.114     7.725 r  divisor/counter0_carry__2/CO[3]
                         net (fo=1, routed)           0.000     7.725    divisor/counter0_carry__2_n_0
    SLICE_X35Y47         CARRY4 (Prop_carry4_CI_CO[3])
                                                      0.114     7.839 r  divisor/counter0_carry__3/CO[3]
                         net (fo=1, routed)           0.000     7.839    divisor/counter0_carry__3_n_0
    SLICE_X35Y48         CARRY4 (Prop_carry4_CI_O[3])
                                                      0.313     8.152 r  divisor/counter0_carry__4/O[3]
                         net (fo=1, routed)           0.656     8.809    divisor/data0[24]
    SLICE_X34Y48         LUT3 (Prop_lut3_I2_O)        0.334     9.143 r  divisor/counter[24]_i_1/O
                         net (fo=1, routed)           0.000     9.143    divisor/counter_0[24]
    SLICE_X34Y48         FDCE                                         r  divisor/counter_reg[24]/D
  -------------------------------------------------------------------    -------------------

                         (clock sys_clk_pin rise edge)
                                                     10.000    10.000 r  
    W5                                                0.000    10.000 r  clk (IN)
                         net (fo=0)                   0.000    10.000    clk
    W5                   IBUF (Prop_ibuf_I_O)         1.388    11.388 r  clk_IBUF_inst/O
                         net (fo=1, routed)           1.862    13.250    clk_IBUF
    BUFGCTRL_X0Y1        BUFG (Prop_bufg_I_O)         0.091    13.341 r  clk_IBUF_BUFG_inst/O
                         net (fo=28, routed)          1.445    14.786    divisor/CLK
    SLICE_X34Y48         FDCE                                         r  divisor/counter_reg[24]/C
                         clock pessimism              0.300    15.086    
                         clock uncertainty           -0.035    15.051    
    SLICE_X34Y48         FDCE (Setup_fdce_C_D)        0.118    15.169    divisor/counter_reg[24]
  -------------------------------------------------------------------
                         required time                         15.169    
                         arrival time                          -9.143    
  -------------------------------------------------------------------
                         slack                                  6.026    

Slack (MET) :             6.029ns  (required time - arrival time)
  Source:                 divisor/counter_reg[2]/C
                            (rising edge-triggered cell FDCE clocked by sys_clk_pin  {rise@0.000ns fall@5.000ns period=10.000ns})
  Destination:            divisor/counter_reg[3]/D
                            (rising edge-triggered cell FDCE clocked by sys_clk_pin  {rise@0.000ns fall@5.000ns period=10.000ns})
  Path Group:             sys_clk_pin
  Path Type:              Setup (Max at Slow Process Corner)
  Requirement:            10.000ns  (sys_clk_pin rise@10.000ns - sys_clk_pin rise@0.000ns)
  Data Path Delay:        4.053ns  (logic 0.912ns (22.500%)  route 3.141ns (77.500%))
  Logic Levels:           3  (LUT3=1 LUT6=2)
  Clock Path Skew:        0.000ns (DCD - SCD + CPR)
    Destination Clock Delay (DCD):    4.785ns = ( 14.785 - 10.000 ) 
    Source Clock Delay      (SCD):    5.085ns
    Clock Pessimism Removal (CPR):    0.300ns
  Clock Uncertainty:      0.035ns  ((TSJ^2 + TIJ^2)^1/2 + DJ) / 2 + PE
    Total System Jitter     (TSJ):    0.071ns
    Total Input Jitter      (TIJ):    0.000ns
    Discrete Jitter          (DJ):    0.000ns
    Phase Error              (PE):    0.000ns

    Location             Delay type                Incr(ns)  Path(ns)    Netlist Resource(s)
  -------------------------------------------------------------------    -------------------
                         (clock sys_clk_pin rise edge)
                                                      0.000     0.000 r  
    W5                                                0.000     0.000 r  clk (IN)
                         net (fo=0)                   0.000     0.000    clk
    W5                   IBUF (Prop_ibuf_I_O)         1.458     1.458 r  clk_IBUF_inst/O
                         net (fo=1, routed)           1.967     3.425    clk_IBUF
    BUFGCTRL_X0Y1        BUFG (Prop_bufg_I_O)         0.096     3.521 r  clk_IBUF_BUFG_inst/O
                         net (fo=28, routed)          1.564     5.085    divisor/CLK
    SLICE_X34Y43         FDCE                                         r  divisor/counter_reg[2]/C
  -------------------------------------------------------------------    -------------------
    SLICE_X34Y43         FDCE (Prop_fdce_C_Q)         0.518     5.603 r  divisor/counter_reg[2]/Q
                         net (fo=2, routed)           1.154     6.758    divisor/counter[2]
    SLICE_X34Y48         LUT6 (Prop_lut6_I4_O)        0.124     6.882 r  divisor/counter[26]_i_8/O
                         net (fo=1, routed)           0.811     7.693    divisor/counter[26]_i_8_n_0
    SLICE_X34Y46         LUT6 (Prop_lut6_I5_O)        0.124     7.817 r  divisor/counter[26]_i_2/O
                         net (fo=28, routed)          1.176     8.993    divisor/counter[26]_i_2_n_0
    SLICE_X34Y43         LUT3 (Prop_lut3_I1_O)        0.146     9.139 r  divisor/counter[3]_i_1/O
                         net (fo=1, routed)           0.000     9.139    divisor/counter_0[3]
    SLICE_X34Y43         FDCE                                         r  divisor/counter_reg[3]/D
  -------------------------------------------------------------------    -------------------

                         (clock sys_clk_pin rise edge)
                                                     10.000    10.000 r  
    W5                                                0.000    10.000 r  clk (IN)
                         net (fo=0)                   0.000    10.000    clk
    W5                   IBUF (Prop_ibuf_I_O)         1.388    11.388 r  clk_IBUF_inst/O
                         net (fo=1, routed)           1.862    13.250    clk_IBUF
    BUFGCTRL_X0Y1        BUFG (Prop_bufg_I_O)         0.091    13.341 r  clk_IBUF_BUFG_inst/O
                         net (fo=28, routed)          1.444    14.785    divisor/CLK
    SLICE_X34Y43         FDCE                                         r  divisor/counter_reg[3]/C
                         clock pessimism              0.300    15.085    
                         clock uncertainty           -0.035    15.050    
    SLICE_X34Y43         FDCE (Setup_fdce_C_D)        0.118    15.168    divisor/counter_reg[3]
  -------------------------------------------------------------------
                         required time                         15.168    
                         arrival time                          -9.139    
  -------------------------------------------------------------------
                         slack                                  6.029    

Slack (MET) :             6.129ns  (required time - arrival time)
  Source:                 divisor/counter_reg[0]/C
                            (rising edge-triggered cell FDCE clocked by sys_clk_pin  {rise@0.000ns fall@5.000ns period=10.000ns})
  Destination:            divisor/counter_reg[20]/D
                            (rising edge-triggered cell FDCE clocked by sys_clk_pin  {rise@0.000ns fall@5.000ns period=10.000ns})
  Path Group:             sys_clk_pin
  Path Type:              Setup (Max at Slow Process Corner)
  Requirement:            10.000ns  (sys_clk_pin rise@10.000ns - sys_clk_pin rise@0.000ns)
  Data Path Delay:        3.929ns  (logic 2.088ns (53.149%)  route 1.841ns (46.851%))
  Logic Levels:           6  (CARRY4=5 LUT3=1)
  Clock Path Skew:        -0.025ns (DCD - SCD + CPR)
    Destination Clock Delay (DCD):    4.786ns = ( 14.786 - 10.000 ) 
    Source Clock Delay      (SCD):    5.086ns
    Clock Pessimism Removal (CPR):    0.275ns
  Clock Uncertainty:      0.035ns  ((TSJ^2 + TIJ^2)^1/2 + DJ) / 2 + PE
    Total System Jitter     (TSJ):    0.071ns
    Total Input Jitter      (TIJ):    0.000ns
    Discrete Jitter          (DJ):    0.000ns
    Phase Error              (PE):    0.000ns

    Location             Delay type                Incr(ns)  Path(ns)    Netlist Resource(s)
  -------------------------------------------------------------------    -------------------
                         (clock sys_clk_pin rise edge)
                                                      0.000     0.000 r  
    W5                                                0.000     0.000 r  clk (IN)
                         net (fo=0)                   0.000     0.000    clk
    W5                   IBUF (Prop_ibuf_I_O)         1.458     1.458 r  clk_IBUF_inst/O
                         net (fo=1, routed)           1.967     3.425    clk_IBUF
    BUFGCTRL_X0Y1        BUFG (Prop_bufg_I_O)         0.096     3.521 r  clk_IBUF_BUFG_inst/O
                         net (fo=28, routed)          1.565     5.086    divisor/CLK
    SLICE_X34Y48         FDCE                                         r  divisor/counter_reg[0]/C
  -------------------------------------------------------------------    -------------------
    SLICE_X34Y48         FDCE (Prop_fdce_C_Q)         0.518     5.604 r  divisor/counter_reg[0]/Q
                         net (fo=29, routed)          1.199     6.803    divisor/counter[0]
    SLICE_X35Y43         CARRY4 (Prop_carry4_CYINIT_CO[3])
                                                      0.580     7.383 r  divisor/counter0_carry/CO[3]
                         net (fo=1, routed)           0.000     7.383    divisor/counter0_carry_n_0
    SLICE_X35Y44         CARRY4 (Prop_carry4_CI_CO[3])
                                                      0.114     7.497 r  divisor/counter0_carry__0/CO[3]
                         net (fo=1, routed)           0.000     7.497    divisor/counter0_carry__0_n_0
    SLICE_X35Y45         CARRY4 (Prop_carry4_CI_CO[3])
                                                      0.114     7.611 r  divisor/counter0_carry__1/CO[3]
                         net (fo=1, routed)           0.000     7.611    divisor/counter0_carry__1_n_0
    SLICE_X35Y46         CARRY4 (Prop_carry4_CI_CO[3])
                                                      0.114     7.725 r  divisor/counter0_carry__2/CO[3]
                         net (fo=1, routed)           0.000     7.725    divisor/counter0_carry__2_n_0
    SLICE_X35Y47         CARRY4 (Prop_carry4_CI_O[3])
                                                      0.313     8.038 r  divisor/counter0_carry__3/O[3]
                         net (fo=1, routed)           0.641     8.680    divisor/data0[20]
    SLICE_X34Y47         LUT3 (Prop_lut3_I2_O)        0.335     9.015 r  divisor/counter[20]_i_1/O
                         net (fo=1, routed)           0.000     9.015    divisor/counter_0[20]
    SLICE_X34Y47         FDCE                                         r  divisor/counter_reg[20]/D
  -------------------------------------------------------------------    -------------------

                         (clock sys_clk_pin rise edge)
                                                     10.000    10.000 r  
    W5                                                0.000    10.000 r  clk (IN)
                         net (fo=0)                   0.000    10.000    clk
    W5                   IBUF (Prop_ibuf_I_O)         1.388    11.388 r  clk_IBUF_inst/O
                         net (fo=1, routed)           1.862    13.250    clk_IBUF
    BUFGCTRL_X0Y1        BUFG (Prop_bufg_I_O)         0.091    13.341 r  clk_IBUF_BUFG_inst/O
                         net (fo=28, routed)          1.445    14.786    divisor/CLK
    SLICE_X34Y47         FDCE                                         r  divisor/counter_reg[20]/C
                         clock pessimism              0.275    15.061    
                         clock uncertainty           -0.035    15.026    
    SLICE_X34Y47         FDCE (Setup_fdce_C_D)        0.118    15.144    divisor/counter_reg[20]
  -------------------------------------------------------------------
                         required time                         15.144    
                         arrival time                          -9.015    
  -------------------------------------------------------------------
                         slack                                  6.129    

Slack (MET) :             6.166ns  (required time - arrival time)
  Source:                 divisor/counter_reg[0]/C
                            (rising edge-triggered cell FDCE clocked by sys_clk_pin  {rise@0.000ns fall@5.000ns period=10.000ns})
  Destination:            divisor/counter_reg[13]/D
                            (rising edge-triggered cell FDCE clocked by sys_clk_pin  {rise@0.000ns fall@5.000ns period=10.000ns})
  Path Group:             sys_clk_pin
  Path Type:              Setup (Max at Slow Process Corner)
  Requirement:            10.000ns  (sys_clk_pin rise@10.000ns - sys_clk_pin rise@0.000ns)
  Data Path Delay:        3.851ns  (logic 1.847ns (47.963%)  route 2.004ns (52.037%))
  Logic Levels:           5  (CARRY4=4 LUT3=1)
  Clock Path Skew:        -0.025ns (DCD - SCD + CPR)
    Destination Clock Delay (DCD):    4.786ns = ( 14.786 - 10.000 ) 
    Source Clock Delay      (SCD):    5.086ns
    Clock Pessimism Removal (CPR):    0.275ns
  Clock Uncertainty:      0.035ns  ((TSJ^2 + TIJ^2)^1/2 + DJ) / 2 + PE
    Total System Jitter     (TSJ):    0.071ns
    Total Input Jitter      (TIJ):    0.000ns
    Discrete Jitter          (DJ):    0.000ns
    Phase Error              (PE):    0.000ns

    Location             Delay type                Incr(ns)  Path(ns)    Netlist Resource(s)
  -------------------------------------------------------------------    -------------------
                         (clock sys_clk_pin rise edge)
                                                      0.000     0.000 r  
    W5                                                0.000     0.000 r  clk (IN)
                         net (fo=0)                   0.000     0.000    clk
    W5                   IBUF (Prop_ibuf_I_O)         1.458     1.458 r  clk_IBUF_inst/O
                         net (fo=1, routed)           1.967     3.425    clk_IBUF
    BUFGCTRL_X0Y1        BUFG (Prop_bufg_I_O)         0.096     3.521 r  clk_IBUF_BUFG_inst/O
                         net (fo=28, routed)          1.565     5.086    divisor/CLK
    SLICE_X34Y48         FDCE                                         r  divisor/counter_reg[0]/C
  -------------------------------------------------------------------    -------------------
    SLICE_X34Y48         FDCE (Prop_fdce_C_Q)         0.518     5.604 r  divisor/counter_reg[0]/Q
                         net (fo=29, routed)          1.199     6.803    divisor/counter[0]
    SLICE_X35Y43         CARRY4 (Prop_carry4_CYINIT_CO[3])
                                                      0.580     7.383 r  divisor/counter0_carry/CO[3]
                         net (fo=1, routed)           0.000     7.383    divisor/counter0_carry_n_0
    SLICE_X35Y44         CARRY4 (Prop_carry4_CI_CO[3])
                                                      0.114     7.497 r  divisor/counter0_carry__0/CO[3]
                         net (fo=1, routed)           0.000     7.497    divisor/counter0_carry__0_n_0
    SLICE_X35Y45         CARRY4 (Prop_carry4_CI_CO[3])
                                                      0.114     7.611 r  divisor/counter0_carry__1/CO[3]
                         net (fo=1, routed)           0.000     7.611    divisor/counter0_carry__1_n_0
    SLICE_X35Y46         CARRY4 (Prop_carry4_CI_O[0])
                                                      0.222     7.833 r  divisor/counter0_carry__2/O[0]
                         net (fo=1, routed)           0.805     8.638    divisor/data0[13]
    SLICE_X34Y47         LUT3 (Prop_lut3_I2_O)        0.299     8.937 r  divisor/counter[13]_i_1/O
                         net (fo=1, routed)           0.000     8.937    divisor/counter_0[13]
    SLICE_X34Y47         FDCE                                         r  divisor/counter_reg[13]/D
  -------------------------------------------------------------------    -------------------

                         (clock sys_clk_pin rise edge)
                                                     10.000    10.000 r  
    W5                                                0.000    10.000 r  clk (IN)
                         net (fo=0)                   0.000    10.000    clk
    W5                   IBUF (Prop_ibuf_I_O)         1.388    11.388 r  clk_IBUF_inst/O
                         net (fo=1, routed)           1.862    13.250    clk_IBUF
    BUFGCTRL_X0Y1        BUFG (Prop_bufg_I_O)         0.091    13.341 r  clk_IBUF_BUFG_inst/O
                         net (fo=28, routed)          1.445    14.786    divisor/CLK
    SLICE_X34Y47         FDCE                                         r  divisor/counter_reg[13]/C
                         clock pessimism              0.275    15.061    
                         clock uncertainty           -0.035    15.026    
    SLICE_X34Y47         FDCE (Setup_fdce_C_D)        0.077    15.103    divisor/counter_reg[13]
  -------------------------------------------------------------------
                         required time                         15.103    
                         arrival time                          -8.937    
  -------------------------------------------------------------------
                         slack                                  6.166    

Slack (MET) :             6.179ns  (required time - arrival time)
  Source:                 divisor/counter_reg[0]/C
                            (rising edge-triggered cell FDCE clocked by sys_clk_pin  {rise@0.000ns fall@5.000ns period=10.000ns})
  Destination:            divisor/counter_reg[21]/D
                            (rising edge-triggered cell FDCE clocked by sys_clk_pin  {rise@0.000ns fall@5.000ns period=10.000ns})
  Path Group:             sys_clk_pin
  Path Type:              Setup (Max at Slow Process Corner)
  Requirement:            10.000ns  (sys_clk_pin rise@10.000ns - sys_clk_pin rise@0.000ns)
  Data Path Delay:        3.863ns  (logic 2.075ns (53.719%)  route 1.788ns (46.281%))
  Logic Levels:           7  (CARRY4=6 LUT3=1)
  Clock Path Skew:        0.000ns (DCD - SCD + CPR)
    Destination Clock Delay (DCD):    4.786ns = ( 14.786 - 10.000 ) 
    Source Clock Delay      (SCD):    5.086ns
    Clock Pessimism Removal (CPR):    0.300ns
  Clock Uncertainty:      0.035ns  ((TSJ^2 + TIJ^2)^1/2 + DJ) / 2 + PE
    Total System Jitter     (TSJ):    0.071ns
    Total Input Jitter      (TIJ):    0.000ns
    Discrete Jitter          (DJ):    0.000ns
    Phase Error              (PE):    0.000ns

    Location             Delay type                Incr(ns)  Path(ns)    Netlist Resource(s)
  -------------------------------------------------------------------    -------------------
                         (clock sys_clk_pin rise edge)
                                                      0.000     0.000 r  
    W5                                                0.000     0.000 r  clk (IN)
                         net (fo=0)                   0.000     0.000    clk
    W5                   IBUF (Prop_ibuf_I_O)         1.458     1.458 r  clk_IBUF_inst/O
                         net (fo=1, routed)           1.967     3.425    clk_IBUF
    BUFGCTRL_X0Y1        BUFG (Prop_bufg_I_O)         0.096     3.521 r  clk_IBUF_BUFG_inst/O
                         net (fo=28, routed)          1.565     5.086    divisor/CLK
    SLICE_X34Y48         FDCE                                         r  divisor/counter_reg[0]/C
  -------------------------------------------------------------------    -------------------
    SLICE_X34Y48         FDCE (Prop_fdce_C_Q)         0.518     5.604 r  divisor/counter_reg[0]/Q
                         net (fo=29, routed)          1.199     6.803    divisor/counter[0]
    SLICE_X35Y43         CARRY4 (Prop_carry4_CYINIT_CO[3])
                                                      0.580     7.383 r  divisor/counter0_carry/CO[3]
                         net (fo=1, routed)           0.000     7.383    divisor/counter0_carry_n_0
    SLICE_X35Y44         CARRY4 (Prop_carry4_CI_CO[3])
                                                      0.114     7.497 r  divisor/counter0_carry__0/CO[3]
                         net (fo=1, routed)           0.000     7.497    divisor/counter0_carry__0_n_0
    SLICE_X35Y45         CARRY4 (Prop_carry4_CI_CO[3])
                                                      0.114     7.611 r  divisor/counter0_carry__1/CO[3]
                         net (fo=1, routed)           0.000     7.611    divisor/counter0_carry__1_n_0
    SLICE_X35Y46         CARRY4 (Prop_carry4_CI_CO[3])
                                                      0.114     7.725 r  divisor/counter0_carry__2/CO[3]
                         net (fo=1, routed)           0.000     7.725    divisor/counter0_carry__2_n_0
    SLICE_X35Y47         CARRY4 (Prop_carry4_CI_CO[3])
                                                      0.114     7.839 r  divisor/counter0_carry__3/CO[3]
                         net (fo=1, routed)           0.000     7.839    divisor/counter0_carry__3_n_0
    SLICE_X35Y48         CARRY4 (Prop_carry4_CI_O[0])
                                                      0.222     8.061 r  divisor/counter0_carry__4/O[0]
                         net (fo=1, routed)           0.589     8.650    divisor/data0[21]
    SLICE_X34Y48         LUT3 (Prop_lut3_I2_O)        0.299     8.949 r  divisor/counter[21]_i_1/O
                         net (fo=1, routed)           0.000     8.949    divisor/counter_0[21]
    SLICE_X34Y48         FDCE                                         r  divisor/counter_reg[21]/D
  -------------------------------------------------------------------    -------------------

                         (clock sys_clk_pin rise edge)
                                                     10.000    10.000 r  
    W5                                                0.000    10.000 r  clk (IN)
                         net (fo=0)                   0.000    10.000    clk
    W5                   IBUF (Prop_ibuf_I_O)         1.388    11.388 r  clk_IBUF_inst/O
                         net (fo=1, routed)           1.862    13.250    clk_IBUF
    BUFGCTRL_X0Y1        BUFG (Prop_bufg_I_O)         0.091    13.341 r  clk_IBUF_BUFG_inst/O
                         net (fo=28, routed)          1.445    14.786    divisor/CLK
    SLICE_X34Y48         FDCE                                         r  divisor/counter_reg[21]/C
                         clock pessimism              0.300    15.086    
                         clock uncertainty           -0.035    15.051    
    SLICE_X34Y48         FDCE (Setup_fdce_C_D)        0.077    15.128    divisor/counter_reg[21]
  -------------------------------------------------------------------
                         required time                         15.128    
                         arrival time                          -8.949    
  -------------------------------------------------------------------
                         slack                                  6.179    





Min Delay Paths
--------------------------------------------------------------------------------------
Slack (MET) :             0.264ns  (arrival time - required time)
  Source:                 divisor/sclockdiv_reg/C
                            (rising edge-triggered cell FDRE clocked by sys_clk_pin  {rise@0.000ns fall@5.000ns period=10.000ns})
  Destination:            divisor/sclockdiv_reg/D
                            (rising edge-triggered cell FDRE clocked by sys_clk_pin  {rise@0.000ns fall@5.000ns period=10.000ns})
  Path Group:             sys_clk_pin
  Path Type:              Hold (Min at Fast Process Corner)
  Requirement:            0.000ns  (sys_clk_pin rise@0.000ns - sys_clk_pin rise@0.000ns)
  Data Path Delay:        0.384ns  (logic 0.209ns (54.393%)  route 0.175ns (45.607%))
  Logic Levels:           1  (LUT4=1)
  Clock Path Skew:        0.000ns (DCD - SCD - CPR)
    Destination Clock Delay (DCD):    1.958ns
    Source Clock Delay      (SCD):    1.445ns
    Clock Pessimism Removal (CPR):    0.513ns

    Location             Delay type                Incr(ns)  Path(ns)    Netlist Resource(s)
  -------------------------------------------------------------------    -------------------
                         (clock sys_clk_pin rise edge)
                                                      0.000     0.000 r  
    W5                                                0.000     0.000 r  clk (IN)
                         net (fo=0)                   0.000     0.000    clk
    W5                   IBUF (Prop_ibuf_I_O)         0.226     0.226 r  clk_IBUF_inst/O
                         net (fo=1, routed)           0.631     0.858    clk_IBUF
    BUFGCTRL_X0Y1        BUFG (Prop_bufg_I_O)         0.026     0.884 r  clk_IBUF_BUFG_inst/O
                         net (fo=28, routed)          0.562     1.445    divisor/CLK
    SLICE_X34Y46         FDRE                                         r  divisor/sclockdiv_reg/C
  -------------------------------------------------------------------    -------------------
    SLICE_X34Y46         FDRE (Prop_fdre_C_Q)         0.164     1.609 r  divisor/sclockdiv_reg/Q
                         net (fo=2, routed)           0.175     1.784    divisor/clk05
    SLICE_X34Y46         LUT4 (Prop_lut4_I3_O)        0.045     1.829 r  divisor/sclockdiv_i_1/O
                         net (fo=1, routed)           0.000     1.829    divisor/sclockdiv_i_1_n_0
    SLICE_X34Y46         FDRE                                         r  divisor/sclockdiv_reg/D
  -------------------------------------------------------------------    -------------------

                         (clock sys_clk_pin rise edge)
                                                      0.000     0.000 r  
    W5                                                0.000     0.000 r  clk (IN)
                         net (fo=0)                   0.000     0.000    clk
    W5                   IBUF (Prop_ibuf_I_O)         0.414     0.414 r  clk_IBUF_inst/O
                         net (fo=1, routed)           0.685     1.099    clk_IBUF
    BUFGCTRL_X0Y1        BUFG (Prop_bufg_I_O)         0.029     1.128 r  clk_IBUF_BUFG_inst/O
                         net (fo=28, routed)          0.831     1.958    divisor/CLK
    SLICE_X34Y46         FDRE                                         r  divisor/sclockdiv_reg/C
                         clock pessimism             -0.513     1.445    
    SLICE_X34Y46         FDRE (Hold_fdre_C_D)         0.120     1.565    divisor/sclockdiv_reg
  -------------------------------------------------------------------
                         required time                         -1.565    
                         arrival time                           1.829    
  -------------------------------------------------------------------
                         slack                                  0.264    

Slack (MET) :             0.272ns  (arrival time - required time)
  Source:                 divisor/counter_reg[0]/C
                            (rising edge-triggered cell FDCE clocked by sys_clk_pin  {rise@0.000ns fall@5.000ns period=10.000ns})
  Destination:            divisor/counter_reg[20]/D
                            (rising edge-triggered cell FDCE clocked by sys_clk_pin  {rise@0.000ns fall@5.000ns period=10.000ns})
  Path Group:             sys_clk_pin
  Path Type:              Hold (Min at Fast Process Corner)
  Requirement:            0.000ns  (sys_clk_pin rise@0.000ns - sys_clk_pin rise@0.000ns)
  Data Path Delay:        0.419ns  (logic 0.213ns (50.829%)  route 0.206ns (49.171%))
  Logic Levels:           1  (LUT3=1)
  Clock Path Skew:        0.016ns (DCD - SCD - CPR)
    Destination Clock Delay (DCD):    1.959ns
    Source Clock Delay      (SCD):    1.446ns
    Clock Pessimism Removal (CPR):    0.497ns

    Location             Delay type                Incr(ns)  Path(ns)    Netlist Resource(s)
  -------------------------------------------------------------------    -------------------
                         (clock sys_clk_pin rise edge)
                                                      0.000     0.000 r  
    W5                                                0.000     0.000 r  clk (IN)
                         net (fo=0)                   0.000     0.000    clk
    W5                   IBUF (Prop_ibuf_I_O)         0.226     0.226 r  clk_IBUF_inst/O
                         net (fo=1, routed)           0.631     0.858    clk_IBUF
    BUFGCTRL_X0Y1        BUFG (Prop_bufg_I_O)         0.026     0.884 r  clk_IBUF_BUFG_inst/O
                         net (fo=28, routed)          0.563     1.446    divisor/CLK
    SLICE_X34Y48         FDCE                                         r  divisor/counter_reg[0]/C
  -------------------------------------------------------------------    -------------------
    SLICE_X34Y48         FDCE (Prop_fdce_C_Q)         0.164     1.610 r  divisor/counter_reg[0]/Q
                         net (fo=29, routed)          0.206     1.816    divisor/counter[0]
    SLICE_X34Y47         LUT3 (Prop_lut3_I0_O)        0.049     1.865 r  divisor/counter[20]_i_1/O
                         net (fo=1, routed)           0.000     1.865    divisor/counter_0[20]
    SLICE_X34Y47         FDCE                                         r  divisor/counter_reg[20]/D
  -------------------------------------------------------------------    -------------------

                         (clock sys_clk_pin rise edge)
                                                      0.000     0.000 r  
    W5                                                0.000     0.000 r  clk (IN)
                         net (fo=0)                   0.000     0.000    clk
    W5                   IBUF (Prop_ibuf_I_O)         0.414     0.414 r  clk_IBUF_inst/O
                         net (fo=1, routed)           0.685     1.099    clk_IBUF
    BUFGCTRL_X0Y1        BUFG (Prop_bufg_I_O)         0.029     1.128 r  clk_IBUF_BUFG_inst/O
                         net (fo=28, routed)          0.832     1.959    divisor/CLK
    SLICE_X34Y47         FDCE                                         r  divisor/counter_reg[20]/C
                         clock pessimism             -0.497     1.462    
    SLICE_X34Y47         FDCE (Hold_fdce_C_D)         0.131     1.593    divisor/counter_reg[20]
  -------------------------------------------------------------------
                         required time                         -1.593    
                         arrival time                           1.865    
  -------------------------------------------------------------------
                         slack                                  0.272    

Slack (MET) :             0.278ns  (arrival time - required time)
  Source:                 divisor/counter_reg[0]/C
                            (rising edge-triggered cell FDCE clocked by sys_clk_pin  {rise@0.000ns fall@5.000ns period=10.000ns})
  Destination:            divisor/counter_reg[18]/D
                            (rising edge-triggered cell FDCE clocked by sys_clk_pin  {rise@0.000ns fall@5.000ns period=10.000ns})
  Path Group:             sys_clk_pin
  Path Type:              Hold (Min at Fast Process Corner)
  Requirement:            0.000ns  (sys_clk_pin rise@0.000ns - sys_clk_pin rise@0.000ns)
  Data Path Delay:        0.415ns  (logic 0.209ns (50.355%)  route 0.206ns (49.645%))
  Logic Levels:           1  (LUT3=1)
  Clock Path Skew:        0.016ns (DCD - SCD - CPR)
    Destination Clock Delay (DCD):    1.959ns
    Source Clock Delay      (SCD):    1.446ns
    Clock Pessimism Removal (CPR):    0.497ns

    Location             Delay type                Incr(ns)  Path(ns)    Netlist Resource(s)
  -------------------------------------------------------------------    -------------------
                         (clock sys_clk_pin rise edge)
                                                      0.000     0.000 r  
    W5                                                0.000     0.000 r  clk (IN)
                         net (fo=0)                   0.000     0.000    clk
    W5                   IBUF (Prop_ibuf_I_O)         0.226     0.226 r  clk_IBUF_inst/O
                         net (fo=1, routed)           0.631     0.858    clk_IBUF
    BUFGCTRL_X0Y1        BUFG (Prop_bufg_I_O)         0.026     0.884 r  clk_IBUF_BUFG_inst/O
                         net (fo=28, routed)          0.563     1.446    divisor/CLK
    SLICE_X34Y48         FDCE                                         r  divisor/counter_reg[0]/C
  -------------------------------------------------------------------    -------------------
    SLICE_X34Y48         FDCE (Prop_fdce_C_Q)         0.164     1.610 r  divisor/counter_reg[0]/Q
                         net (fo=29, routed)          0.206     1.816    divisor/counter[0]
    SLICE_X34Y47         LUT3 (Prop_lut3_I0_O)        0.045     1.861 r  divisor/counter[18]_i_1/O
                         net (fo=1, routed)           0.000     1.861    divisor/counter_0[18]
    SLICE_X34Y47         FDCE                                         r  divisor/counter_reg[18]/D
  -------------------------------------------------------------------    -------------------

                         (clock sys_clk_pin rise edge)
                                                      0.000     0.000 r  
    W5                                                0.000     0.000 r  clk (IN)
                         net (fo=0)                   0.000     0.000    clk
    W5                   IBUF (Prop_ibuf_I_O)         0.414     0.414 r  clk_IBUF_inst/O
                         net (fo=1, routed)           0.685     1.099    clk_IBUF
    BUFGCTRL_X0Y1        BUFG (Prop_bufg_I_O)         0.029     1.128 r  clk_IBUF_BUFG_inst/O
                         net (fo=28, routed)          0.832     1.959    divisor/CLK
    SLICE_X34Y47         FDCE                                         r  divisor/counter_reg[18]/C
                         clock pessimism             -0.497     1.462    
    SLICE_X34Y47         FDCE (Hold_fdce_C_D)         0.121     1.583    divisor/counter_reg[18]
  -------------------------------------------------------------------
                         required time                         -1.583    
                         arrival time                           1.861    
  -------------------------------------------------------------------
                         slack                                  0.278    

Slack (MET) :             0.330ns  (arrival time - required time)
  Source:                 divisor/counter_reg[0]/C
                            (rising edge-triggered cell FDCE clocked by sys_clk_pin  {rise@0.000ns fall@5.000ns period=10.000ns})
  Destination:            divisor/counter_reg[26]/D
                            (rising edge-triggered cell FDCE clocked by sys_clk_pin  {rise@0.000ns fall@5.000ns period=10.000ns})
  Path Group:             sys_clk_pin
  Path Type:              Hold (Min at Fast Process Corner)
  Requirement:            0.000ns  (sys_clk_pin rise@0.000ns - sys_clk_pin rise@0.000ns)
  Data Path Delay:        0.477ns  (logic 0.207ns (43.434%)  route 0.270ns (56.566%))
  Logic Levels:           1  (LUT3=1)
  Clock Path Skew:        0.016ns (DCD - SCD - CPR)
    Destination Clock Delay (DCD):    1.959ns
    Source Clock Delay      (SCD):    1.446ns
    Clock Pessimism Removal (CPR):    0.497ns

    Location             Delay type                Incr(ns)  Path(ns)    Netlist Resource(s)
  -------------------------------------------------------------------    -------------------
                         (clock sys_clk_pin rise edge)
                                                      0.000     0.000 r  
    W5                                                0.000     0.000 r  clk (IN)
                         net (fo=0)                   0.000     0.000    clk
    W5                   IBUF (Prop_ibuf_I_O)         0.226     0.226 r  clk_IBUF_inst/O
                         net (fo=1, routed)           0.631     0.858    clk_IBUF
    BUFGCTRL_X0Y1        BUFG (Prop_bufg_I_O)         0.026     0.884 r  clk_IBUF_BUFG_inst/O
                         net (fo=28, routed)          0.563     1.446    divisor/CLK
    SLICE_X34Y48         FDCE                                         r  divisor/counter_reg[0]/C
  -------------------------------------------------------------------    -------------------
    SLICE_X34Y48         FDCE (Prop_fdce_C_Q)         0.164     1.610 r  divisor/counter_reg[0]/Q
                         net (fo=29, routed)          0.270     1.880    divisor/counter[0]
    SLICE_X34Y49         LUT3 (Prop_lut3_I0_O)        0.043     1.923 r  divisor/counter[26]_i_1/O
                         net (fo=1, routed)           0.000     1.923    divisor/counter_0[26]
    SLICE_X34Y49         FDCE                                         r  divisor/counter_reg[26]/D
  -------------------------------------------------------------------    -------------------

                         (clock sys_clk_pin rise edge)
                                                      0.000     0.000 r  
    W5                                                0.000     0.000 r  clk (IN)
                         net (fo=0)                   0.000     0.000    clk
    W5                   IBUF (Prop_ibuf_I_O)         0.414     0.414 r  clk_IBUF_inst/O
                         net (fo=1, routed)           0.685     1.099    clk_IBUF
    BUFGCTRL_X0Y1        BUFG (Prop_bufg_I_O)         0.029     1.128 r  clk_IBUF_BUFG_inst/O
                         net (fo=28, routed)          0.832     1.959    divisor/CLK
    SLICE_X34Y49         FDCE                                         r  divisor/counter_reg[26]/C
                         clock pessimism             -0.497     1.462    
    SLICE_X34Y49         FDCE (Hold_fdce_C_D)         0.131     1.593    divisor/counter_reg[26]
  -------------------------------------------------------------------
                         required time                         -1.593    
                         arrival time                           1.923    
  -------------------------------------------------------------------
                         slack                                  0.330    

Slack (MET) :             0.332ns  (arrival time - required time)
  Source:                 divisor/counter_reg[0]/C
                            (rising edge-triggered cell FDCE clocked by sys_clk_pin  {rise@0.000ns fall@5.000ns period=10.000ns})
  Destination:            divisor/counter_reg[0]/D
                            (rising edge-triggered cell FDCE clocked by sys_clk_pin  {rise@0.000ns fall@5.000ns period=10.000ns})
  Path Group:             sys_clk_pin
  Path Type:              Hold (Min at Fast Process Corner)
  Requirement:            0.000ns  (sys_clk_pin rise@0.000ns - sys_clk_pin rise@0.000ns)
  Data Path Delay:        0.453ns  (logic 0.209ns (46.123%)  route 0.244ns (53.877%))
  Logic Levels:           1  (LUT2=1)
  Clock Path Skew:        0.000ns (DCD - SCD - CPR)
    Destination Clock Delay (DCD):    1.959ns
    Source Clock Delay      (SCD):    1.446ns
    Clock Pessimism Removal (CPR):    0.513ns

    Location             Delay type                Incr(ns)  Path(ns)    Netlist Resource(s)
  -------------------------------------------------------------------    -------------------
                         (clock sys_clk_pin rise edge)
                                                      0.000     0.000 r  
    W5                                                0.000     0.000 r  clk (IN)
                         net (fo=0)                   0.000     0.000    clk
    W5                   IBUF (Prop_ibuf_I_O)         0.226     0.226 r  clk_IBUF_inst/O
                         net (fo=1, routed)           0.631     0.858    clk_IBUF
    BUFGCTRL_X0Y1        BUFG (Prop_bufg_I_O)         0.026     0.884 r  clk_IBUF_BUFG_inst/O
                         net (fo=28, routed)          0.563     1.446    divisor/CLK
    SLICE_X34Y48         FDCE                                         r  divisor/counter_reg[0]/C
  -------------------------------------------------------------------    -------------------
    SLICE_X34Y48         FDCE (Prop_fdce_C_Q)         0.164     1.610 f  divisor/counter_reg[0]/Q
                         net (fo=29, routed)          0.244     1.854    divisor/counter[0]
    SLICE_X34Y48         LUT2 (Prop_lut2_I1_O)        0.045     1.899 r  divisor/counter[0]_i_1/O
                         net (fo=1, routed)           0.000     1.899    divisor/counter_0[0]
    SLICE_X34Y48         FDCE                                         r  divisor/counter_reg[0]/D
  -------------------------------------------------------------------    -------------------

                         (clock sys_clk_pin rise edge)
                                                      0.000     0.000 r  
    W5                                                0.000     0.000 r  clk (IN)
                         net (fo=0)                   0.000     0.000    clk
    W5                   IBUF (Prop_ibuf_I_O)         0.414     0.414 r  clk_IBUF_inst/O
                         net (fo=1, routed)           0.685     1.099    clk_IBUF
    BUFGCTRL_X0Y1        BUFG (Prop_bufg_I_O)         0.029     1.128 r  clk_IBUF_BUFG_inst/O
                         net (fo=28, routed)          0.832     1.959    divisor/CLK
    SLICE_X34Y48         FDCE                                         r  divisor/counter_reg[0]/C
                         clock pessimism             -0.513     1.446    
    SLICE_X34Y48         FDCE (Hold_fdce_C_D)         0.121     1.567    divisor/counter_reg[0]
  -------------------------------------------------------------------
                         required time                         -1.567    
                         arrival time                           1.899    
  -------------------------------------------------------------------
                         slack                                  0.332    

Slack (MET) :             0.343ns  (arrival time - required time)
  Source:                 divisor/counter_reg[0]/C
                            (rising edge-triggered cell FDCE clocked by sys_clk_pin  {rise@0.000ns fall@5.000ns period=10.000ns})
  Destination:            divisor/counter_reg[25]/D
                            (rising edge-triggered cell FDCE clocked by sys_clk_pin  {rise@0.000ns fall@5.000ns period=10.000ns})
  Path Group:             sys_clk_pin
  Path Type:              Hold (Min at Fast Process Corner)
  Requirement:            0.000ns  (sys_clk_pin rise@0.000ns - sys_clk_pin rise@0.000ns)
  Data Path Delay:        0.479ns  (logic 0.209ns (43.671%)  route 0.270ns (56.329%))
  Logic Levels:           1  (LUT3=1)
  Clock Path Skew:        0.016ns (DCD - SCD - CPR)
    Destination Clock Delay (DCD):    1.959ns
    Source Clock Delay      (SCD):    1.446ns
    Clock Pessimism Removal (CPR):    0.497ns

    Location             Delay type                Incr(ns)  Path(ns)    Netlist Resource(s)
  -------------------------------------------------------------------    -------------------
                         (clock sys_clk_pin rise edge)
                                                      0.000     0.000 r  
    W5                                                0.000     0.000 r  clk (IN)
                         net (fo=0)                   0.000     0.000    clk
    W5                   IBUF (Prop_ibuf_I_O)         0.226     0.226 r  clk_IBUF_inst/O
                         net (fo=1, routed)           0.631     0.858    clk_IBUF
    BUFGCTRL_X0Y1        BUFG (Prop_bufg_I_O)         0.026     0.884 r  clk_IBUF_BUFG_inst/O
                         net (fo=28, routed)          0.563     1.446    divisor/CLK
    SLICE_X34Y48         FDCE                                         r  divisor/counter_reg[0]/C
  -------------------------------------------------------------------    -------------------
    SLICE_X34Y48         FDCE (Prop_fdce_C_Q)         0.164     1.610 r  divisor/counter_reg[0]/Q
                         net (fo=29, routed)          0.270     1.880    divisor/counter[0]
    SLICE_X34Y49         LUT3 (Prop_lut3_I0_O)        0.045     1.925 r  divisor/counter[25]_i_1/O
                         net (fo=1, routed)           0.000     1.925    divisor/counter_0[25]
    SLICE_X34Y49         FDCE                                         r  divisor/counter_reg[25]/D
  -------------------------------------------------------------------    -------------------

                         (clock sys_clk_pin rise edge)
                                                      0.000     0.000 r  
    W5                                                0.000     0.000 r  clk (IN)
                         net (fo=0)                   0.000     0.000    clk
    W5                   IBUF (Prop_ibuf_I_O)         0.414     0.414 r  clk_IBUF_inst/O
                         net (fo=1, routed)           0.685     1.099    clk_IBUF
    BUFGCTRL_X0Y1        BUFG (Prop_bufg_I_O)         0.029     1.128 r  clk_IBUF_BUFG_inst/O
                         net (fo=28, routed)          0.832     1.959    divisor/CLK
    SLICE_X34Y49         FDCE                                         r  divisor/counter_reg[25]/C
                         clock pessimism             -0.497     1.462    
    SLICE_X34Y49         FDCE (Hold_fdce_C_D)         0.120     1.582    divisor/counter_reg[25]
  -------------------------------------------------------------------
                         required time                         -1.582    
                         arrival time                           1.925    
  -------------------------------------------------------------------
                         slack                                  0.343    

Slack (MET) :             0.360ns  (arrival time - required time)
  Source:                 divisor/counter_reg[0]/C
                            (rising edge-triggered cell FDCE clocked by sys_clk_pin  {rise@0.000ns fall@5.000ns period=10.000ns})
  Destination:            divisor/counter_reg[16]/D
                            (rising edge-triggered cell FDCE clocked by sys_clk_pin  {rise@0.000ns fall@5.000ns period=10.000ns})
  Path Group:             sys_clk_pin
  Path Type:              Hold (Min at Fast Process Corner)
  Requirement:            0.000ns  (sys_clk_pin rise@0.000ns - sys_clk_pin rise@0.000ns)
  Data Path Delay:        0.506ns  (logic 0.213ns (42.114%)  route 0.293ns (57.886%))
  Logic Levels:           1  (LUT3=1)
  Clock Path Skew:        0.015ns (DCD - SCD - CPR)
    Destination Clock Delay (DCD):    1.958ns
    Source Clock Delay      (SCD):    1.446ns
    Clock Pessimism Removal (CPR):    0.497ns

    Location             Delay type                Incr(ns)  Path(ns)    Netlist Resource(s)
  -------------------------------------------------------------------    -------------------
                         (clock sys_clk_pin rise edge)
                                                      0.000     0.000 r  
    W5                                                0.000     0.000 r  clk (IN)
                         net (fo=0)                   0.000     0.000    clk
    W5                   IBUF (Prop_ibuf_I_O)         0.226     0.226 r  clk_IBUF_inst/O
                         net (fo=1, routed)           0.631     0.858    clk_IBUF
    BUFGCTRL_X0Y1        BUFG (Prop_bufg_I_O)         0.026     0.884 r  clk_IBUF_BUFG_inst/O
                         net (fo=28, routed)          0.563     1.446    divisor/CLK
    SLICE_X34Y48         FDCE                                         r  divisor/counter_reg[0]/C
  -------------------------------------------------------------------    -------------------
    SLICE_X34Y48         FDCE (Prop_fdce_C_Q)         0.164     1.610 r  divisor/counter_reg[0]/Q
                         net (fo=29, routed)          0.293     1.903    divisor/counter[0]
    SLICE_X34Y45         LUT3 (Prop_lut3_I0_O)        0.049     1.952 r  divisor/counter[16]_i_1/O
                         net (fo=1, routed)           0.000     1.952    divisor/counter_0[16]
    SLICE_X34Y45         FDCE                                         r  divisor/counter_reg[16]/D
  -------------------------------------------------------------------    -------------------

                         (clock sys_clk_pin rise edge)
                                                      0.000     0.000 r  
    W5                                                0.000     0.000 r  clk (IN)
                         net (fo=0)                   0.000     0.000    clk
    W5                   IBUF (Prop_ibuf_I_O)         0.414     0.414 r  clk_IBUF_inst/O
                         net (fo=1, routed)           0.685     1.099    clk_IBUF
    BUFGCTRL_X0Y1        BUFG (Prop_bufg_I_O)         0.029     1.128 r  clk_IBUF_BUFG_inst/O
                         net (fo=28, routed)          0.831     1.958    divisor/CLK
    SLICE_X34Y45         FDCE                                         r  divisor/counter_reg[16]/C
                         clock pessimism             -0.497     1.461    
    SLICE_X34Y45         FDCE (Hold_fdce_C_D)         0.131     1.592    divisor/counter_reg[16]
  -------------------------------------------------------------------
                         required time                         -1.592    
                         arrival time                           1.952    
  -------------------------------------------------------------------
                         slack                                  0.360    

Slack (MET) :             0.366ns  (arrival time - required time)
  Source:                 divisor/counter_reg[0]/C
                            (rising edge-triggered cell FDCE clocked by sys_clk_pin  {rise@0.000ns fall@5.000ns period=10.000ns})
  Destination:            divisor/counter_reg[14]/D
                            (rising edge-triggered cell FDCE clocked by sys_clk_pin  {rise@0.000ns fall@5.000ns period=10.000ns})
  Path Group:             sys_clk_pin
  Path Type:              Hold (Min at Fast Process Corner)
  Requirement:            0.000ns  (sys_clk_pin rise@0.000ns - sys_clk_pin rise@0.000ns)
  Data Path Delay:        0.502ns  (logic 0.209ns (41.652%)  route 0.293ns (58.348%))
  Logic Levels:           1  (LUT3=1)
  Clock Path Skew:        0.015ns (DCD - SCD - CPR)
    Destination Clock Delay (DCD):    1.958ns
    Source Clock Delay      (SCD):    1.446ns
    Clock Pessimism Removal (CPR):    0.497ns

    Location             Delay type                Incr(ns)  Path(ns)    Netlist Resource(s)
  -------------------------------------------------------------------    -------------------
                         (clock sys_clk_pin rise edge)
                                                      0.000     0.000 r  
    W5                                                0.000     0.000 r  clk (IN)
                         net (fo=0)                   0.000     0.000    clk
    W5                   IBUF (Prop_ibuf_I_O)         0.226     0.226 r  clk_IBUF_inst/O
                         net (fo=1, routed)           0.631     0.858    clk_IBUF
    BUFGCTRL_X0Y1        BUFG (Prop_bufg_I_O)         0.026     0.884 r  clk_IBUF_BUFG_inst/O
                         net (fo=28, routed)          0.563     1.446    divisor/CLK
    SLICE_X34Y48         FDCE                                         r  divisor/counter_reg[0]/C
  -------------------------------------------------------------------    -------------------
    SLICE_X34Y48         FDCE (Prop_fdce_C_Q)         0.164     1.610 r  divisor/counter_reg[0]/Q
                         net (fo=29, routed)          0.293     1.903    divisor/counter[0]
    SLICE_X34Y45         LUT3 (Prop_lut3_I0_O)        0.045     1.948 r  divisor/counter[14]_i_1/O
                         net (fo=1, routed)           0.000     1.948    divisor/counter_0[14]
    SLICE_X34Y45         FDCE                                         r  divisor/counter_reg[14]/D
  -------------------------------------------------------------------    -------------------

                         (clock sys_clk_pin rise edge)
                                                      0.000     0.000 r  
    W5                                                0.000     0.000 r  clk (IN)
                         net (fo=0)                   0.000     0.000    clk
    W5                   IBUF (Prop_ibuf_I_O)         0.414     0.414 r  clk_IBUF_inst/O
                         net (fo=1, routed)           0.685     1.099    clk_IBUF
    BUFGCTRL_X0Y1        BUFG (Prop_bufg_I_O)         0.029     1.128 r  clk_IBUF_BUFG_inst/O
                         net (fo=28, routed)          0.831     1.958    divisor/CLK
    SLICE_X34Y45         FDCE                                         r  divisor/counter_reg[14]/C
                         clock pessimism             -0.497     1.461    
    SLICE_X34Y45         FDCE (Hold_fdce_C_D)         0.121     1.582    divisor/counter_reg[14]
  -------------------------------------------------------------------
                         required time                         -1.582    
                         arrival time                           1.948    
  -------------------------------------------------------------------
                         slack                                  0.366    

Slack (MET) :             0.403ns  (arrival time - required time)
  Source:                 divisor/counter_reg[0]/C
                            (rising edge-triggered cell FDCE clocked by sys_clk_pin  {rise@0.000ns fall@5.000ns period=10.000ns})
  Destination:            divisor/counter_reg[19]/D
                            (rising edge-triggered cell FDCE clocked by sys_clk_pin  {rise@0.000ns fall@5.000ns period=10.000ns})
  Path Group:             sys_clk_pin
  Path Type:              Hold (Min at Fast Process Corner)
  Requirement:            0.000ns  (sys_clk_pin rise@0.000ns - sys_clk_pin rise@0.000ns)
  Data Path Delay:        0.550ns  (logic 0.209ns (37.996%)  route 0.341ns (62.004%))
  Logic Levels:           1  (LUT3=1)
  Clock Path Skew:        0.016ns (DCD - SCD - CPR)
    Destination Clock Delay (DCD):    1.959ns
    Source Clock Delay      (SCD):    1.446ns
    Clock Pessimism Removal (CPR):    0.497ns

    Location             Delay type                Incr(ns)  Path(ns)    Netlist Resource(s)
  -------------------------------------------------------------------    -------------------
                         (clock sys_clk_pin rise edge)
                                                      0.000     0.000 r  
    W5                                                0.000     0.000 r  clk (IN)
                         net (fo=0)                   0.000     0.000    clk
    W5                   IBUF (Prop_ibuf_I_O)         0.226     0.226 r  clk_IBUF_inst/O
                         net (fo=1, routed)           0.631     0.858    clk_IBUF
    BUFGCTRL_X0Y1        BUFG (Prop_bufg_I_O)         0.026     0.884 r  clk_IBUF_BUFG_inst/O
                         net (fo=28, routed)          0.563     1.446    divisor/CLK
    SLICE_X34Y48         FDCE                                         r  divisor/counter_reg[0]/C
  -------------------------------------------------------------------    -------------------
    SLICE_X34Y48         FDCE (Prop_fdce_C_Q)         0.164     1.610 r  divisor/counter_reg[0]/Q
                         net (fo=29, routed)          0.341     1.951    divisor/counter[0]
    SLICE_X34Y47         LUT3 (Prop_lut3_I0_O)        0.045     1.996 r  divisor/counter[19]_i_1/O
                         net (fo=1, routed)           0.000     1.996    divisor/counter_0[19]
    SLICE_X34Y47         FDCE                                         r  divisor/counter_reg[19]/D
  -------------------------------------------------------------------    -------------------

                         (clock sys_clk_pin rise edge)
                                                      0.000     0.000 r  
    W5                                                0.000     0.000 r  clk (IN)
                         net (fo=0)                   0.000     0.000    clk
    W5                   IBUF (Prop_ibuf_I_O)         0.414     0.414 r  clk_IBUF_inst/O
                         net (fo=1, routed)           0.685     1.099    clk_IBUF
    BUFGCTRL_X0Y1        BUFG (Prop_bufg_I_O)         0.029     1.128 r  clk_IBUF_BUFG_inst/O
                         net (fo=28, routed)          0.832     1.959    divisor/CLK
    SLICE_X34Y47         FDCE                                         r  divisor/counter_reg[19]/C
                         clock pessimism             -0.497     1.462    
    SLICE_X34Y47         FDCE (Hold_fdce_C_D)         0.131     1.593    divisor/counter_reg[19]
  -------------------------------------------------------------------
                         required time                         -1.593    
                         arrival time                           1.996    
  -------------------------------------------------------------------
                         slack                                  0.403    

Slack (MET) :             0.407ns  (arrival time - required time)
  Source:                 divisor/counter_reg[0]/C
                            (rising edge-triggered cell FDCE clocked by sys_clk_pin  {rise@0.000ns fall@5.000ns period=10.000ns})
  Destination:            divisor/counter_reg[15]/D
                            (rising edge-triggered cell FDCE clocked by sys_clk_pin  {rise@0.000ns fall@5.000ns period=10.000ns})
  Path Group:             sys_clk_pin
  Path Type:              Hold (Min at Fast Process Corner)
  Requirement:            0.000ns  (sys_clk_pin rise@0.000ns - sys_clk_pin rise@0.000ns)
  Data Path Delay:        0.554ns  (logic 0.208ns (37.541%)  route 0.346ns (62.459%))
  Logic Levels:           1  (LUT3=1)
  Clock Path Skew:        0.016ns (DCD - SCD - CPR)
    Destination Clock Delay (DCD):    1.959ns
    Source Clock Delay      (SCD):    1.446ns
    Clock Pessimism Removal (CPR):    0.497ns

    Location             Delay type                Incr(ns)  Path(ns)    Netlist Resource(s)
  -------------------------------------------------------------------    -------------------
                         (clock sys_clk_pin rise edge)
                                                      0.000     0.000 r  
    W5                                                0.000     0.000 r  clk (IN)
                         net (fo=0)                   0.000     0.000    clk
    W5                   IBUF (Prop_ibuf_I_O)         0.226     0.226 r  clk_IBUF_inst/O
                         net (fo=1, routed)           0.631     0.858    clk_IBUF
    BUFGCTRL_X0Y1        BUFG (Prop_bufg_I_O)         0.026     0.884 r  clk_IBUF_BUFG_inst/O
                         net (fo=28, routed)          0.563     1.446    divisor/CLK
    SLICE_X34Y48         FDCE                                         r  divisor/counter_reg[0]/C
  -------------------------------------------------------------------    -------------------
    SLICE_X34Y48         FDCE (Prop_fdce_C_Q)         0.164     1.610 r  divisor/counter_reg[0]/Q
                         net (fo=29, routed)          0.346     1.956    divisor/counter[0]
    SLICE_X34Y47         LUT3 (Prop_lut3_I0_O)        0.044     2.000 r  divisor/counter[15]_i_1/O
                         net (fo=1, routed)           0.000     2.000    divisor/counter_0[15]
    SLICE_X34Y47         FDCE                                         r  divisor/counter_reg[15]/D
  -------------------------------------------------------------------    -------------------

                         (clock sys_clk_pin rise edge)
                                                      0.000     0.000 r  
    W5                                                0.000     0.000 r  clk (IN)
                         net (fo=0)                   0.000     0.000    clk
    W5                   IBUF (Prop_ibuf_I_O)         0.414     0.414 r  clk_IBUF_inst/O
                         net (fo=1, routed)           0.685     1.099    clk_IBUF
    BUFGCTRL_X0Y1        BUFG (Prop_bufg_I_O)         0.029     1.128 r  clk_IBUF_BUFG_inst/O
                         net (fo=28, routed)          0.832     1.959    divisor/CLK
    SLICE_X34Y47         FDCE                                         r  divisor/counter_reg[15]/C
                         clock pessimism             -0.497     1.462    
    SLICE_X34Y47         FDCE (Hold_fdce_C_D)         0.131     1.593    divisor/counter_reg[15]
  -------------------------------------------------------------------
                         required time                         -1.593    
                         arrival time                           2.000    
  -------------------------------------------------------------------
                         slack                                  0.407    





Pulse Width Checks
--------------------------------------------------------------------------------------
Clock Name:         sys_clk_pin
Waveform(ns):       { 0.000 5.000 }
Period(ns):         10.000
Sources:            { clk }

Check Type        Corner  Lib Pin  Reference Pin  Required(ns)  Actual(ns)  Slack(ns)  Location       Pin
Min Period        n/a     BUFG/I   n/a            2.155         10.000      7.845      BUFGCTRL_X0Y1  clk_IBUF_BUFG_inst/I
Min Period        n/a     FDCE/C   n/a            1.000         10.000      9.000      SLICE_X34Y48   divisor/counter_reg[0]/C
Min Period        n/a     FDCE/C   n/a            1.000         10.000      9.000      SLICE_X34Y45   divisor/counter_reg[10]/C
Min Period        n/a     FDCE/C   n/a            1.000         10.000      9.000      SLICE_X34Y45   divisor/counter_reg[11]/C
Min Period        n/a     FDCE/C   n/a            1.000         10.000      9.000      SLICE_X34Y45   divisor/counter_reg[12]/C
Min Period        n/a     FDCE/C   n/a            1.000         10.000      9.000      SLICE_X34Y47   divisor/counter_reg[13]/C
Min Period        n/a     FDCE/C   n/a            1.000         10.000      9.000      SLICE_X34Y45   divisor/counter_reg[14]/C
Min Period        n/a     FDCE/C   n/a            1.000         10.000      9.000      SLICE_X34Y47   divisor/counter_reg[15]/C
Min Period        n/a     FDCE/C   n/a            1.000         10.000      9.000      SLICE_X34Y45   divisor/counter_reg[16]/C
Min Period        n/a     FDCE/C   n/a            1.000         10.000      9.000      SLICE_X34Y47   divisor/counter_reg[17]/C
Low Pulse Width   Slow    FDCE/C   n/a            0.500         5.000       4.500      SLICE_X34Y48   divisor/counter_reg[0]/C
Low Pulse Width   Fast    FDCE/C   n/a            0.500         5.000       4.500      SLICE_X34Y48   divisor/counter_reg[0]/C
Low Pulse Width   Slow    FDCE/C   n/a            0.500         5.000       4.500      SLICE_X34Y45   divisor/counter_reg[10]/C
Low Pulse Width   Fast    FDCE/C   n/a            0.500         5.000       4.500      SLICE_X34Y45   divisor/counter_reg[10]/C
Low Pulse Width   Slow    FDCE/C   n/a            0.500         5.000       4.500      SLICE_X34Y45   divisor/counter_reg[11]/C
Low Pulse Width   Fast    FDCE/C   n/a            0.500         5.000       4.500      SLICE_X34Y45   divisor/counter_reg[11]/C
Low Pulse Width   Slow    FDCE/C   n/a            0.500         5.000       4.500      SLICE_X34Y45   divisor/counter_reg[12]/C
Low Pulse Width   Fast    FDCE/C   n/a            0.500         5.000       4.500      SLICE_X34Y45   divisor/counter_reg[12]/C
Low Pulse Width   Slow    FDCE/C   n/a            0.500         5.000       4.500      SLICE_X34Y47   divisor/counter_reg[13]/C
Low Pulse Width   Fast    FDCE/C   n/a            0.500         5.000       4.500      SLICE_X34Y47   divisor/counter_reg[13]/C
High Pulse Width  Slow    FDCE/C   n/a            0.500         5.000       4.500      SLICE_X34Y48   divisor/counter_reg[0]/C
High Pulse Width  Fast    FDCE/C   n/a            0.500         5.000       4.500      SLICE_X34Y48   divisor/counter_reg[0]/C
High Pulse Width  Slow    FDCE/C   n/a            0.500         5.000       4.500      SLICE_X34Y45   divisor/counter_reg[10]/C
High Pulse Width  Fast    FDCE/C   n/a            0.500         5.000       4.500      SLICE_X34Y45   divisor/counter_reg[10]/C
High Pulse Width  Slow    FDCE/C   n/a            0.500         5.000       4.500      SLICE_X34Y45   divisor/counter_reg[11]/C
High Pulse Width  Fast    FDCE/C   n/a            0.500         5.000       4.500      SLICE_X34Y45   divisor/counter_reg[11]/C
High Pulse Width  Slow    FDCE/C   n/a            0.500         5.000       4.500      SLICE_X34Y45   divisor/counter_reg[12]/C
High Pulse Width  Fast    FDCE/C   n/a            0.500         5.000       4.500      SLICE_X34Y45   divisor/counter_reg[12]/C
High Pulse Width  Slow    FDCE/C   n/a            0.500         5.000       4.500      SLICE_X34Y47   divisor/counter_reg[13]/C
High Pulse Width  Fast    FDCE/C   n/a            0.500         5.000       4.500      SLICE_X34Y47   divisor/counter_reg[13]/C



--------------------------------------------------------------------------------------
Path Group:  (none)
From Clock:  
  To Clock:  

Max Delay           153 Endpoints
Min Delay           153 Endpoints
--------------------------------------------------------------------------------------


Max Delay Paths
--------------------------------------------------------------------------------------
Slack:                    inf
  Source:                 Controle/FSM_onehot_estado_atual_reg[2]/C
                            (rising edge-triggered cell FDCE)
  Destination:            ready
                            (output port)
  Path Group:             (none)
  Path Type:              Max at Slow Process Corner
  Data Path Delay:        9.726ns  (logic 4.039ns (41.533%)  route 5.686ns (58.467%))
  Logic Levels:           2  (FDCE=1 OBUF=1)

    Location             Delay type                Incr(ns)  Path(ns)    Netlist Resource(s)
  -------------------------------------------------------------------    -------------------
    SLICE_X2Y13          FDCE                         0.000     0.000 r  Controle/FSM_onehot_estado_atual_reg[2]/C
    SLICE_X2Y13          FDCE (Prop_fdce_C_Q)         0.518     0.518 r  Controle/FSM_onehot_estado_atual_reg[2]/Q
                         net (fo=3, routed)           5.686     6.204    ready_OBUF
    L1                   OBUF (Prop_obuf_I_O)         3.521     9.726 r  ready_OBUF_inst/O
                         net (fo=0)                   0.000     9.726    ready
    L1                                                                r  ready (OUT)
  -------------------------------------------------------------------    -------------------

Slack:                    inf
  Source:                 BlocoOpera/avg_reg[1]/C
                            (rising edge-triggered cell FDCE)
  Destination:            led[1]
                            (output port)
  Path Group:             (none)
  Path Type:              Max at Slow Process Corner
  Data Path Delay:        6.678ns  (logic 3.986ns (59.683%)  route 2.692ns (40.317%))
  Logic Levels:           2  (FDCE=1 OBUF=1)

    Location             Delay type                Incr(ns)  Path(ns)    Netlist Resource(s)
  -------------------------------------------------------------------    -------------------
    SLICE_X0Y11          FDCE                         0.000     0.000 r  BlocoOpera/avg_reg[1]/C
    SLICE_X0Y11          FDCE (Prop_fdce_C_Q)         0.456     0.456 r  BlocoOpera/avg_reg[1]/Q
                         net (fo=2, routed)           2.692     3.148    led_OBUF[1]
    E19                  OBUF (Prop_obuf_I_O)         3.530     6.678 r  led_OBUF[1]_inst/O
                         net (fo=0)                   0.000     6.678    led[1]
    E19                                                               r  led[1] (OUT)
  -------------------------------------------------------------------    -------------------

Slack:                    inf
  Source:                 BlocoOpera/avg_reg[6]/C
                            (rising edge-triggered cell FDCE)
  Destination:            led[6]
                            (output port)
  Path Group:             (none)
  Path Type:              Max at Slow Process Corner
  Data Path Delay:        6.053ns  (logic 3.962ns (65.457%)  route 2.091ns (34.543%))
  Logic Levels:           2  (FDCE=1 OBUF=1)

    Location             Delay type                Incr(ns)  Path(ns)    Netlist Resource(s)
  -------------------------------------------------------------------    -------------------
    SLICE_X0Y12          FDCE                         0.000     0.000 r  BlocoOpera/avg_reg[6]/C
    SLICE_X0Y12          FDCE (Prop_fdce_C_Q)         0.456     0.456 r  BlocoOpera/avg_reg[6]/Q
                         net (fo=2, routed)           2.091     2.547    led_OBUF[6]
    U14                  OBUF (Prop_obuf_I_O)         3.506     6.053 r  led_OBUF[6]_inst/O
                         net (fo=0)                   0.000     6.053    led[6]
    U14                                                               r  led[6] (OUT)
  -------------------------------------------------------------------    -------------------

Slack:                    inf
  Source:                 BlocoOpera/avg_reg[7]/C
                            (rising edge-triggered cell FDCE)
  Destination:            led[7]
                            (output port)
  Path Group:             (none)
  Path Type:              Max at Slow Process Corner
  Data Path Delay:        6.034ns  (logic 3.957ns (65.572%)  route 2.077ns (34.428%))
  Logic Levels:           2  (FDCE=1 OBUF=1)

    Location             Delay type                Incr(ns)  Path(ns)    Netlist Resource(s)
  -------------------------------------------------------------------    -------------------
    SLICE_X0Y12          FDCE                         0.000     0.000 r  BlocoOpera/avg_reg[7]/C
    SLICE_X0Y12          FDCE (Prop_fdce_C_Q)         0.456     0.456 r  BlocoOpera/avg_reg[7]/Q
                         net (fo=2, routed)           2.077     2.533    led_OBUF[7]
    V14                  OBUF (Prop_obuf_I_O)         3.501     6.034 r  led_OBUF[7]_inst/O
                         net (fo=0)                   0.000     6.034    led[7]
    V14                                                               r  led[7] (OUT)
  -------------------------------------------------------------------    -------------------

Slack:                    inf
  Source:                 BlocoOpera/avg_reg[3]/C
                            (rising edge-triggered cell FDCE)
  Destination:            led[3]
                            (output port)
  Path Group:             (none)
  Path Type:              Max at Slow Process Corner
  Data Path Delay:        5.995ns  (logic 3.965ns (66.138%)  route 2.030ns (33.862%))
  Logic Levels:           2  (FDCE=1 OBUF=1)

    Location             Delay type                Incr(ns)  Path(ns)    Netlist Resource(s)
  -------------------------------------------------------------------    -------------------
    SLICE_X0Y11          FDCE                         0.000     0.000 r  BlocoOpera/avg_reg[3]/C
    SLICE_X0Y11          FDCE (Prop_fdce_C_Q)         0.456     0.456 r  BlocoOpera/avg_reg[3]/Q
                         net (fo=2, routed)           2.030     2.486    led_OBUF[3]
    V19                  OBUF (Prop_obuf_I_O)         3.509     5.995 r  led_OBUF[3]_inst/O
                         net (fo=0)                   0.000     5.995    led[3]
    V19                                                               r  led[3] (OUT)
  -------------------------------------------------------------------    -------------------

Slack:                    inf
  Source:                 BlocoOpera/avg_reg[2]/C
                            (rising edge-triggered cell FDCE)
  Destination:            led[2]
                            (output port)
  Path Group:             (none)
  Path Type:              Max at Slow Process Corner
  Data Path Delay:        5.893ns  (logic 3.957ns (67.142%)  route 1.936ns (32.858%))
  Logic Levels:           2  (FDCE=1 OBUF=1)

    Location             Delay type                Incr(ns)  Path(ns)    Netlist Resource(s)
  -------------------------------------------------------------------    -------------------
    SLICE_X0Y11          FDCE                         0.000     0.000 r  BlocoOpera/avg_reg[2]/C
    SLICE_X0Y11          FDCE (Prop_fdce_C_Q)         0.456     0.456 r  BlocoOpera/avg_reg[2]/Q
                         net (fo=2, routed)           1.936     2.392    led_OBUF[2]
    U19                  OBUF (Prop_obuf_I_O)         3.501     5.893 r  led_OBUF[2]_inst/O
                         net (fo=0)                   0.000     5.893    led[2]
    U19                                                               r  led[2] (OUT)
  -------------------------------------------------------------------    -------------------

Slack:                    inf
  Source:                 BlocoOpera/avg_reg[0]/C
                            (rising edge-triggered cell FDCE)
  Destination:            led[0]
                            (output port)
  Path Group:             (none)
  Path Type:              Max at Slow Process Corner
  Data Path Delay:        5.853ns  (logic 3.961ns (67.666%)  route 1.893ns (32.334%))
  Logic Levels:           2  (FDCE=1 OBUF=1)

    Location             Delay type                Incr(ns)  Path(ns)    Netlist Resource(s)
  -------------------------------------------------------------------    -------------------
    SLICE_X0Y11          FDCE                         0.000     0.000 r  BlocoOpera/avg_reg[0]/C
    SLICE_X0Y11          FDCE (Prop_fdce_C_Q)         0.456     0.456 r  BlocoOpera/avg_reg[0]/Q
                         net (fo=2, routed)           1.893     2.349    led_OBUF[0]
    U16                  OBUF (Prop_obuf_I_O)         3.505     5.853 r  led_OBUF[0]_inst/O
                         net (fo=0)                   0.000     5.853    led[0]
    U16                                                               r  led[0] (OUT)
  -------------------------------------------------------------------    -------------------

Slack:                    inf
  Source:                 BlocoOpera/avg_reg[5]/C
                            (rising edge-triggered cell FDCE)
  Destination:            led[5]
                            (output port)
  Path Group:             (none)
  Path Type:              Max at Slow Process Corner
  Data Path Delay:        5.844ns  (logic 3.970ns (67.941%)  route 1.874ns (32.059%))
  Logic Levels:           2  (FDCE=1 OBUF=1)

    Location             Delay type                Incr(ns)  Path(ns)    Netlist Resource(s)
  -------------------------------------------------------------------    -------------------
    SLICE_X0Y12          FDCE                         0.000     0.000 r  BlocoOpera/avg_reg[5]/C
    SLICE_X0Y12          FDCE (Prop_fdce_C_Q)         0.456     0.456 r  BlocoOpera/avg_reg[5]/Q
                         net (fo=2, routed)           1.874     2.330    led_OBUF[5]
    U15                  OBUF (Prop_obuf_I_O)         3.514     5.844 r  led_OBUF[5]_inst/O
                         net (fo=0)                   0.000     5.844    led[5]
    U15                                                               r  led[5] (OUT)
  -------------------------------------------------------------------    -------------------

Slack:                    inf
  Source:                 BlocoOpera/avg_reg[4]/C
                            (rising edge-triggered cell FDCE)
  Destination:            led[4]
                            (output port)
  Path Group:             (none)
  Path Type:              Max at Slow Process Corner
  Data Path Delay:        5.832ns  (logic 3.965ns (67.985%)  route 1.867ns (32.015%))
  Logic Levels:           2  (FDCE=1 OBUF=1)

    Location             Delay type                Incr(ns)  Path(ns)    Netlist Resource(s)
  -------------------------------------------------------------------    -------------------
    SLICE_X0Y12          FDCE                         0.000     0.000 r  BlocoOpera/avg_reg[4]/C
    SLICE_X0Y12          FDCE (Prop_fdce_C_Q)         0.456     0.456 r  BlocoOpera/avg_reg[4]/Q
                         net (fo=2, routed)           1.867     2.323    led_OBUF[4]
    W18                  OBUF (Prop_obuf_I_O)         3.509     5.832 r  led_OBUF[4]_inst/O
                         net (fo=0)                   0.000     5.832    led[4]
    W18                                                               r  led[4] (OUT)
  -------------------------------------------------------------------    -------------------

Slack:                    inf
  Source:                 start
                            (input port)
  Destination:            Controle/FSM_onehot_estado_atual_reg[1]/D
  Path Group:             (none)
  Path Type:              Max at Slow Process Corner
  Data Path Delay:        5.639ns  (logic 1.580ns (28.021%)  route 4.059ns (71.979%))
  Logic Levels:           2  (IBUF=1 LUT2=1)

    Location             Delay type                Incr(ns)  Path(ns)    Netlist Resource(s)
  -------------------------------------------------------------------    -------------------
    R2                                                0.000     0.000 r  start (IN)
                         net (fo=0)                   0.000     0.000    start
    R2                   IBUF (Prop_ibuf_I_O)         1.456     1.456 r  start_IBUF_inst/O
                         net (fo=2, routed)           4.059     5.515    Controle/start_IBUF
    SLICE_X2Y13          LUT2 (Prop_lut2_I1_O)        0.124     5.639 r  Controle/FSM_onehot_estado_atual[1]_i_1/O
                         net (fo=1, routed)           0.000     5.639    Controle/FSM_onehot_estado_atual[1]_i_1_n_0
    SLICE_X2Y13          FDCE                                         r  Controle/FSM_onehot_estado_atual_reg[1]/D
  -------------------------------------------------------------------    -------------------





Min Delay Paths
--------------------------------------------------------------------------------------
Slack:                    inf
  Source:                 Controle/FSM_onehot_estado_atual_reg[4]/C
                            (rising edge-triggered cell FDCE)
  Destination:            BlocoOpera/div_reg[6]/CE
  Path Group:             (none)
  Path Type:              Min at Fast Process Corner
  Data Path Delay:        0.275ns  (logic 0.141ns (51.270%)  route 0.134ns (48.730%))
  Logic Levels:           1  (FDCE=1)

    Location             Delay type                Incr(ns)  Path(ns)    Netlist Resource(s)
  -------------------------------------------------------------------    -------------------
    SLICE_X3Y13          FDCE                         0.000     0.000 r  Controle/FSM_onehot_estado_atual_reg[4]/C
    SLICE_X3Y13          FDCE (Prop_fdce_C_Q)         0.141     0.141 r  Controle/FSM_onehot_estado_atual_reg[4]/Q
                         net (fo=6, routed)           0.134     0.275    BlocoOpera/Q[2]
    SLICE_X3Y12          FDCE                                         r  BlocoOpera/div_reg[6]/CE
  -------------------------------------------------------------------    -------------------

Slack:                    inf
  Source:                 Controle/FSM_onehot_estado_atual_reg[3]/C
                            (rising edge-triggered cell FDCE)
  Destination:            Controle/FSM_onehot_estado_atual_reg[4]/D
  Path Group:             (none)
  Path Type:              Min at Fast Process Corner
  Data Path Delay:        0.283ns  (logic 0.148ns (52.326%)  route 0.135ns (47.674%))
  Logic Levels:           1  (FDCE=1)

    Location             Delay type                Incr(ns)  Path(ns)    Netlist Resource(s)
  -------------------------------------------------------------------    -------------------
    SLICE_X2Y13          FDCE                         0.000     0.000 r  Controle/FSM_onehot_estado_atual_reg[3]/C
    SLICE_X2Y13          FDCE (Prop_fdce_C_Q)         0.148     0.148 r  Controle/FSM_onehot_estado_atual_reg[3]/Q
                         net (fo=6, routed)           0.135     0.283    Controle/Q[1]
    SLICE_X3Y13          FDCE                                         r  Controle/FSM_onehot_estado_atual_reg[4]/D
  -------------------------------------------------------------------    -------------------

Slack:                    inf
  Source:                 BlocoOpera/regamostras_reg_c_1/C
                            (rising edge-triggered cell FDCE)
  Destination:            BlocoOpera/regamostras_reg_c_2/D
  Path Group:             (none)
  Path Type:              Min at Fast Process Corner
  Data Path Delay:        0.289ns  (logic 0.141ns (48.781%)  route 0.148ns (51.219%))
  Logic Levels:           1  (FDCE=1)

    Location             Delay type                Incr(ns)  Path(ns)    Netlist Resource(s)
  -------------------------------------------------------------------    -------------------
    SLICE_X1Y11          FDCE                         0.000     0.000 r  BlocoOpera/regamostras_reg_c_1/C
    SLICE_X1Y11          FDCE (Prop_fdce_C_Q)         0.141     0.141 r  BlocoOpera/regamostras_reg_c_1/Q
                         net (fo=1, routed)           0.148     0.289    BlocoOpera/regamostras_reg_c_1_n_0
    SLICE_X3Y10          FDCE                                         r  BlocoOpera/regamostras_reg_c_2/D
  -------------------------------------------------------------------    -------------------

Slack:                    inf
  Source:                 BlocoOpera/regamostras_reg_c_4/C
                            (rising edge-triggered cell FDCE)
  Destination:            BlocoOpera/regamostras_reg_c_5/D
  Path Group:             (none)
  Path Type:              Min at Fast Process Corner
  Data Path Delay:        0.304ns  (logic 0.128ns (42.152%)  route 0.176ns (57.848%))
  Logic Levels:           1  (FDCE=1)

    Location             Delay type                Incr(ns)  Path(ns)    Netlist Resource(s)
  -------------------------------------------------------------------    -------------------
    SLICE_X3Y10          FDCE                         0.000     0.000 r  BlocoOpera/regamostras_reg_c_4/C
    SLICE_X3Y10          FDCE (Prop_fdce_C_Q)         0.128     0.128 r  BlocoOpera/regamostras_reg_c_4/Q
                         net (fo=1, routed)           0.176     0.304    BlocoOpera/regamostras_reg_c_4_n_0
    SLICE_X3Y10          FDCE                                         r  BlocoOpera/regamostras_reg_c_5/D
  -------------------------------------------------------------------    -------------------

Slack:                    inf
  Source:                 BlocoOpera/regamostras_reg_c_2/C
                            (rising edge-triggered cell FDCE)
  Destination:            BlocoOpera/regamostras_reg_c_3/D
  Path Group:             (none)
  Path Type:              Min at Fast Process Corner
  Data Path Delay:        0.310ns  (logic 0.141ns (45.413%)  route 0.169ns (54.587%))
  Logic Levels:           1  (FDCE=1)

    Location             Delay type                Incr(ns)  Path(ns)    Netlist Resource(s)
  -------------------------------------------------------------------    -------------------
    SLICE_X3Y10          FDCE                         0.000     0.000 r  BlocoOpera/regamostras_reg_c_2/C
    SLICE_X3Y10          FDCE (Prop_fdce_C_Q)         0.141     0.141 r  BlocoOpera/regamostras_reg_c_2/Q
                         net (fo=1, routed)           0.169     0.310    BlocoOpera/regamostras_reg_c_2_n_0
    SLICE_X3Y10          FDCE                                         r  BlocoOpera/regamostras_reg_c_3/D
  -------------------------------------------------------------------    -------------------

Slack:                    inf
  Source:                 BlocoOpera/regamostras_reg_c_3/C
                            (rising edge-triggered cell FDCE)
  Destination:            BlocoOpera/regamostras_reg_c_4/D
  Path Group:             (none)
  Path Type:              Min at Fast Process Corner
  Data Path Delay:        0.317ns  (logic 0.141ns (44.418%)  route 0.176ns (55.582%))
  Logic Levels:           1  (FDCE=1)

    Location             Delay type                Incr(ns)  Path(ns)    Netlist Resource(s)
  -------------------------------------------------------------------    -------------------
    SLICE_X3Y10          FDCE                         0.000     0.000 r  BlocoOpera/regamostras_reg_c_3/C
    SLICE_X3Y10          FDCE (Prop_fdce_C_Q)         0.141     0.141 r  BlocoOpera/regamostras_reg_c_3/Q
                         net (fo=1, routed)           0.176     0.317    BlocoOpera/regamostras_reg_c_3_n_0
    SLICE_X3Y10          FDCE                                         r  BlocoOpera/regamostras_reg_c_4/D
  -------------------------------------------------------------------    -------------------

Slack:                    inf
  Source:                 Controle/FSM_onehot_estado_atual_reg[5]/C
                            (rising edge-triggered cell FDCE)
  Destination:            Controle/FSM_onehot_estado_atual_reg[6]/D
  Path Group:             (none)
  Path Type:              Min at Fast Process Corner
  Data Path Delay:        0.320ns  (logic 0.141ns (44.020%)  route 0.179ns (55.980%))
  Logic Levels:           1  (FDCE=1)

    Location             Delay type                Incr(ns)  Path(ns)    Netlist Resource(s)
  -------------------------------------------------------------------    -------------------
    SLICE_X3Y13          FDCE                         0.000     0.000 r  Controle/FSM_onehot_estado_atual_reg[5]/C
    SLICE_X3Y13          FDCE (Prop_fdce_C_Q)         0.141     0.141 r  Controle/FSM_onehot_estado_atual_reg[5]/Q
                         net (fo=2, routed)           0.179     0.320    Controle/FSM_onehot_estado_atual_reg_n_0_[5]
    SLICE_X3Y13          FDCE                                         r  Controle/FSM_onehot_estado_atual_reg[6]/D
  -------------------------------------------------------------------    -------------------

Slack:                    inf
  Source:                 Controle/FSM_onehot_estado_atual_reg[4]/C
                            (rising edge-triggered cell FDCE)
  Destination:            Controle/FSM_onehot_estado_atual_reg[5]/D
  Path Group:             (none)
  Path Type:              Min at Fast Process Corner
  Data Path Delay:        0.323ns  (logic 0.141ns (43.598%)  route 0.182ns (56.402%))
  Logic Levels:           1  (FDCE=1)

    Location             Delay type                Incr(ns)  Path(ns)    Netlist Resource(s)
  -------------------------------------------------------------------    -------------------
    SLICE_X3Y13          FDCE                         0.000     0.000 r  Controle/FSM_onehot_estado_atual_reg[4]/C
    SLICE_X3Y13          FDCE (Prop_fdce_C_Q)         0.141     0.141 r  Controle/FSM_onehot_estado_atual_reg[4]/Q
                         net (fo=6, routed)           0.182     0.323    Controle/Q[2]
    SLICE_X3Y13          FDCE                                         r  Controle/FSM_onehot_estado_atual_reg[5]/D
  -------------------------------------------------------------------    -------------------

Slack:                    inf
  Source:                 Controle/FSM_onehot_estado_atual_reg[4]/C
                            (rising edge-triggered cell FDCE)
  Destination:            BlocoOpera/div_reg[0]/CE
  Path Group:             (none)
  Path Type:              Min at Fast Process Corner
  Data Path Delay:        0.328ns  (logic 0.141ns (43.003%)  route 0.187ns (56.997%))
  Logic Levels:           1  (FDCE=1)

    Location             Delay type                Incr(ns)  Path(ns)    Netlist Resource(s)
  -------------------------------------------------------------------    -------------------
    SLICE_X3Y13          FDCE                         0.000     0.000 r  Controle/FSM_onehot_estado_atual_reg[4]/C
    SLICE_X3Y13          FDCE (Prop_fdce_C_Q)         0.141     0.141 r  Controle/FSM_onehot_estado_atual_reg[4]/Q
                         net (fo=6, routed)           0.187     0.328    BlocoOpera/Q[2]
    SLICE_X3Y11          FDCE                                         r  BlocoOpera/div_reg[0]/CE
  -------------------------------------------------------------------    -------------------

Slack:                    inf
  Source:                 Controle/FSM_onehot_estado_atual_reg[4]/C
                            (rising edge-triggered cell FDCE)
  Destination:            BlocoOpera/div_reg[1]/CE
  Path Group:             (none)
  Path Type:              Min at Fast Process Corner
  Data Path Delay:        0.328ns  (logic 0.141ns (43.003%)  route 0.187ns (56.997%))
  Logic Levels:           1  (FDCE=1)

    Location             Delay type                Incr(ns)  Path(ns)    Netlist Resource(s)
  -------------------------------------------------------------------    -------------------
    SLICE_X3Y13          FDCE                         0.000     0.000 r  Controle/FSM_onehot_estado_atual_reg[4]/C
    SLICE_X3Y13          FDCE (Prop_fdce_C_Q)         0.141     0.141 r  Controle/FSM_onehot_estado_atual_reg[4]/Q
                         net (fo=6, routed)           0.187     0.328    BlocoOpera/Q[2]
    SLICE_X3Y11          FDCE                                         r  BlocoOpera/div_reg[1]/CE
  -------------------------------------------------------------------    -------------------





--------------------------------------------------------------------------------------
Path Group:  (none)
From Clock:  
  To Clock:  sys_clk_pin

Max Delay            28 Endpoints
Min Delay            28 Endpoints
--------------------------------------------------------------------------------------


Max Delay Paths
--------------------------------------------------------------------------------------
Slack:                    inf
  Source:                 reset
                            (input port)
  Destination:            divisor/counter_reg[5]/CLR
                            (recovery check against rising-edge clock sys_clk_pin  {rise@0.000ns fall@5.000ns period=10.000ns})
  Path Group:             (none)
  Path Type:              Recovery (Max at Slow Process Corner)
  Data Path Delay:        5.073ns  (logic 1.441ns (28.412%)  route 3.632ns (71.588%))
  Logic Levels:           1  (IBUF=1)
  Clock Path Skew:        4.785ns (DCD - SCD + CPR)
    Destination Clock Delay (DCD):    4.785ns
    Source Clock Delay      (SCD):    0.000ns
    Clock Pessimism Removal (CPR):    0.000ns
  Clock Uncertainty:      0.025ns  ((TSJ^2 + TIJ^2)^1/2 + DJ) / 2 + PE
    Total System Jitter     (TSJ):    0.050ns
    Total Input Jitter      (TIJ):    0.000ns
    Discrete Jitter          (DJ):    0.000ns
    Phase Error              (PE):    0.000ns

    Location             Delay type                Incr(ns)  Path(ns)    Netlist Resource(s)
  -------------------------------------------------------------------    -------------------
    U18                                               0.000     0.000 f  reset (IN)
                         net (fo=0)                   0.000     0.000    reset
    U18                  IBUF (Prop_ibuf_I_O)         1.441     1.441 f  reset_IBUF_inst/O
                         net (fo=35, routed)          3.632     5.073    divisor/AR[0]
    SLICE_X34Y44         FDCE                                         f  divisor/counter_reg[5]/CLR
  -------------------------------------------------------------------    -------------------

                         (clock sys_clk_pin rise edge)
                                                      0.000     0.000 r  
    W5                                                0.000     0.000 r  clk (IN)
                         net (fo=0)                   0.000     0.000    clk
    W5                   IBUF (Prop_ibuf_I_O)         1.388     1.388 r  clk_IBUF_inst/O
                         net (fo=1, routed)           1.862     3.250    clk_IBUF
    BUFGCTRL_X0Y1        BUFG (Prop_bufg_I_O)         0.091     3.341 r  clk_IBUF_BUFG_inst/O
                         net (fo=28, routed)          1.444     4.785    divisor/CLK
    SLICE_X34Y44         FDCE                                         r  divisor/counter_reg[5]/C

Slack:                    inf
  Source:                 reset
                            (input port)
  Destination:            divisor/counter_reg[6]/CLR
                            (recovery check against rising-edge clock sys_clk_pin  {rise@0.000ns fall@5.000ns period=10.000ns})
  Path Group:             (none)
  Path Type:              Recovery (Max at Slow Process Corner)
  Data Path Delay:        5.073ns  (logic 1.441ns (28.412%)  route 3.632ns (71.588%))
  Logic Levels:           1  (IBUF=1)
  Clock Path Skew:        4.785ns (DCD - SCD + CPR)
    Destination Clock Delay (DCD):    4.785ns
    Source Clock Delay      (SCD):    0.000ns
    Clock Pessimism Removal (CPR):    0.000ns
  Clock Uncertainty:      0.025ns  ((TSJ^2 + TIJ^2)^1/2 + DJ) / 2 + PE
    Total System Jitter     (TSJ):    0.050ns
    Total Input Jitter      (TIJ):    0.000ns
    Discrete Jitter          (DJ):    0.000ns
    Phase Error              (PE):    0.000ns

    Location             Delay type                Incr(ns)  Path(ns)    Netlist Resource(s)
  -------------------------------------------------------------------    -------------------
    U18                                               0.000     0.000 f  reset (IN)
                         net (fo=0)                   0.000     0.000    reset
    U18                  IBUF (Prop_ibuf_I_O)         1.441     1.441 f  reset_IBUF_inst/O
                         net (fo=35, routed)          3.632     5.073    divisor/AR[0]
    SLICE_X34Y44         FDCE                                         f  divisor/counter_reg[6]/CLR
  -------------------------------------------------------------------    -------------------

                         (clock sys_clk_pin rise edge)
                                                      0.000     0.000 r  
    W5                                                0.000     0.000 r  clk (IN)
                         net (fo=0)                   0.000     0.000    clk
    W5                   IBUF (Prop_ibuf_I_O)         1.388     1.388 r  clk_IBUF_inst/O
                         net (fo=1, routed)           1.862     3.250    clk_IBUF
    BUFGCTRL_X0Y1        BUFG (Prop_bufg_I_O)         0.091     3.341 r  clk_IBUF_BUFG_inst/O
                         net (fo=28, routed)          1.444     4.785    divisor/CLK
    SLICE_X34Y44         FDCE                                         r  divisor/counter_reg[6]/C

Slack:                    inf
  Source:                 reset
                            (input port)
  Destination:            divisor/counter_reg[7]/CLR
                            (recovery check against rising-edge clock sys_clk_pin  {rise@0.000ns fall@5.000ns period=10.000ns})
  Path Group:             (none)
  Path Type:              Recovery (Max at Slow Process Corner)
  Data Path Delay:        5.073ns  (logic 1.441ns (28.412%)  route 3.632ns (71.588%))
  Logic Levels:           1  (IBUF=1)
  Clock Path Skew:        4.785ns (DCD - SCD + CPR)
    Destination Clock Delay (DCD):    4.785ns
    Source Clock Delay      (SCD):    0.000ns
    Clock Pessimism Removal (CPR):    0.000ns
  Clock Uncertainty:      0.025ns  ((TSJ^2 + TIJ^2)^1/2 + DJ) / 2 + PE
    Total System Jitter     (TSJ):    0.050ns
    Total Input Jitter      (TIJ):    0.000ns
    Discrete Jitter          (DJ):    0.000ns
    Phase Error              (PE):    0.000ns

    Location             Delay type                Incr(ns)  Path(ns)    Netlist Resource(s)
  -------------------------------------------------------------------    -------------------
    U18                                               0.000     0.000 f  reset (IN)
                         net (fo=0)                   0.000     0.000    reset
    U18                  IBUF (Prop_ibuf_I_O)         1.441     1.441 f  reset_IBUF_inst/O
                         net (fo=35, routed)          3.632     5.073    divisor/AR[0]
    SLICE_X34Y44         FDCE                                         f  divisor/counter_reg[7]/CLR
  -------------------------------------------------------------------    -------------------

                         (clock sys_clk_pin rise edge)
                                                      0.000     0.000 r  
    W5                                                0.000     0.000 r  clk (IN)
                         net (fo=0)                   0.000     0.000    clk
    W5                   IBUF (Prop_ibuf_I_O)         1.388     1.388 r  clk_IBUF_inst/O
                         net (fo=1, routed)           1.862     3.250    clk_IBUF
    BUFGCTRL_X0Y1        BUFG (Prop_bufg_I_O)         0.091     3.341 r  clk_IBUF_BUFG_inst/O
                         net (fo=28, routed)          1.444     4.785    divisor/CLK
    SLICE_X34Y44         FDCE                                         r  divisor/counter_reg[7]/C

Slack:                    inf
  Source:                 reset
                            (input port)
  Destination:            divisor/counter_reg[8]/CLR
                            (recovery check against rising-edge clock sys_clk_pin  {rise@0.000ns fall@5.000ns period=10.000ns})
  Path Group:             (none)
  Path Type:              Recovery (Max at Slow Process Corner)
  Data Path Delay:        5.073ns  (logic 1.441ns (28.412%)  route 3.632ns (71.588%))
  Logic Levels:           1  (IBUF=1)
  Clock Path Skew:        4.785ns (DCD - SCD + CPR)
    Destination Clock Delay (DCD):    4.785ns
    Source Clock Delay      (SCD):    0.000ns
    Clock Pessimism Removal (CPR):    0.000ns
  Clock Uncertainty:      0.025ns  ((TSJ^2 + TIJ^2)^1/2 + DJ) / 2 + PE
    Total System Jitter     (TSJ):    0.050ns
    Total Input Jitter      (TIJ):    0.000ns
    Discrete Jitter          (DJ):    0.000ns
    Phase Error              (PE):    0.000ns

    Location             Delay type                Incr(ns)  Path(ns)    Netlist Resource(s)
  -------------------------------------------------------------------    -------------------
    U18                                               0.000     0.000 f  reset (IN)
                         net (fo=0)                   0.000     0.000    reset
    U18                  IBUF (Prop_ibuf_I_O)         1.441     1.441 f  reset_IBUF_inst/O
                         net (fo=35, routed)          3.632     5.073    divisor/AR[0]
    SLICE_X34Y44         FDCE                                         f  divisor/counter_reg[8]/CLR
  -------------------------------------------------------------------    -------------------

                         (clock sys_clk_pin rise edge)
                                                      0.000     0.000 r  
    W5                                                0.000     0.000 r  clk (IN)
                         net (fo=0)                   0.000     0.000    clk
    W5                   IBUF (Prop_ibuf_I_O)         1.388     1.388 r  clk_IBUF_inst/O
                         net (fo=1, routed)           1.862     3.250    clk_IBUF
    BUFGCTRL_X0Y1        BUFG (Prop_bufg_I_O)         0.091     3.341 r  clk_IBUF_BUFG_inst/O
                         net (fo=28, routed)          1.444     4.785    divisor/CLK
    SLICE_X34Y44         FDCE                                         r  divisor/counter_reg[8]/C

Slack:                    inf
  Source:                 reset
                            (input port)
  Destination:            divisor/counter_reg[25]/CLR
                            (recovery check against rising-edge clock sys_clk_pin  {rise@0.000ns fall@5.000ns period=10.000ns})
  Path Group:             (none)
  Path Type:              Recovery (Max at Slow Process Corner)
  Data Path Delay:        4.940ns  (logic 1.441ns (29.174%)  route 3.499ns (70.826%))
  Logic Levels:           1  (IBUF=1)
  Clock Path Skew:        4.786ns (DCD - SCD + CPR)
    Destination Clock Delay (DCD):    4.786ns
    Source Clock Delay      (SCD):    0.000ns
    Clock Pessimism Removal (CPR):    0.000ns
  Clock Uncertainty:      0.025ns  ((TSJ^2 + TIJ^2)^1/2 + DJ) / 2 + PE
    Total System Jitter     (TSJ):    0.050ns
    Total Input Jitter      (TIJ):    0.000ns
    Discrete Jitter          (DJ):    0.000ns
    Phase Error              (PE):    0.000ns

    Location             Delay type                Incr(ns)  Path(ns)    Netlist Resource(s)
  -------------------------------------------------------------------    -------------------
    U18                                               0.000     0.000 f  reset (IN)
                         net (fo=0)                   0.000     0.000    reset
    U18                  IBUF (Prop_ibuf_I_O)         1.441     1.441 f  reset_IBUF_inst/O
                         net (fo=35, routed)          3.499     4.940    divisor/AR[0]
    SLICE_X34Y49         FDCE                                         f  divisor/counter_reg[25]/CLR
  -------------------------------------------------------------------    -------------------

                         (clock sys_clk_pin rise edge)
                                                      0.000     0.000 r  
    W5                                                0.000     0.000 r  clk (IN)
                         net (fo=0)                   0.000     0.000    clk
    W5                   IBUF (Prop_ibuf_I_O)         1.388     1.388 r  clk_IBUF_inst/O
                         net (fo=1, routed)           1.862     3.250    clk_IBUF
    BUFGCTRL_X0Y1        BUFG (Prop_bufg_I_O)         0.091     3.341 r  clk_IBUF_BUFG_inst/O
                         net (fo=28, routed)          1.445     4.786    divisor/CLK
    SLICE_X34Y49         FDCE                                         r  divisor/counter_reg[25]/C

Slack:                    inf
  Source:                 reset
                            (input port)
  Destination:            divisor/counter_reg[26]/CLR
                            (recovery check against rising-edge clock sys_clk_pin  {rise@0.000ns fall@5.000ns period=10.000ns})
  Path Group:             (none)
  Path Type:              Recovery (Max at Slow Process Corner)
  Data Path Delay:        4.940ns  (logic 1.441ns (29.174%)  route 3.499ns (70.826%))
  Logic Levels:           1  (IBUF=1)
  Clock Path Skew:        4.786ns (DCD - SCD + CPR)
    Destination Clock Delay (DCD):    4.786ns
    Source Clock Delay      (SCD):    0.000ns
    Clock Pessimism Removal (CPR):    0.000ns
  Clock Uncertainty:      0.025ns  ((TSJ^2 + TIJ^2)^1/2 + DJ) / 2 + PE
    Total System Jitter     (TSJ):    0.050ns
    Total Input Jitter      (TIJ):    0.000ns
    Discrete Jitter          (DJ):    0.000ns
    Phase Error              (PE):    0.000ns

    Location             Delay type                Incr(ns)  Path(ns)    Netlist Resource(s)
  -------------------------------------------------------------------    -------------------
    U18                                               0.000     0.000 f  reset (IN)
                         net (fo=0)                   0.000     0.000    reset
    U18                  IBUF (Prop_ibuf_I_O)         1.441     1.441 f  reset_IBUF_inst/O
                         net (fo=35, routed)          3.499     4.940    divisor/AR[0]
    SLICE_X34Y49         FDCE                                         f  divisor/counter_reg[26]/CLR
  -------------------------------------------------------------------    -------------------

                         (clock sys_clk_pin rise edge)
                                                      0.000     0.000 r  
    W5                                                0.000     0.000 r  clk (IN)
                         net (fo=0)                   0.000     0.000    clk
    W5                   IBUF (Prop_ibuf_I_O)         1.388     1.388 r  clk_IBUF_inst/O
                         net (fo=1, routed)           1.862     3.250    clk_IBUF
    BUFGCTRL_X0Y1        BUFG (Prop_bufg_I_O)         0.091     3.341 r  clk_IBUF_BUFG_inst/O
                         net (fo=28, routed)          1.445     4.786    divisor/CLK
    SLICE_X34Y49         FDCE                                         r  divisor/counter_reg[26]/C

Slack:                    inf
  Source:                 reset
                            (input port)
  Destination:            divisor/counter_reg[0]/CLR
                            (recovery check against rising-edge clock sys_clk_pin  {rise@0.000ns fall@5.000ns period=10.000ns})
  Path Group:             (none)
  Path Type:              Recovery (Max at Slow Process Corner)
  Data Path Delay:        4.802ns  (logic 1.441ns (30.015%)  route 3.361ns (69.985%))
  Logic Levels:           1  (IBUF=1)
  Clock Path Skew:        4.786ns (DCD - SCD + CPR)
    Destination Clock Delay (DCD):    4.786ns
    Source Clock Delay      (SCD):    0.000ns
    Clock Pessimism Removal (CPR):    0.000ns
  Clock Uncertainty:      0.025ns  ((TSJ^2 + TIJ^2)^1/2 + DJ) / 2 + PE
    Total System Jitter     (TSJ):    0.050ns
    Total Input Jitter      (TIJ):    0.000ns
    Discrete Jitter          (DJ):    0.000ns
    Phase Error              (PE):    0.000ns

    Location             Delay type                Incr(ns)  Path(ns)    Netlist Resource(s)
  -------------------------------------------------------------------    -------------------
    U18                                               0.000     0.000 f  reset (IN)
                         net (fo=0)                   0.000     0.000    reset
    U18                  IBUF (Prop_ibuf_I_O)         1.441     1.441 f  reset_IBUF_inst/O
                         net (fo=35, routed)          3.361     4.802    divisor/AR[0]
    SLICE_X34Y48         FDCE                                         f  divisor/counter_reg[0]/CLR
  -------------------------------------------------------------------    -------------------

                         (clock sys_clk_pin rise edge)
                                                      0.000     0.000 r  
    W5                                                0.000     0.000 r  clk (IN)
                         net (fo=0)                   0.000     0.000    clk
    W5                   IBUF (Prop_ibuf_I_O)         1.388     1.388 r  clk_IBUF_inst/O
                         net (fo=1, routed)           1.862     3.250    clk_IBUF
    BUFGCTRL_X0Y1        BUFG (Prop_bufg_I_O)         0.091     3.341 r  clk_IBUF_BUFG_inst/O
                         net (fo=28, routed)          1.445     4.786    divisor/CLK
    SLICE_X34Y48         FDCE                                         r  divisor/counter_reg[0]/C

Slack:                    inf
  Source:                 reset
                            (input port)
  Destination:            divisor/counter_reg[21]/CLR
                            (recovery check against rising-edge clock sys_clk_pin  {rise@0.000ns fall@5.000ns period=10.000ns})
  Path Group:             (none)
  Path Type:              Recovery (Max at Slow Process Corner)
  Data Path Delay:        4.802ns  (logic 1.441ns (30.015%)  route 3.361ns (69.985%))
  Logic Levels:           1  (IBUF=1)
  Clock Path Skew:        4.786ns (DCD - SCD + CPR)
    Destination Clock Delay (DCD):    4.786ns
    Source Clock Delay      (SCD):    0.000ns
    Clock Pessimism Removal (CPR):    0.000ns
  Clock Uncertainty:      0.025ns  ((TSJ^2 + TIJ^2)^1/2 + DJ) / 2 + PE
    Total System Jitter     (TSJ):    0.050ns
    Total Input Jitter      (TIJ):    0.000ns
    Discrete Jitter          (DJ):    0.000ns
    Phase Error              (PE):    0.000ns

    Location             Delay type                Incr(ns)  Path(ns)    Netlist Resource(s)
  -------------------------------------------------------------------    -------------------
    U18                                               0.000     0.000 f  reset (IN)
                         net (fo=0)                   0.000     0.000    reset
    U18                  IBUF (Prop_ibuf_I_O)         1.441     1.441 f  reset_IBUF_inst/O
                         net (fo=35, routed)          3.361     4.802    divisor/AR[0]
    SLICE_X34Y48         FDCE                                         f  divisor/counter_reg[21]/CLR
  -------------------------------------------------------------------    -------------------

                         (clock sys_clk_pin rise edge)
                                                      0.000     0.000 r  
    W5                                                0.000     0.000 r  clk (IN)
                         net (fo=0)                   0.000     0.000    clk
    W5                   IBUF (Prop_ibuf_I_O)         1.388     1.388 r  clk_IBUF_inst/O
                         net (fo=1, routed)           1.862     3.250    clk_IBUF
    BUFGCTRL_X0Y1        BUFG (Prop_bufg_I_O)         0.091     3.341 r  clk_IBUF_BUFG_inst/O
                         net (fo=28, routed)          1.445     4.786    divisor/CLK
    SLICE_X34Y48         FDCE                                         r  divisor/counter_reg[21]/C

Slack:                    inf
  Source:                 reset
                            (input port)
  Destination:            divisor/counter_reg[22]/CLR
                            (recovery check against rising-edge clock sys_clk_pin  {rise@0.000ns fall@5.000ns period=10.000ns})
  Path Group:             (none)
  Path Type:              Recovery (Max at Slow Process Corner)
  Data Path Delay:        4.802ns  (logic 1.441ns (30.015%)  route 3.361ns (69.985%))
  Logic Levels:           1  (IBUF=1)
  Clock Path Skew:        4.786ns (DCD - SCD + CPR)
    Destination Clock Delay (DCD):    4.786ns
    Source Clock Delay      (SCD):    0.000ns
    Clock Pessimism Removal (CPR):    0.000ns
  Clock Uncertainty:      0.025ns  ((TSJ^2 + TIJ^2)^1/2 + DJ) / 2 + PE
    Total System Jitter     (TSJ):    0.050ns
    Total Input Jitter      (TIJ):    0.000ns
    Discrete Jitter          (DJ):    0.000ns
    Phase Error              (PE):    0.000ns

    Location             Delay type                Incr(ns)  Path(ns)    Netlist Resource(s)
  -------------------------------------------------------------------    -------------------
    U18                                               0.000     0.000 f  reset (IN)
                         net (fo=0)                   0.000     0.000    reset
    U18                  IBUF (Prop_ibuf_I_O)         1.441     1.441 f  reset_IBUF_inst/O
                         net (fo=35, routed)          3.361     4.802    divisor/AR[0]
    SLICE_X34Y48         FDCE                                         f  divisor/counter_reg[22]/CLR
  -------------------------------------------------------------------    -------------------

                         (clock sys_clk_pin rise edge)
                                                      0.000     0.000 r  
    W5                                                0.000     0.000 r  clk (IN)
                         net (fo=0)                   0.000     0.000    clk
    W5                   IBUF (Prop_ibuf_I_O)         1.388     1.388 r  clk_IBUF_inst/O
                         net (fo=1, routed)           1.862     3.250    clk_IBUF
    BUFGCTRL_X0Y1        BUFG (Prop_bufg_I_O)         0.091     3.341 r  clk_IBUF_BUFG_inst/O
                         net (fo=28, routed)          1.445     4.786    divisor/CLK
    SLICE_X34Y48         FDCE                                         r  divisor/counter_reg[22]/C

Slack:                    inf
  Source:                 reset
                            (input port)
  Destination:            divisor/counter_reg[23]/CLR
                            (recovery check against rising-edge clock sys_clk_pin  {rise@0.000ns fall@5.000ns period=10.000ns})
  Path Group:             (none)
  Path Type:              Recovery (Max at Slow Process Corner)
  Data Path Delay:        4.802ns  (logic 1.441ns (30.015%)  route 3.361ns (69.985%))
  Logic Levels:           1  (IBUF=1)
  Clock Path Skew:        4.786ns (DCD - SCD + CPR)
    Destination Clock Delay (DCD):    4.786ns
    Source Clock Delay      (SCD):    0.000ns
    Clock Pessimism Removal (CPR):    0.000ns
  Clock Uncertainty:      0.025ns  ((TSJ^2 + TIJ^2)^1/2 + DJ) / 2 + PE
    Total System Jitter     (TSJ):    0.050ns
    Total Input Jitter      (TIJ):    0.000ns
    Discrete Jitter          (DJ):    0.000ns
    Phase Error              (PE):    0.000ns

    Location             Delay type                Incr(ns)  Path(ns)    Netlist Resource(s)
  -------------------------------------------------------------------    -------------------
    U18                                               0.000     0.000 f  reset (IN)
                         net (fo=0)                   0.000     0.000    reset
    U18                  IBUF (Prop_ibuf_I_O)         1.441     1.441 f  reset_IBUF_inst/O
                         net (fo=35, routed)          3.361     4.802    divisor/AR[0]
    SLICE_X34Y48         FDCE                                         f  divisor/counter_reg[23]/CLR
  -------------------------------------------------------------------    -------------------

                         (clock sys_clk_pin rise edge)
                                                      0.000     0.000 r  
    W5                                                0.000     0.000 r  clk (IN)
                         net (fo=0)                   0.000     0.000    clk
    W5                   IBUF (Prop_ibuf_I_O)         1.388     1.388 r  clk_IBUF_inst/O
                         net (fo=1, routed)           1.862     3.250    clk_IBUF
    BUFGCTRL_X0Y1        BUFG (Prop_bufg_I_O)         0.091     3.341 r  clk_IBUF_BUFG_inst/O
                         net (fo=28, routed)          1.445     4.786    divisor/CLK
    SLICE_X34Y48         FDCE                                         r  divisor/counter_reg[23]/C





Min Delay Paths
--------------------------------------------------------------------------------------
Slack:                    inf
  Source:                 reset
                            (input port)
  Destination:            divisor/sclockdiv_reg/D
                            (rising edge-triggered cell FDRE clocked by sys_clk_pin  {rise@0.000ns fall@5.000ns period=10.000ns})
  Path Group:             (none)
  Path Type:              Hold (Min at Fast Process Corner)
  Data Path Delay:        1.687ns  (logic 0.255ns (15.091%)  route 1.432ns (84.909%))
  Logic Levels:           2  (IBUF=1 LUT4=1)
  Clock Path Skew:        1.958ns (DCD - SCD - CPR)
    Destination Clock Delay (DCD):    1.958ns
    Source Clock Delay      (SCD):    0.000ns
    Clock Pessimism Removal (CPR):    -0.000ns

    Location             Delay type                Incr(ns)  Path(ns)    Netlist Resource(s)
  -------------------------------------------------------------------    -------------------
    U18                                               0.000     0.000 r  reset (IN)
                         net (fo=0)                   0.000     0.000    reset
    U18                  IBUF (Prop_ibuf_I_O)         0.210     0.210 r  reset_IBUF_inst/O
                         net (fo=35, routed)          1.432     1.642    divisor/AR[0]
    SLICE_X34Y46         LUT4 (Prop_lut4_I0_O)        0.045     1.687 r  divisor/sclockdiv_i_1/O
                         net (fo=1, routed)           0.000     1.687    divisor/sclockdiv_i_1_n_0
    SLICE_X34Y46         FDRE                                         r  divisor/sclockdiv_reg/D
  -------------------------------------------------------------------    -------------------

                         (clock sys_clk_pin rise edge)
                                                      0.000     0.000 r  
    W5                                                0.000     0.000 r  clk (IN)
                         net (fo=0)                   0.000     0.000    clk
    W5                   IBUF (Prop_ibuf_I_O)         0.414     0.414 r  clk_IBUF_inst/O
                         net (fo=1, routed)           0.685     1.099    clk_IBUF
    BUFGCTRL_X0Y1        BUFG (Prop_bufg_I_O)         0.029     1.128 r  clk_IBUF_BUFG_inst/O
                         net (fo=28, routed)          0.831     1.958    divisor/CLK
    SLICE_X34Y46         FDRE                                         r  divisor/sclockdiv_reg/C

Slack:                    inf
  Source:                 reset
                            (input port)
  Destination:            divisor/counter_reg[10]/CLR
                            (removal check against rising-edge clock sys_clk_pin  {rise@0.000ns fall@5.000ns period=10.000ns})
  Path Group:             (none)
  Path Type:              Removal (Min at Fast Process Corner)
  Data Path Delay:        1.692ns  (logic 0.210ns (12.387%)  route 1.482ns (87.613%))
  Logic Levels:           1  (IBUF=1)
  Clock Path Skew:        1.958ns (DCD - SCD - CPR)
    Destination Clock Delay (DCD):    1.958ns
    Source Clock Delay      (SCD):    0.000ns
    Clock Pessimism Removal (CPR):    -0.000ns

    Location             Delay type                Incr(ns)  Path(ns)    Netlist Resource(s)
  -------------------------------------------------------------------    -------------------
    U18                                               0.000     0.000 f  reset (IN)
                         net (fo=0)                   0.000     0.000    reset
    U18                  IBUF (Prop_ibuf_I_O)         0.210     0.210 f  reset_IBUF_inst/O
                         net (fo=35, routed)          1.482     1.692    divisor/AR[0]
    SLICE_X34Y45         FDCE                                         f  divisor/counter_reg[10]/CLR
  -------------------------------------------------------------------    -------------------

                         (clock sys_clk_pin rise edge)
                                                      0.000     0.000 r  
    W5                                                0.000     0.000 r  clk (IN)
                         net (fo=0)                   0.000     0.000    clk
    W5                   IBUF (Prop_ibuf_I_O)         0.414     0.414 r  clk_IBUF_inst/O
                         net (fo=1, routed)           0.685     1.099    clk_IBUF
    BUFGCTRL_X0Y1        BUFG (Prop_bufg_I_O)         0.029     1.128 r  clk_IBUF_BUFG_inst/O
                         net (fo=28, routed)          0.831     1.958    divisor/CLK
    SLICE_X34Y45         FDCE                                         r  divisor/counter_reg[10]/C

Slack:                    inf
  Source:                 reset
                            (input port)
  Destination:            divisor/counter_reg[11]/CLR
                            (removal check against rising-edge clock sys_clk_pin  {rise@0.000ns fall@5.000ns period=10.000ns})
  Path Group:             (none)
  Path Type:              Removal (Min at Fast Process Corner)
  Data Path Delay:        1.692ns  (logic 0.210ns (12.387%)  route 1.482ns (87.613%))
  Logic Levels:           1  (IBUF=1)
  Clock Path Skew:        1.958ns (DCD - SCD - CPR)
    Destination Clock Delay (DCD):    1.958ns
    Source Clock Delay      (SCD):    0.000ns
    Clock Pessimism Removal (CPR):    -0.000ns

    Location             Delay type                Incr(ns)  Path(ns)    Netlist Resource(s)
  -------------------------------------------------------------------    -------------------
    U18                                               0.000     0.000 f  reset (IN)
                         net (fo=0)                   0.000     0.000    reset
    U18                  IBUF (Prop_ibuf_I_O)         0.210     0.210 f  reset_IBUF_inst/O
                         net (fo=35, routed)          1.482     1.692    divisor/AR[0]
    SLICE_X34Y45         FDCE                                         f  divisor/counter_reg[11]/CLR
  -------------------------------------------------------------------    -------------------

                         (clock sys_clk_pin rise edge)
                                                      0.000     0.000 r  
    W5                                                0.000     0.000 r  clk (IN)
                         net (fo=0)                   0.000     0.000    clk
    W5                   IBUF (Prop_ibuf_I_O)         0.414     0.414 r  clk_IBUF_inst/O
                         net (fo=1, routed)           0.685     1.099    clk_IBUF
    BUFGCTRL_X0Y1        BUFG (Prop_bufg_I_O)         0.029     1.128 r  clk_IBUF_BUFG_inst/O
                         net (fo=28, routed)          0.831     1.958    divisor/CLK
    SLICE_X34Y45         FDCE                                         r  divisor/counter_reg[11]/C

Slack:                    inf
  Source:                 reset
                            (input port)
  Destination:            divisor/counter_reg[12]/CLR
                            (removal check against rising-edge clock sys_clk_pin  {rise@0.000ns fall@5.000ns period=10.000ns})
  Path Group:             (none)
  Path Type:              Removal (Min at Fast Process Corner)
  Data Path Delay:        1.692ns  (logic 0.210ns (12.387%)  route 1.482ns (87.613%))
  Logic Levels:           1  (IBUF=1)
  Clock Path Skew:        1.958ns (DCD - SCD - CPR)
    Destination Clock Delay (DCD):    1.958ns
    Source Clock Delay      (SCD):    0.000ns
    Clock Pessimism Removal (CPR):    -0.000ns

    Location             Delay type                Incr(ns)  Path(ns)    Netlist Resource(s)
  -------------------------------------------------------------------    -------------------
    U18                                               0.000     0.000 f  reset (IN)
                         net (fo=0)                   0.000     0.000    reset
    U18                  IBUF (Prop_ibuf_I_O)         0.210     0.210 f  reset_IBUF_inst/O
                         net (fo=35, routed)          1.482     1.692    divisor/AR[0]
    SLICE_X34Y45         FDCE                                         f  divisor/counter_reg[12]/CLR
  -------------------------------------------------------------------    -------------------

                         (clock sys_clk_pin rise edge)
                                                      0.000     0.000 r  
    W5                                                0.000     0.000 r  clk (IN)
                         net (fo=0)                   0.000     0.000    clk
    W5                   IBUF (Prop_ibuf_I_O)         0.414     0.414 r  clk_IBUF_inst/O
                         net (fo=1, routed)           0.685     1.099    clk_IBUF
    BUFGCTRL_X0Y1        BUFG (Prop_bufg_I_O)         0.029     1.128 r  clk_IBUF_BUFG_inst/O
                         net (fo=28, routed)          0.831     1.958    divisor/CLK
    SLICE_X34Y45         FDCE                                         r  divisor/counter_reg[12]/C

Slack:                    inf
  Source:                 reset
                            (input port)
  Destination:            divisor/counter_reg[14]/CLR
                            (removal check against rising-edge clock sys_clk_pin  {rise@0.000ns fall@5.000ns period=10.000ns})
  Path Group:             (none)
  Path Type:              Removal (Min at Fast Process Corner)
  Data Path Delay:        1.692ns  (logic 0.210ns (12.387%)  route 1.482ns (87.613%))
  Logic Levels:           1  (IBUF=1)
  Clock Path Skew:        1.958ns (DCD - SCD - CPR)
    Destination Clock Delay (DCD):    1.958ns
    Source Clock Delay      (SCD):    0.000ns
    Clock Pessimism Removal (CPR):    -0.000ns

    Location             Delay type                Incr(ns)  Path(ns)    Netlist Resource(s)
  -------------------------------------------------------------------    -------------------
    U18                                               0.000     0.000 f  reset (IN)
                         net (fo=0)                   0.000     0.000    reset
    U18                  IBUF (Prop_ibuf_I_O)         0.210     0.210 f  reset_IBUF_inst/O
                         net (fo=35, routed)          1.482     1.692    divisor/AR[0]
    SLICE_X34Y45         FDCE                                         f  divisor/counter_reg[14]/CLR
  -------------------------------------------------------------------    -------------------

                         (clock sys_clk_pin rise edge)
                                                      0.000     0.000 r  
    W5                                                0.000     0.000 r  clk (IN)
                         net (fo=0)                   0.000     0.000    clk
    W5                   IBUF (Prop_ibuf_I_O)         0.414     0.414 r  clk_IBUF_inst/O
                         net (fo=1, routed)           0.685     1.099    clk_IBUF
    BUFGCTRL_X0Y1        BUFG (Prop_bufg_I_O)         0.029     1.128 r  clk_IBUF_BUFG_inst/O
                         net (fo=28, routed)          0.831     1.958    divisor/CLK
    SLICE_X34Y45         FDCE                                         r  divisor/counter_reg[14]/C

Slack:                    inf
  Source:                 reset
                            (input port)
  Destination:            divisor/counter_reg[16]/CLR
                            (removal check against rising-edge clock sys_clk_pin  {rise@0.000ns fall@5.000ns period=10.000ns})
  Path Group:             (none)
  Path Type:              Removal (Min at Fast Process Corner)
  Data Path Delay:        1.692ns  (logic 0.210ns (12.387%)  route 1.482ns (87.613%))
  Logic Levels:           1  (IBUF=1)
  Clock Path Skew:        1.958ns (DCD - SCD - CPR)
    Destination Clock Delay (DCD):    1.958ns
    Source Clock Delay      (SCD):    0.000ns
    Clock Pessimism Removal (CPR):    -0.000ns

    Location             Delay type                Incr(ns)  Path(ns)    Netlist Resource(s)
  -------------------------------------------------------------------    -------------------
    U18                                               0.000     0.000 f  reset (IN)
                         net (fo=0)                   0.000     0.000    reset
    U18                  IBUF (Prop_ibuf_I_O)         0.210     0.210 f  reset_IBUF_inst/O
                         net (fo=35, routed)          1.482     1.692    divisor/AR[0]
    SLICE_X34Y45         FDCE                                         f  divisor/counter_reg[16]/CLR
  -------------------------------------------------------------------    -------------------

                         (clock sys_clk_pin rise edge)
                                                      0.000     0.000 r  
    W5                                                0.000     0.000 r  clk (IN)
                         net (fo=0)                   0.000     0.000    clk
    W5                   IBUF (Prop_ibuf_I_O)         0.414     0.414 r  clk_IBUF_inst/O
                         net (fo=1, routed)           0.685     1.099    clk_IBUF
    BUFGCTRL_X0Y1        BUFG (Prop_bufg_I_O)         0.029     1.128 r  clk_IBUF_BUFG_inst/O
                         net (fo=28, routed)          0.831     1.958    divisor/CLK
    SLICE_X34Y45         FDCE                                         r  divisor/counter_reg[16]/C

Slack:                    inf
  Source:                 reset
                            (input port)
  Destination:            divisor/counter_reg[9]/CLR
                            (removal check against rising-edge clock sys_clk_pin  {rise@0.000ns fall@5.000ns period=10.000ns})
  Path Group:             (none)
  Path Type:              Removal (Min at Fast Process Corner)
  Data Path Delay:        1.692ns  (logic 0.210ns (12.387%)  route 1.482ns (87.613%))
  Logic Levels:           1  (IBUF=1)
  Clock Path Skew:        1.958ns (DCD - SCD - CPR)
    Destination Clock Delay (DCD):    1.958ns
    Source Clock Delay      (SCD):    0.000ns
    Clock Pessimism Removal (CPR):    -0.000ns

    Location             Delay type                Incr(ns)  Path(ns)    Netlist Resource(s)
  -------------------------------------------------------------------    -------------------
    U18                                               0.000     0.000 f  reset (IN)
                         net (fo=0)                   0.000     0.000    reset
    U18                  IBUF (Prop_ibuf_I_O)         0.210     0.210 f  reset_IBUF_inst/O
                         net (fo=35, routed)          1.482     1.692    divisor/AR[0]
    SLICE_X34Y45         FDCE                                         f  divisor/counter_reg[9]/CLR
  -------------------------------------------------------------------    -------------------

                         (clock sys_clk_pin rise edge)
                                                      0.000     0.000 r  
    W5                                                0.000     0.000 r  clk (IN)
                         net (fo=0)                   0.000     0.000    clk
    W5                   IBUF (Prop_ibuf_I_O)         0.414     0.414 r  clk_IBUF_inst/O
                         net (fo=1, routed)           0.685     1.099    clk_IBUF
    BUFGCTRL_X0Y1        BUFG (Prop_bufg_I_O)         0.029     1.128 r  clk_IBUF_BUFG_inst/O
                         net (fo=28, routed)          0.831     1.958    divisor/CLK
    SLICE_X34Y45         FDCE                                         r  divisor/counter_reg[9]/C

Slack:                    inf
  Source:                 reset
                            (input port)
  Destination:            divisor/counter_reg[13]/CLR
                            (removal check against rising-edge clock sys_clk_pin  {rise@0.000ns fall@5.000ns period=10.000ns})
  Path Group:             (none)
  Path Type:              Removal (Min at Fast Process Corner)
  Data Path Delay:        1.710ns  (logic 0.210ns (12.253%)  route 1.500ns (87.747%))
  Logic Levels:           1  (IBUF=1)
  Clock Path Skew:        1.959ns (DCD - SCD - CPR)
    Destination Clock Delay (DCD):    1.959ns
    Source Clock Delay      (SCD):    0.000ns
    Clock Pessimism Removal (CPR):    -0.000ns

    Location             Delay type                Incr(ns)  Path(ns)    Netlist Resource(s)
  -------------------------------------------------------------------    -------------------
    U18                                               0.000     0.000 f  reset (IN)
                         net (fo=0)                   0.000     0.000    reset
    U18                  IBUF (Prop_ibuf_I_O)         0.210     0.210 f  reset_IBUF_inst/O
                         net (fo=35, routed)          1.500     1.710    divisor/AR[0]
    SLICE_X34Y47         FDCE                                         f  divisor/counter_reg[13]/CLR
  -------------------------------------------------------------------    -------------------

                         (clock sys_clk_pin rise edge)
                                                      0.000     0.000 r  
    W5                                                0.000     0.000 r  clk (IN)
                         net (fo=0)                   0.000     0.000    clk
    W5                   IBUF (Prop_ibuf_I_O)         0.414     0.414 r  clk_IBUF_inst/O
                         net (fo=1, routed)           0.685     1.099    clk_IBUF
    BUFGCTRL_X0Y1        BUFG (Prop_bufg_I_O)         0.029     1.128 r  clk_IBUF_BUFG_inst/O
                         net (fo=28, routed)          0.832     1.959    divisor/CLK
    SLICE_X34Y47         FDCE                                         r  divisor/counter_reg[13]/C

Slack:                    inf
  Source:                 reset
                            (input port)
  Destination:            divisor/counter_reg[15]/CLR
                            (removal check against rising-edge clock sys_clk_pin  {rise@0.000ns fall@5.000ns period=10.000ns})
  Path Group:             (none)
  Path Type:              Removal (Min at Fast Process Corner)
  Data Path Delay:        1.710ns  (logic 0.210ns (12.253%)  route 1.500ns (87.747%))
  Logic Levels:           1  (IBUF=1)
  Clock Path Skew:        1.959ns (DCD - SCD - CPR)
    Destination Clock Delay (DCD):    1.959ns
    Source Clock Delay      (SCD):    0.000ns
    Clock Pessimism Removal (CPR):    -0.000ns

    Location             Delay type                Incr(ns)  Path(ns)    Netlist Resource(s)
  -------------------------------------------------------------------    -------------------
    U18                                               0.000     0.000 f  reset (IN)
                         net (fo=0)                   0.000     0.000    reset
    U18                  IBUF (Prop_ibuf_I_O)         0.210     0.210 f  reset_IBUF_inst/O
                         net (fo=35, routed)          1.500     1.710    divisor/AR[0]
    SLICE_X34Y47         FDCE                                         f  divisor/counter_reg[15]/CLR
  -------------------------------------------------------------------    -------------------

                         (clock sys_clk_pin rise edge)
                                                      0.000     0.000 r  
    W5                                                0.000     0.000 r  clk (IN)
                         net (fo=0)                   0.000     0.000    clk
    W5                   IBUF (Prop_ibuf_I_O)         0.414     0.414 r  clk_IBUF_inst/O
                         net (fo=1, routed)           0.685     1.099    clk_IBUF
    BUFGCTRL_X0Y1        BUFG (Prop_bufg_I_O)         0.029     1.128 r  clk_IBUF_BUFG_inst/O
                         net (fo=28, routed)          0.832     1.959    divisor/CLK
    SLICE_X34Y47         FDCE                                         r  divisor/counter_reg[15]/C

Slack:                    inf
  Source:                 reset
                            (input port)
  Destination:            divisor/counter_reg[17]/CLR
                            (removal check against rising-edge clock sys_clk_pin  {rise@0.000ns fall@5.000ns period=10.000ns})
  Path Group:             (none)
  Path Type:              Removal (Min at Fast Process Corner)
  Data Path Delay:        1.710ns  (logic 0.210ns (12.253%)  route 1.500ns (87.747%))
  Logic Levels:           1  (IBUF=1)
  Clock Path Skew:        1.959ns (DCD - SCD - CPR)
    Destination Clock Delay (DCD):    1.959ns
    Source Clock Delay      (SCD):    0.000ns
    Clock Pessimism Removal (CPR):    -0.000ns

    Location             Delay type                Incr(ns)  Path(ns)    Netlist Resource(s)
  -------------------------------------------------------------------    -------------------
    U18                                               0.000     0.000 f  reset (IN)
                         net (fo=0)                   0.000     0.000    reset
    U18                  IBUF (Prop_ibuf_I_O)         0.210     0.210 f  reset_IBUF_inst/O
                         net (fo=35, routed)          1.500     1.710    divisor/AR[0]
    SLICE_X34Y47         FDCE                                         f  divisor/counter_reg[17]/CLR
  -------------------------------------------------------------------    -------------------

                         (clock sys_clk_pin rise edge)
                                                      0.000     0.000 r  
    W5                                                0.000     0.000 r  clk (IN)
                         net (fo=0)                   0.000     0.000    clk
    W5                   IBUF (Prop_ibuf_I_O)         0.414     0.414 r  clk_IBUF_inst/O
                         net (fo=1, routed)           0.685     1.099    clk_IBUF
    BUFGCTRL_X0Y1        BUFG (Prop_bufg_I_O)         0.029     1.128 r  clk_IBUF_BUFG_inst/O
                         net (fo=28, routed)          0.832     1.959    divisor/CLK
    SLICE_X34Y47         FDCE                                         r  divisor/counter_reg[17]/C





