Copyright 1986-2022 Xilinx, Inc. All Rights Reserved. Copyright 2022-2023 Advanced Micro Devices, Inc. All Rights Reserved.
---------------------------------------------------------------------------------------------------------------------------------------------------------------------------------------------------------------
| Tool Version : Vivado v.2023.1 (win64) Build 3865809 Sun May  7 15:05:29 MDT 2023
| Date         : Sat Nov 25 17:32:29 2023
| Host         : DESKTOP-8GM2R40 running 64-bit major release  (build 9200)
| Command      : report_timing_summary -max_paths 10 -report_unconstrained -file pblaze_timing_summary_routed.rpt -pb pblaze_timing_summary_routed.pb -rpx pblaze_timing_summary_routed.rpx -warn_on_violation
| Design       : pblaze
| Device       : 7a35t-cpg236
| Speed File   : -1  PRODUCTION 1.23 2018-06-13
| Design State : Routed
---------------------------------------------------------------------------------------------------------------------------------------------------------------------------------------------------------------

Timing Summary Report

------------------------------------------------------------------------------------------------
| Timer Settings
| --------------
------------------------------------------------------------------------------------------------

  Enable Multi Corner Analysis               :  Yes
  Enable Pessimism Removal                   :  Yes
  Pessimism Removal Resolution               :  Nearest Common Node
  Enable Input Delay Default Clock           :  No
  Enable Preset / Clear Arcs                 :  No
  Disable Flight Delays                      :  No
  Ignore I/O Paths                           :  No
  Timing Early Launch at Borrowing Latches   :  No
  Borrow Time for Max Delay Exceptions       :  Yes
  Merge Timing Exceptions                    :  Yes

  Corner  Analyze    Analyze    
  Name    Max Paths  Min Paths  
  ------  ---------  ---------  
  Slow    Yes        Yes        
  Fast    Yes        Yes        


------------------------------------------------------------------------------------------------
| Report Methodology
| ------------------
------------------------------------------------------------------------------------------------

Rule       Severity          Description                               Violations  
---------  ----------------  ----------------------------------------  ----------  
TIMING-17  Critical Warning  Non-clocked sequential cell               48          
XDCH-2     Warning           Same min and max delay values on IO port  8           

Note: This report is based on the most recent report_methodology run and may not be up-to-date. Run report_methodology on the current design for the latest report.



check_timing report

Table of Contents
-----------------
1. checking no_clock (48)
2. checking constant_clock (0)
3. checking pulse_width_clock (0)
4. checking unconstrained_internal_endpoints (116)
5. checking no_input_delay (0)
6. checking no_output_delay (9)
7. checking multiple_clock (0)
8. checking generated_clocks (0)
9. checking loops (0)
10. checking partial_input_delay (0)
11. checking partial_output_delay (0)
12. checking latch_loops (0)

1. checking no_clock (48)
-------------------------
 There are 10 register/latch pins with no clock driven by root clock pin: clock30/sclockdiv_reg/Q (HIGH)

 There are 32 register/latch pins with no clock driven by root clock pin: program_rom/instantiate_loader.jtag_loader_6_inst/jtag_loader_gen.BSCAN_7SERIES_gen.BSCAN_BLOCK_inst/DRCK (HIGH)

 There are 6 register/latch pins with no clock driven by root clock pin: program_rom/instantiate_loader.jtag_loader_6_inst/jtag_loader_gen.BSCAN_7SERIES_gen.BSCAN_BLOCK_inst/UPDATE (HIGH)


2. checking constant_clock (0)
------------------------------
 There are 0 register/latch pins with constant_clock.


3. checking pulse_width_clock (0)
---------------------------------
 There are 0 register/latch pins which need pulse_width check


4. checking unconstrained_internal_endpoints (116)
--------------------------------------------------
 There are 116 pins that are not constrained for maximum delay. (HIGH)

 There are 0 pins that are not constrained for maximum delay due to constant clock.


5. checking no_input_delay (0)
------------------------------
 There are 0 input ports with no input delay specified.

 There are 0 input ports with no input delay but user has a false path constraint.


6. checking no_output_delay (9)
-------------------------------
 There are 9 ports with no output delay specified. (HIGH)

 There are 0 ports with no output delay but user has a false path constraint

 There are 0 ports with no output delay but with a timing clock defined on it or propagating through it


7. checking multiple_clock (0)
------------------------------
 There are 0 register/latch pins with multiple clocks.


8. checking generated_clocks (0)
--------------------------------
 There are 0 generated clocks that are not connected to a clock source.


9. checking loops (0)
---------------------
 There are 0 combinational loops in the design.


10. checking partial_input_delay (0)
------------------------------------
 There are 0 input ports with partial input delay specified.


11. checking partial_output_delay (0)
-------------------------------------
 There are 0 ports with partial output delay specified.


12. checking latch_loops (0)
----------------------------
 There are 0 combinational latch loops in the design through latch input



------------------------------------------------------------------------------------------------
| Design Timing Summary
| ---------------------
------------------------------------------------------------------------------------------------

    WNS(ns)      TNS(ns)  TNS Failing Endpoints  TNS Total Endpoints      WHS(ns)      THS(ns)  THS Failing Endpoints  THS Total Endpoints     WPWS(ns)     TPWS(ns)  TPWS Failing Endpoints  TPWS Total Endpoints  
    -------      -------  ---------------------  -------------------      -------      -------  ---------------------  -------------------     --------     --------  ----------------------  --------------------  
      0.990        0.000                      0                  524        0.051        0.000                      0                  524        3.750        0.000                       0                   166  


All user specified timing constraints are met.


------------------------------------------------------------------------------------------------
| Clock Summary
| -------------
------------------------------------------------------------------------------------------------

Clock          Waveform(ns)       Period(ns)      Frequency(MHz)
-----          ------------       ----------      --------------
clk_pin        {0.000 5.000}      10.000          100.000         
virtual_clock  {0.000 5.000}      10.000          100.000         


------------------------------------------------------------------------------------------------
| Intra Clock Table
| -----------------
------------------------------------------------------------------------------------------------

Clock             WNS(ns)      TNS(ns)  TNS Failing Endpoints  TNS Total Endpoints      WHS(ns)      THS(ns)  THS Failing Endpoints  THS Total Endpoints     WPWS(ns)     TPWS(ns)  TPWS Failing Endpoints  TPWS Total Endpoints  
-----             -------      -------  ---------------------  -------------------      -------      -------  ---------------------  -------------------     --------     --------  ----------------------  --------------------  
clk_pin             1.605        0.000                      0                  495        0.102        0.000                      0                  495        3.750        0.000                       0                   166  


------------------------------------------------------------------------------------------------
| Inter Clock Table
| -----------------
------------------------------------------------------------------------------------------------

From Clock     To Clock           WNS(ns)      TNS(ns)  TNS Failing Endpoints  TNS Total Endpoints      WHS(ns)      THS(ns)  THS Failing Endpoints  THS Total Endpoints  
----------     --------           -------      -------  ---------------------  -------------------      -------      -------  ---------------------  -------------------  
virtual_clock  clk_pin              6.111        0.000                      0                   10        0.051        0.000                      0                   10  
clk_pin        virtual_clock        0.990        0.000                      0                    8        1.107        0.000                      0                    8  


------------------------------------------------------------------------------------------------
| Other Path Groups Table
| -----------------------
------------------------------------------------------------------------------------------------

Path Group         From Clock         To Clock               WNS(ns)      TNS(ns)  TNS Failing Endpoints  TNS Total Endpoints      WHS(ns)      THS(ns)  THS Failing Endpoints  THS Total Endpoints  
----------         ----------         --------               -------      -------  ---------------------  -------------------      -------      -------  ---------------------  -------------------  
**async_default**  clk_pin            clk_pin                  6.453        0.000                      0                   19        0.087        0.000                      0                   19  


------------------------------------------------------------------------------------------------
| User Ignored Path Table
| -----------------------
------------------------------------------------------------------------------------------------

Path Group    From Clock    To Clock    
----------    ----------    --------    


------------------------------------------------------------------------------------------------
| Unconstrained Path Table
| ------------------------
------------------------------------------------------------------------------------------------

Path Group    From Clock    To Clock    
----------    ----------    --------    
(none)                                    
(none)        clk_pin                     
(none)                      clk_pin       


------------------------------------------------------------------------------------------------
| Timing Details
| --------------
------------------------------------------------------------------------------------------------


---------------------------------------------------------------------------------------------------
From Clock:  clk_pin
  To Clock:  clk_pin

Setup :            0  Failing Endpoints,  Worst Slack        1.605ns,  Total Violation        0.000ns
Hold  :            0  Failing Endpoints,  Worst Slack        0.102ns,  Total Violation        0.000ns
PW    :            0  Failing Endpoints,  Worst Slack        3.750ns,  Total Violation        0.000ns
---------------------------------------------------------------------------------------------------


Max Delay Paths
--------------------------------------------------------------------------------------
Slack (MET) :             1.605ns  (required time - arrival time)
  Source:                 program_rom/ram_2k_generate.akv7.kcpsm6_rom/CLKARDCLK
                            (rising edge-triggered cell RAMB36E1 clocked by clk_pin  {rise@0.000ns fall@5.000ns period=10.000ns})
  Destination:            led_reg[1]_lopt_replica/CE
                            (rising edge-triggered cell FDRE clocked by clk_pin  {rise@0.000ns fall@5.000ns period=10.000ns})
  Path Group:             clk_pin
  Path Type:              Setup (Max at Slow Process Corner)
  Requirement:            10.000ns  (clk_pin rise@10.000ns - clk_pin rise@0.000ns)
  Data Path Delay:        8.142ns  (logic 3.286ns (40.359%)  route 4.856ns (59.641%))
  Logic Levels:           3  (LUT3=1 LUT5=1 RAMD32=1)
  Clock Path Skew:        -0.012ns (DCD - SCD + CPR)
    Destination Clock Delay (DCD):    4.860ns = ( 14.860 - 10.000 ) 
    Source Clock Delay      (SCD):    5.133ns
    Clock Pessimism Removal (CPR):    0.260ns
  Clock Uncertainty:      0.035ns  ((TSJ^2 + TIJ^2)^1/2 + DJ) / 2 + PE
    Total System Jitter     (TSJ):    0.071ns
    Total Input Jitter      (TIJ):    0.000ns
    Discrete Jitter          (DJ):    0.000ns
    Phase Error              (PE):    0.000ns

    Location             Delay type                Incr(ns)  Path(ns)    Netlist Resource(s)
  -------------------------------------------------------------------    -------------------
                         (clock clk_pin rise edge)    0.000     0.000 r  
    W5                                                0.000     0.000 r  clk (IN)
                         net (fo=0)                   0.000     0.000    clk
    W5                   IBUF (Prop_ibuf_I_O)         1.458     1.458 r  clk_IBUF_inst/O
                         net (fo=1, routed)           1.967     3.425    clk_IBUF
    BUFGCTRL_X0Y0        BUFG (Prop_bufg_I_O)         0.096     3.521 r  clk_IBUF_BUFG_inst/O
                         net (fo=165, routed)         1.612     5.133    program_rom/CLK
    RAMB36_X0Y0          RAMB36E1                                     r  program_rom/ram_2k_generate.akv7.kcpsm6_rom/CLKARDCLK
  -------------------------------------------------------------------    -------------------
    RAMB36_X0Y0          RAMB36E1 (Prop_ramb36e1_CLKARDCLK_DOADO[4])
                                                      2.454     7.587 r  program_rom/ram_2k_generate.akv7.kcpsm6_rom/DOADO[4]
                         net (fo=14, routed)          1.365     8.952    processor/lower_reg_banks/ADDRA0
    SLICE_X10Y3          RAMD32 (Prop_ramd32_RADR0_O)
                                                      0.150     9.102 r  processor/lower_reg_banks/RAMA/O
                         net (fo=3, routed)           0.833     9.935    processor/data_path_loop[0].output_data.sy_kk_mux_lut/I0
    SLICE_X9Y3           LUT5 (Prop_lut5_I0_O)        0.356    10.291 r  processor/data_path_loop[0].output_data.sy_kk_mux_lut/LUT5/O
                         net (fo=28, routed)          0.752    11.043    processor/port_id[0]
    SLICE_X7Y6           LUT3 (Prop_lut3_I1_O)        0.326    11.369 r  processor/led[7]_i_1/O
                         net (fo=16, routed)          1.906    13.275    processor_n_22
    SLICE_X1Y43          FDRE                                         r  led_reg[1]_lopt_replica/CE
  -------------------------------------------------------------------    -------------------

                         (clock clk_pin rise edge)   10.000    10.000 r  
    W5                                                0.000    10.000 r  clk (IN)
                         net (fo=0)                   0.000    10.000    clk
    W5                   IBUF (Prop_ibuf_I_O)         1.388    11.388 r  clk_IBUF_inst/O
                         net (fo=1, routed)           1.862    13.250    clk_IBUF
    BUFGCTRL_X0Y0        BUFG (Prop_bufg_I_O)         0.091    13.341 r  clk_IBUF_BUFG_inst/O
                         net (fo=165, routed)         1.519    14.860    clk_IBUF_BUFG
    SLICE_X1Y43          FDRE                                         r  led_reg[1]_lopt_replica/C
                         clock pessimism              0.260    15.120    
                         clock uncertainty           -0.035    15.085    
    SLICE_X1Y43          FDRE (Setup_fdre_C_CE)      -0.205    14.880    led_reg[1]_lopt_replica
  -------------------------------------------------------------------
                         required time                         14.880    
                         arrival time                         -13.275    
  -------------------------------------------------------------------
                         slack                                  1.605    

Slack (MET) :             2.005ns  (required time - arrival time)
  Source:                 program_rom/ram_2k_generate.akv7.kcpsm6_rom/CLKARDCLK
                            (rising edge-triggered cell RAMB36E1 clocked by clk_pin  {rise@0.000ns fall@5.000ns period=10.000ns})
  Destination:            processor/arith_carry_flop/D
                            (rising edge-triggered cell FDRE clocked by clk_pin  {rise@0.000ns fall@5.000ns period=10.000ns})
  Path Group:             clk_pin
  Path Type:              Setup (Max at Slow Process Corner)
  Requirement:            10.000ns  (clk_pin rise@10.000ns - clk_pin rise@0.000ns)
  Data Path Delay:        8.008ns  (logic 4.047ns (50.539%)  route 3.961ns (49.461%))
  Logic Levels:           5  (CARRY4=2 LUT5=1 LUT6=1 RAMD32=1)
  Clock Path Skew:        -0.014ns (DCD - SCD + CPR)
    Destination Clock Delay (DCD):    4.858ns = ( 14.858 - 10.000 ) 
    Source Clock Delay      (SCD):    5.133ns
    Clock Pessimism Removal (CPR):    0.260ns
  Clock Uncertainty:      0.035ns  ((TSJ^2 + TIJ^2)^1/2 + DJ) / 2 + PE
    Total System Jitter     (TSJ):    0.071ns
    Total Input Jitter      (TIJ):    0.000ns
    Discrete Jitter          (DJ):    0.000ns
    Phase Error              (PE):    0.000ns

    Location             Delay type                Incr(ns)  Path(ns)    Netlist Resource(s)
  -------------------------------------------------------------------    -------------------
                         (clock clk_pin rise edge)    0.000     0.000 r  
    W5                                                0.000     0.000 r  clk (IN)
                         net (fo=0)                   0.000     0.000    clk
    W5                   IBUF (Prop_ibuf_I_O)         1.458     1.458 r  clk_IBUF_inst/O
                         net (fo=1, routed)           1.967     3.425    clk_IBUF
    BUFGCTRL_X0Y0        BUFG (Prop_bufg_I_O)         0.096     3.521 r  clk_IBUF_BUFG_inst/O
                         net (fo=165, routed)         1.612     5.133    program_rom/CLK
    RAMB36_X0Y0          RAMB36E1                                     r  program_rom/ram_2k_generate.akv7.kcpsm6_rom/CLKARDCLK
  -------------------------------------------------------------------    -------------------
    RAMB36_X0Y0          RAMB36E1 (Prop_ramb36e1_CLKARDCLK_DOADO[4])
                                                      2.454     7.587 r  program_rom/ram_2k_generate.akv7.kcpsm6_rom/DOADO[4]
                         net (fo=14, routed)          1.918     9.505    processor/upper_reg_banks/ADDRA0
    SLICE_X6Y5           RAMD32 (Prop_ramd32_RADR0_O)
                                                      0.150     9.655 r  processor/upper_reg_banks/RAMA/O
                         net (fo=3, routed)           0.875    10.530    processor/data_path_loop[4].output_data.sy_kk_mux_lut/I0
    SLICE_X7Y5           LUT5 (Prop_lut5_I0_O)        0.356    10.886 r  processor/data_path_loop[4].output_data.sy_kk_mux_lut/LUT5/O
                         net (fo=18, routed)          1.168    12.053    processor/data_path_loop[4].arith_logical_lut/I0
    SLICE_X5Y4           LUT6 (Prop_lut6_I0_O)        0.332    12.385 r  processor/data_path_loop[4].arith_logical_lut/LUT6/O
                         net (fo=1, routed)           0.000    12.385    processor/half_arith_logical[4]
    SLICE_X5Y4           CARRY4 (Prop_carry4_S[0]_CO[3])
                                                      0.532    12.917 r  processor/data_path_loop[4].upper_arith_logical.arith_logical_muxcy_CARRY4/CO[3]
                         net (fo=1, routed)           0.000    12.917    processor/CI
    SLICE_X5Y5           CARRY4 (Prop_carry4_CI_O[0])
                                                      0.223    13.140 r  processor/arith_carry_xorcy_CARRY4/O[0]
                         net (fo=1, routed)           0.000    13.140    processor/arith_carry_value
    SLICE_X5Y5           FDRE                                         r  processor/arith_carry_flop/D
  -------------------------------------------------------------------    -------------------

                         (clock clk_pin rise edge)   10.000    10.000 r  
    W5                                                0.000    10.000 r  clk (IN)
                         net (fo=0)                   0.000    10.000    clk
    W5                   IBUF (Prop_ibuf_I_O)         1.388    11.388 r  clk_IBUF_inst/O
                         net (fo=1, routed)           1.862    13.250    clk_IBUF
    BUFGCTRL_X0Y0        BUFG (Prop_bufg_I_O)         0.091    13.341 r  clk_IBUF_BUFG_inst/O
                         net (fo=165, routed)         1.517    14.858    processor/CLK
    SLICE_X5Y5           FDRE                                         r  processor/arith_carry_flop/C
                         clock pessimism              0.260    15.118    
                         clock uncertainty           -0.035    15.083    
    SLICE_X5Y5           FDRE (Setup_fdre_C_D)        0.062    15.145    processor/arith_carry_flop
  -------------------------------------------------------------------
                         required time                         15.145    
                         arrival time                         -13.140    
  -------------------------------------------------------------------
                         slack                                  2.005    

Slack (MET) :             2.089ns  (required time - arrival time)
  Source:                 program_rom/ram_2k_generate.akv7.kcpsm6_rom/CLKARDCLK
                            (rising edge-triggered cell RAMB36E1 clocked by clk_pin  {rise@0.000ns fall@5.000ns period=10.000ns})
  Destination:            processor/data_path_loop[0].low_hwbuild.shift_rotate_flop/D
                            (rising edge-triggered cell FDRE clocked by clk_pin  {rise@0.000ns fall@5.000ns period=10.000ns})
  Path Group:             clk_pin
  Path Type:              Setup (Max at Slow Process Corner)
  Requirement:            10.000ns  (clk_pin rise@10.000ns - clk_pin rise@0.000ns)
  Data Path Delay:        7.630ns  (logic 2.854ns (37.403%)  route 4.776ns (62.597%))
  Logic Levels:           3  (LUT5=1 LUT6=1 RAMS32=1)
  Clock Path Skew:        -0.012ns (DCD - SCD + CPR)
    Destination Clock Delay (DCD):    4.860ns = ( 14.860 - 10.000 ) 
    Source Clock Delay      (SCD):    5.133ns
    Clock Pessimism Removal (CPR):    0.260ns
  Clock Uncertainty:      0.035ns  ((TSJ^2 + TIJ^2)^1/2 + DJ) / 2 + PE
    Total System Jitter     (TSJ):    0.071ns
    Total Input Jitter      (TIJ):    0.000ns
    Discrete Jitter          (DJ):    0.000ns
    Phase Error              (PE):    0.000ns

    Location             Delay type                Incr(ns)  Path(ns)    Netlist Resource(s)
  -------------------------------------------------------------------    -------------------
                         (clock clk_pin rise edge)    0.000     0.000 r  
    W5                                                0.000     0.000 r  clk (IN)
                         net (fo=0)                   0.000     0.000    clk
    W5                   IBUF (Prop_ibuf_I_O)         1.458     1.458 r  clk_IBUF_inst/O
                         net (fo=1, routed)           1.967     3.425    clk_IBUF
    BUFGCTRL_X0Y0        BUFG (Prop_bufg_I_O)         0.096     3.521 r  clk_IBUF_BUFG_inst/O
                         net (fo=165, routed)         1.612     5.133    program_rom/CLK
    RAMB36_X0Y0          RAMB36E1                                     r  program_rom/ram_2k_generate.akv7.kcpsm6_rom/CLKARDCLK
  -------------------------------------------------------------------    -------------------
    RAMB36_X0Y0          RAMB36E1 (Prop_ramb36e1_CLKARDCLK_DOADO[10])
                                                      2.454     7.587 r  program_rom/ram_2k_generate.akv7.kcpsm6_rom/DOADO[10]
                         net (fo=24, routed)          2.060     9.647    processor/upper_reg_banks/ADDRD2
    SLICE_X6Y5           RAMS32 (Prop_rams32_ADR2_O)
                                                      0.124     9.771 r  processor/upper_reg_banks/RAMD_D1/O
                         net (fo=9, routed)           0.928    10.699    processor/upper_reg_banks_n_6
    SLICE_X8Y3           LUT6 (Prop_lut6_I5_O)        0.124    10.823 r  processor/data_path_loop[0].lsb_shift_rotate.shift_bit_lut/O
                         net (fo=4, routed)           1.405    12.229    processor/data_path_loop[0].lsb_shift_rotate.shift_rotate_lut/I0
    SLICE_X3Y4           LUT5 (Prop_lut5_I0_O)        0.152    12.381 r  processor/data_path_loop[0].lsb_shift_rotate.shift_rotate_lut/LUT5/O
                         net (fo=1, routed)           0.382    12.763    processor/shift_rotate_value[0]
    SLICE_X2Y4           FDRE                                         r  processor/data_path_loop[0].low_hwbuild.shift_rotate_flop/D
  -------------------------------------------------------------------    -------------------

                         (clock clk_pin rise edge)   10.000    10.000 r  
    W5                                                0.000    10.000 r  clk (IN)
                         net (fo=0)                   0.000    10.000    clk
    W5                   IBUF (Prop_ibuf_I_O)         1.388    11.388 r  clk_IBUF_inst/O
                         net (fo=1, routed)           1.862    13.250    clk_IBUF
    BUFGCTRL_X0Y0        BUFG (Prop_bufg_I_O)         0.091    13.341 r  clk_IBUF_BUFG_inst/O
                         net (fo=165, routed)         1.519    14.860    processor/CLK
    SLICE_X2Y4           FDRE                                         r  processor/data_path_loop[0].low_hwbuild.shift_rotate_flop/C
                         clock pessimism              0.260    15.120    
                         clock uncertainty           -0.035    15.085    
    SLICE_X2Y4           FDRE (Setup_fdre_C_D)       -0.233    14.852    processor/data_path_loop[0].low_hwbuild.shift_rotate_flop
  -------------------------------------------------------------------
                         required time                         14.852    
                         arrival time                         -12.763    
  -------------------------------------------------------------------
                         slack                                  2.089    

Slack (MET) :             2.100ns  (required time - arrival time)
  Source:                 program_rom/ram_2k_generate.akv7.kcpsm6_rom/CLKARDCLK
                            (rising edge-triggered cell RAMB36E1 clocked by clk_pin  {rise@0.000ns fall@5.000ns period=10.000ns})
  Destination:            in_port_reg[1]/D
                            (rising edge-triggered cell FDRE clocked by clk_pin  {rise@0.000ns fall@5.000ns period=10.000ns})
  Path Group:             clk_pin
  Path Type:              Setup (Max at Slow Process Corner)
  Requirement:            10.000ns  (clk_pin rise@10.000ns - clk_pin rise@0.000ns)
  Data Path Delay:        7.602ns  (logic 3.311ns (43.555%)  route 4.291ns (56.445%))
  Logic Levels:           3  (LUT4=1 LUT5=1 RAMD32=1)
  Clock Path Skew:        -0.015ns (DCD - SCD + CPR)
    Destination Clock Delay (DCD):    4.857ns = ( 14.857 - 10.000 ) 
    Source Clock Delay      (SCD):    5.133ns
    Clock Pessimism Removal (CPR):    0.260ns
  Clock Uncertainty:      0.035ns  ((TSJ^2 + TIJ^2)^1/2 + DJ) / 2 + PE
    Total System Jitter     (TSJ):    0.071ns
    Total Input Jitter      (TIJ):    0.000ns
    Discrete Jitter          (DJ):    0.000ns
    Phase Error              (PE):    0.000ns

    Location             Delay type                Incr(ns)  Path(ns)    Netlist Resource(s)
  -------------------------------------------------------------------    -------------------
                         (clock clk_pin rise edge)    0.000     0.000 r  
    W5                                                0.000     0.000 r  clk (IN)
                         net (fo=0)                   0.000     0.000    clk
    W5                   IBUF (Prop_ibuf_I_O)         1.458     1.458 r  clk_IBUF_inst/O
                         net (fo=1, routed)           1.967     3.425    clk_IBUF
    BUFGCTRL_X0Y0        BUFG (Prop_bufg_I_O)         0.096     3.521 r  clk_IBUF_BUFG_inst/O
                         net (fo=165, routed)         1.612     5.133    program_rom/CLK
    RAMB36_X0Y0          RAMB36E1                                     r  program_rom/ram_2k_generate.akv7.kcpsm6_rom/CLKARDCLK
  -------------------------------------------------------------------    -------------------
    RAMB36_X0Y0          RAMB36E1 (Prop_ramb36e1_CLKARDCLK_DOADO[4])
                                                      2.454     7.587 r  program_rom/ram_2k_generate.akv7.kcpsm6_rom/DOADO[4]
                         net (fo=14, routed)          1.365     8.952    processor/lower_reg_banks/ADDRA0
    SLICE_X10Y3          RAMD32 (Prop_ramd32_RADR0_O)
                                                      0.150     9.102 r  processor/lower_reg_banks/RAMA/O
                         net (fo=3, routed)           0.833     9.935    processor/data_path_loop[0].output_data.sy_kk_mux_lut/I0
    SLICE_X9Y3           LUT5 (Prop_lut5_I0_O)        0.356    10.291 r  processor/data_path_loop[0].output_data.sy_kk_mux_lut/LUT5/O
                         net (fo=28, routed)          1.160    11.450    processor/port_id[0]
    SLICE_X6Y8           LUT4 (Prop_lut4_I1_O)        0.351    11.801 r  processor/in_port[1]_i_1/O
                         net (fo=1, routed)           0.933    12.735    processor_n_29
    SLICE_X6Y8           FDRE                                         r  in_port_reg[1]/D
  -------------------------------------------------------------------    -------------------

                         (clock clk_pin rise edge)   10.000    10.000 r  
    W5                                                0.000    10.000 r  clk (IN)
                         net (fo=0)                   0.000    10.000    clk
    W5                   IBUF (Prop_ibuf_I_O)         1.388    11.388 r  clk_IBUF_inst/O
                         net (fo=1, routed)           1.862    13.250    clk_IBUF
    BUFGCTRL_X0Y0        BUFG (Prop_bufg_I_O)         0.091    13.341 r  clk_IBUF_BUFG_inst/O
                         net (fo=165, routed)         1.516    14.857    clk_IBUF_BUFG
    SLICE_X6Y8           FDRE                                         r  in_port_reg[1]/C
                         clock pessimism              0.260    15.117    
                         clock uncertainty           -0.035    15.082    
    SLICE_X6Y8           FDRE (Setup_fdre_C_D)       -0.247    14.835    in_port_reg[1]
  -------------------------------------------------------------------
                         required time                         14.835    
                         arrival time                         -12.735    
  -------------------------------------------------------------------
                         slack                                  2.100    

Slack (MET) :             2.130ns  (required time - arrival time)
  Source:                 program_rom/ram_2k_generate.akv7.kcpsm6_rom/CLKARDCLK
                            (rising edge-triggered cell RAMB36E1 clocked by clk_pin  {rise@0.000ns fall@5.000ns period=10.000ns})
  Destination:            processor/internal_reset_flop/D
                            (rising edge-triggered cell FDRE clocked by clk_pin  {rise@0.000ns fall@5.000ns period=10.000ns})
  Path Group:             clk_pin
  Path Type:              Setup (Max at Slow Process Corner)
  Requirement:            10.000ns  (clk_pin rise@10.000ns - clk_pin rise@0.000ns)
  Data Path Delay:        7.782ns  (logic 4.196ns (53.916%)  route 3.586ns (46.084%))
  Logic Levels:           6  (CARRY4=2 LUT5=2 LUT6=2)
  Clock Path Skew:        -0.081ns (DCD - SCD + CPR)
    Destination Clock Delay (DCD):    4.791ns = ( 14.791 - 10.000 ) 
    Source Clock Delay      (SCD):    5.133ns
    Clock Pessimism Removal (CPR):    0.260ns
  Clock Uncertainty:      0.035ns  ((TSJ^2 + TIJ^2)^1/2 + DJ) / 2 + PE
    Total System Jitter     (TSJ):    0.071ns
    Total Input Jitter      (TIJ):    0.000ns
    Discrete Jitter          (DJ):    0.000ns
    Phase Error              (PE):    0.000ns

    Location             Delay type                Incr(ns)  Path(ns)    Netlist Resource(s)
  -------------------------------------------------------------------    -------------------
                         (clock clk_pin rise edge)    0.000     0.000 r  
    W5                                                0.000     0.000 r  clk (IN)
                         net (fo=0)                   0.000     0.000    clk
    W5                   IBUF (Prop_ibuf_I_O)         1.458     1.458 r  clk_IBUF_inst/O
                         net (fo=1, routed)           1.967     3.425    clk_IBUF
    BUFGCTRL_X0Y0        BUFG (Prop_bufg_I_O)         0.096     3.521 r  clk_IBUF_BUFG_inst/O
                         net (fo=165, routed)         1.612     5.133    program_rom/CLK
    RAMB36_X0Y0          RAMB36E1                                     r  program_rom/ram_2k_generate.akv7.kcpsm6_rom/CLKARDCLK
  -------------------------------------------------------------------    -------------------
    RAMB36_X0Y0          RAMB36E1 (Prop_ramb36e1_CLKARDCLK_DOADO[12])
                                                      2.454     7.587 r  program_rom/ram_2k_generate.akv7.kcpsm6_rom/DOADO[12]
                         net (fo=30, routed)          1.665     9.252    processor/move_type_lut/I0
    SLICE_X9Y5           LUT6 (Prop_lut6_I0_O)        0.124     9.376 r  processor/move_type_lut/LUT6/O
                         net (fo=4, routed)           0.647    10.023    processor/push_pop_lut/I2
    SLICE_X9Y6           LUT5 (Prop_lut5_I2_O)        0.152    10.175 r  processor/push_pop_lut/LUT5/O
                         net (fo=5, routed)           0.589    10.764    processor/pop_stack
    SLICE_X10Y7          LUT5 (Prop_lut5_I1_O)        0.332    11.096 r  processor/stack_loop[0].lsb_stack.stack_pointer_lut/O
                         net (fo=1, routed)           0.000    11.096    processor/half_pointer_value[0]
    SLICE_X10Y7          CARRY4 (Prop_carry4_S[0]_CO[3])
                                                      0.513    11.609 r  processor/stack_loop[0].lsb_stack.stack_muxcy_CARRY4/CO[3]
                         net (fo=1, routed)           0.000    11.609    processor/stack_loop[3].upper_stack.stack_muxcy_n_0
    SLICE_X10Y8          CARRY4 (Prop_carry4_CI_CO[0])
                                                      0.254    11.863 r  processor/stack_loop[4].upper_stack.stack_muxcy_CARRY4/CO[0]
                         net (fo=2, routed)           0.685    12.548    processor/reset_lut/I2
    SLICE_X11Y8          LUT6 (Prop_lut6_I2_O)        0.367    12.915 r  processor/reset_lut/LUT6/O
                         net (fo=1, routed)           0.000    12.915    processor/internal_reset_value
    SLICE_X11Y8          FDRE                                         r  processor/internal_reset_flop/D
  -------------------------------------------------------------------    -------------------

                         (clock clk_pin rise edge)   10.000    10.000 r  
    W5                                                0.000    10.000 r  clk (IN)
                         net (fo=0)                   0.000    10.000    clk
    W5                   IBUF (Prop_ibuf_I_O)         1.388    11.388 r  clk_IBUF_inst/O
                         net (fo=1, routed)           1.862    13.250    clk_IBUF
    BUFGCTRL_X0Y0        BUFG (Prop_bufg_I_O)         0.091    13.341 r  clk_IBUF_BUFG_inst/O
                         net (fo=165, routed)         1.450    14.791    processor/CLK
    SLICE_X11Y8          FDRE                                         r  processor/internal_reset_flop/C
                         clock pessimism              0.260    15.051    
                         clock uncertainty           -0.035    15.016    
    SLICE_X11Y8          FDRE (Setup_fdre_C_D)        0.029    15.045    processor/internal_reset_flop
  -------------------------------------------------------------------
                         required time                         15.045    
                         arrival time                         -12.915    
  -------------------------------------------------------------------
                         slack                                  2.130    

Slack (MET) :             2.150ns  (required time - arrival time)
  Source:                 program_rom/ram_2k_generate.akv7.kcpsm6_rom/CLKARDCLK
                            (rising edge-triggered cell RAMB36E1 clocked by clk_pin  {rise@0.000ns fall@5.000ns period=10.000ns})
  Destination:            processor/run_flop/D
                            (rising edge-triggered cell FDRE clocked by clk_pin  {rise@0.000ns fall@5.000ns period=10.000ns})
  Path Group:             clk_pin
  Path Type:              Setup (Max at Slow Process Corner)
  Requirement:            10.000ns  (clk_pin rise@10.000ns - clk_pin rise@0.000ns)
  Data Path Delay:        7.808ns  (logic 4.222ns (54.070%)  route 3.586ns (45.930%))
  Logic Levels:           6  (CARRY4=2 LUT5=3 LUT6=1)
  Clock Path Skew:        -0.081ns (DCD - SCD + CPR)
    Destination Clock Delay (DCD):    4.791ns = ( 14.791 - 10.000 ) 
    Source Clock Delay      (SCD):    5.133ns
    Clock Pessimism Removal (CPR):    0.260ns
  Clock Uncertainty:      0.035ns  ((TSJ^2 + TIJ^2)^1/2 + DJ) / 2 + PE
    Total System Jitter     (TSJ):    0.071ns
    Total Input Jitter      (TIJ):    0.000ns
    Discrete Jitter          (DJ):    0.000ns
    Phase Error              (PE):    0.000ns

    Location             Delay type                Incr(ns)  Path(ns)    Netlist Resource(s)
  -------------------------------------------------------------------    -------------------
                         (clock clk_pin rise edge)    0.000     0.000 r  
    W5                                                0.000     0.000 r  clk (IN)
                         net (fo=0)                   0.000     0.000    clk
    W5                   IBUF (Prop_ibuf_I_O)         1.458     1.458 r  clk_IBUF_inst/O
                         net (fo=1, routed)           1.967     3.425    clk_IBUF
    BUFGCTRL_X0Y0        BUFG (Prop_bufg_I_O)         0.096     3.521 r  clk_IBUF_BUFG_inst/O
                         net (fo=165, routed)         1.612     5.133    program_rom/CLK
    RAMB36_X0Y0          RAMB36E1                                     r  program_rom/ram_2k_generate.akv7.kcpsm6_rom/CLKARDCLK
  -------------------------------------------------------------------    -------------------
    RAMB36_X0Y0          RAMB36E1 (Prop_ramb36e1_CLKARDCLK_DOADO[12])
                                                      2.454     7.587 r  program_rom/ram_2k_generate.akv7.kcpsm6_rom/DOADO[12]
                         net (fo=30, routed)          1.665     9.252    processor/move_type_lut/I0
    SLICE_X9Y5           LUT6 (Prop_lut6_I0_O)        0.124     9.376 r  processor/move_type_lut/LUT6/O
                         net (fo=4, routed)           0.647    10.023    processor/push_pop_lut/I2
    SLICE_X9Y6           LUT5 (Prop_lut5_I2_O)        0.152    10.175 r  processor/push_pop_lut/LUT5/O
                         net (fo=5, routed)           0.589    10.764    processor/pop_stack
    SLICE_X10Y7          LUT5 (Prop_lut5_I1_O)        0.332    11.096 r  processor/stack_loop[0].lsb_stack.stack_pointer_lut/O
                         net (fo=1, routed)           0.000    11.096    processor/half_pointer_value[0]
    SLICE_X10Y7          CARRY4 (Prop_carry4_S[0]_CO[3])
                                                      0.513    11.609 r  processor/stack_loop[0].lsb_stack.stack_muxcy_CARRY4/CO[3]
                         net (fo=1, routed)           0.000    11.609    processor/stack_loop[3].upper_stack.stack_muxcy_n_0
    SLICE_X10Y8          CARRY4 (Prop_carry4_CI_CO[0])
                                                      0.254    11.863 f  processor/stack_loop[4].upper_stack.stack_muxcy_CARRY4/CO[0]
                         net (fo=2, routed)           0.685    12.548    processor/reset_lut/I2
    SLICE_X11Y8          LUT5 (Prop_lut5_I2_O)        0.393    12.941 r  processor/reset_lut/LUT5/O
                         net (fo=1, routed)           0.000    12.941    processor/run_value
    SLICE_X11Y8          FDRE                                         r  processor/run_flop/D
  -------------------------------------------------------------------    -------------------

                         (clock clk_pin rise edge)   10.000    10.000 r  
    W5                                                0.000    10.000 r  clk (IN)
                         net (fo=0)                   0.000    10.000    clk
    W5                   IBUF (Prop_ibuf_I_O)         1.388    11.388 r  clk_IBUF_inst/O
                         net (fo=1, routed)           1.862    13.250    clk_IBUF
    BUFGCTRL_X0Y0        BUFG (Prop_bufg_I_O)         0.091    13.341 r  clk_IBUF_BUFG_inst/O
                         net (fo=165, routed)         1.450    14.791    processor/CLK
    SLICE_X11Y8          FDRE                                         r  processor/run_flop/C
                         clock pessimism              0.260    15.051    
                         clock uncertainty           -0.035    15.016    
    SLICE_X11Y8          FDRE (Setup_fdre_C_D)        0.075    15.091    processor/run_flop
  -------------------------------------------------------------------
                         required time                         15.091    
                         arrival time                         -12.941    
  -------------------------------------------------------------------
                         slack                                  2.150    

Slack (MET) :             2.154ns  (required time - arrival time)
  Source:                 program_rom/ram_2k_generate.akv7.kcpsm6_rom/CLKARDCLK
                            (rising edge-triggered cell RAMB36E1 clocked by clk_pin  {rise@0.000ns fall@5.000ns period=10.000ns})
  Destination:            processor/data_path_loop[7].arith_logical_flop/D
                            (rising edge-triggered cell FDRE clocked by clk_pin  {rise@0.000ns fall@5.000ns period=10.000ns})
  Path Group:             clk_pin
  Path Type:              Setup (Max at Slow Process Corner)
  Requirement:            10.000ns  (clk_pin rise@10.000ns - clk_pin rise@0.000ns)
  Data Path Delay:        7.859ns  (logic 3.898ns (49.602%)  route 3.961ns (50.398%))
  Logic Levels:           4  (CARRY4=1 LUT5=1 LUT6=1 RAMD32=1)
  Clock Path Skew:        -0.014ns (DCD - SCD + CPR)
    Destination Clock Delay (DCD):    4.858ns = ( 14.858 - 10.000 ) 
    Source Clock Delay      (SCD):    5.133ns
    Clock Pessimism Removal (CPR):    0.260ns
  Clock Uncertainty:      0.035ns  ((TSJ^2 + TIJ^2)^1/2 + DJ) / 2 + PE
    Total System Jitter     (TSJ):    0.071ns
    Total Input Jitter      (TIJ):    0.000ns
    Discrete Jitter          (DJ):    0.000ns
    Phase Error              (PE):    0.000ns

    Location             Delay type                Incr(ns)  Path(ns)    Netlist Resource(s)
  -------------------------------------------------------------------    -------------------
                         (clock clk_pin rise edge)    0.000     0.000 r  
    W5                                                0.000     0.000 r  clk (IN)
                         net (fo=0)                   0.000     0.000    clk
    W5                   IBUF (Prop_ibuf_I_O)         1.458     1.458 r  clk_IBUF_inst/O
                         net (fo=1, routed)           1.967     3.425    clk_IBUF
    BUFGCTRL_X0Y0        BUFG (Prop_bufg_I_O)         0.096     3.521 r  clk_IBUF_BUFG_inst/O
                         net (fo=165, routed)         1.612     5.133    program_rom/CLK
    RAMB36_X0Y0          RAMB36E1                                     r  program_rom/ram_2k_generate.akv7.kcpsm6_rom/CLKARDCLK
  -------------------------------------------------------------------    -------------------
    RAMB36_X0Y0          RAMB36E1 (Prop_ramb36e1_CLKARDCLK_DOADO[4])
                                                      2.454     7.587 r  program_rom/ram_2k_generate.akv7.kcpsm6_rom/DOADO[4]
                         net (fo=14, routed)          1.918     9.505    processor/upper_reg_banks/ADDRA0
    SLICE_X6Y5           RAMD32 (Prop_ramd32_RADR0_O)
                                                      0.150     9.655 r  processor/upper_reg_banks/RAMA/O
                         net (fo=3, routed)           0.875    10.530    processor/data_path_loop[4].output_data.sy_kk_mux_lut/I0
    SLICE_X7Y5           LUT5 (Prop_lut5_I0_O)        0.356    10.886 r  processor/data_path_loop[4].output_data.sy_kk_mux_lut/LUT5/O
                         net (fo=18, routed)          1.168    12.053    processor/data_path_loop[4].arith_logical_lut/I0
    SLICE_X5Y4           LUT6 (Prop_lut6_I0_O)        0.332    12.385 r  processor/data_path_loop[4].arith_logical_lut/LUT6/O
                         net (fo=1, routed)           0.000    12.385    processor/half_arith_logical[4]
    SLICE_X5Y4           CARRY4 (Prop_carry4_S[0]_O[3])
                                                      0.606    12.991 r  processor/data_path_loop[4].upper_arith_logical.arith_logical_muxcy_CARRY4/O[3]
                         net (fo=1, routed)           0.000    12.991    processor/arith_logical_value[7]
    SLICE_X5Y4           FDRE                                         r  processor/data_path_loop[7].arith_logical_flop/D
  -------------------------------------------------------------------    -------------------

                         (clock clk_pin rise edge)   10.000    10.000 r  
    W5                                                0.000    10.000 r  clk (IN)
                         net (fo=0)                   0.000    10.000    clk
    W5                   IBUF (Prop_ibuf_I_O)         1.388    11.388 r  clk_IBUF_inst/O
                         net (fo=1, routed)           1.862    13.250    clk_IBUF
    BUFGCTRL_X0Y0        BUFG (Prop_bufg_I_O)         0.091    13.341 r  clk_IBUF_BUFG_inst/O
                         net (fo=165, routed)         1.517    14.858    processor/CLK
    SLICE_X5Y4           FDRE                                         r  processor/data_path_loop[7].arith_logical_flop/C
                         clock pessimism              0.260    15.118    
                         clock uncertainty           -0.035    15.083    
    SLICE_X5Y4           FDRE (Setup_fdre_C_D)        0.062    15.145    processor/data_path_loop[7].arith_logical_flop
  -------------------------------------------------------------------
                         required time                         15.145    
                         arrival time                         -12.991    
  -------------------------------------------------------------------
                         slack                                  2.154    

Slack (MET) :             2.213ns  (required time - arrival time)
  Source:                 program_rom/ram_2k_generate.akv7.kcpsm6_rom/CLKARDCLK
                            (rising edge-triggered cell RAMB36E1 clocked by clk_pin  {rise@0.000ns fall@5.000ns period=10.000ns})
  Destination:            processor/data_path_loop[6].arith_logical_flop/D
                            (rising edge-triggered cell FDRE clocked by clk_pin  {rise@0.000ns fall@5.000ns period=10.000ns})
  Path Group:             clk_pin
  Path Type:              Setup (Max at Slow Process Corner)
  Requirement:            10.000ns  (clk_pin rise@10.000ns - clk_pin rise@0.000ns)
  Data Path Delay:        7.800ns  (logic 3.839ns (49.220%)  route 3.961ns (50.780%))
  Logic Levels:           4  (CARRY4=1 LUT5=1 LUT6=1 RAMD32=1)
  Clock Path Skew:        -0.014ns (DCD - SCD + CPR)
    Destination Clock Delay (DCD):    4.858ns = ( 14.858 - 10.000 ) 
    Source Clock Delay      (SCD):    5.133ns
    Clock Pessimism Removal (CPR):    0.260ns
  Clock Uncertainty:      0.035ns  ((TSJ^2 + TIJ^2)^1/2 + DJ) / 2 + PE
    Total System Jitter     (TSJ):    0.071ns
    Total Input Jitter      (TIJ):    0.000ns
    Discrete Jitter          (DJ):    0.000ns
    Phase Error              (PE):    0.000ns

    Location             Delay type                Incr(ns)  Path(ns)    Netlist Resource(s)
  -------------------------------------------------------------------    -------------------
                         (clock clk_pin rise edge)    0.000     0.000 r  
    W5                                                0.000     0.000 r  clk (IN)
                         net (fo=0)                   0.000     0.000    clk
    W5                   IBUF (Prop_ibuf_I_O)         1.458     1.458 r  clk_IBUF_inst/O
                         net (fo=1, routed)           1.967     3.425    clk_IBUF
    BUFGCTRL_X0Y0        BUFG (Prop_bufg_I_O)         0.096     3.521 r  clk_IBUF_BUFG_inst/O
                         net (fo=165, routed)         1.612     5.133    program_rom/CLK
    RAMB36_X0Y0          RAMB36E1                                     r  program_rom/ram_2k_generate.akv7.kcpsm6_rom/CLKARDCLK
  -------------------------------------------------------------------    -------------------
    RAMB36_X0Y0          RAMB36E1 (Prop_ramb36e1_CLKARDCLK_DOADO[4])
                                                      2.454     7.587 r  program_rom/ram_2k_generate.akv7.kcpsm6_rom/DOADO[4]
                         net (fo=14, routed)          1.918     9.505    processor/upper_reg_banks/ADDRA0
    SLICE_X6Y5           RAMD32 (Prop_ramd32_RADR0_O)
                                                      0.150     9.655 r  processor/upper_reg_banks/RAMA/O
                         net (fo=3, routed)           0.875    10.530    processor/data_path_loop[4].output_data.sy_kk_mux_lut/I0
    SLICE_X7Y5           LUT5 (Prop_lut5_I0_O)        0.356    10.886 r  processor/data_path_loop[4].output_data.sy_kk_mux_lut/LUT5/O
                         net (fo=18, routed)          1.168    12.053    processor/data_path_loop[4].arith_logical_lut/I0
    SLICE_X5Y4           LUT6 (Prop_lut6_I0_O)        0.332    12.385 r  processor/data_path_loop[4].arith_logical_lut/LUT6/O
                         net (fo=1, routed)           0.000    12.385    processor/half_arith_logical[4]
    SLICE_X5Y4           CARRY4 (Prop_carry4_S[0]_O[2])
                                                      0.547    12.932 r  processor/data_path_loop[4].upper_arith_logical.arith_logical_muxcy_CARRY4/O[2]
                         net (fo=1, routed)           0.000    12.932    processor/arith_logical_value[6]
    SLICE_X5Y4           FDRE                                         r  processor/data_path_loop[6].arith_logical_flop/D
  -------------------------------------------------------------------    -------------------

                         (clock clk_pin rise edge)   10.000    10.000 r  
    W5                                                0.000    10.000 r  clk (IN)
                         net (fo=0)                   0.000    10.000    clk
    W5                   IBUF (Prop_ibuf_I_O)         1.388    11.388 r  clk_IBUF_inst/O
                         net (fo=1, routed)           1.862    13.250    clk_IBUF
    BUFGCTRL_X0Y0        BUFG (Prop_bufg_I_O)         0.091    13.341 r  clk_IBUF_BUFG_inst/O
                         net (fo=165, routed)         1.517    14.858    processor/CLK
    SLICE_X5Y4           FDRE                                         r  processor/data_path_loop[6].arith_logical_flop/C
                         clock pessimism              0.260    15.118    
                         clock uncertainty           -0.035    15.083    
    SLICE_X5Y4           FDRE (Setup_fdre_C_D)        0.062    15.145    processor/data_path_loop[6].arith_logical_flop
  -------------------------------------------------------------------
                         required time                         15.145    
                         arrival time                         -12.932    
  -------------------------------------------------------------------
                         slack                                  2.213    

Slack (MET) :             2.251ns  (required time - arrival time)
  Source:                 program_rom/ram_2k_generate.akv7.kcpsm6_rom/CLKARDCLK
                            (rising edge-triggered cell RAMB36E1 clocked by clk_pin  {rise@0.000ns fall@5.000ns period=10.000ns})
  Destination:            processor/data_path_loop[5].arith_logical_flop/D
                            (rising edge-triggered cell FDRE clocked by clk_pin  {rise@0.000ns fall@5.000ns period=10.000ns})
  Path Group:             clk_pin
  Path Type:              Setup (Max at Slow Process Corner)
  Requirement:            10.000ns  (clk_pin rise@10.000ns - clk_pin rise@0.000ns)
  Data Path Delay:        7.761ns  (logic 4.030ns (51.927%)  route 3.731ns (48.073%))
  Logic Levels:           5  (CARRY4=2 LUT5=1 LUT6=1 RAMD32=1)
  Clock Path Skew:        -0.014ns (DCD - SCD + CPR)
    Destination Clock Delay (DCD):    4.858ns = ( 14.858 - 10.000 ) 
    Source Clock Delay      (SCD):    5.133ns
    Clock Pessimism Removal (CPR):    0.260ns
  Clock Uncertainty:      0.035ns  ((TSJ^2 + TIJ^2)^1/2 + DJ) / 2 + PE
    Total System Jitter     (TSJ):    0.071ns
    Total Input Jitter      (TIJ):    0.000ns
    Discrete Jitter          (DJ):    0.000ns
    Phase Error              (PE):    0.000ns

    Location             Delay type                Incr(ns)  Path(ns)    Netlist Resource(s)
  -------------------------------------------------------------------    -------------------
                         (clock clk_pin rise edge)    0.000     0.000 r  
    W5                                                0.000     0.000 r  clk (IN)
                         net (fo=0)                   0.000     0.000    clk
    W5                   IBUF (Prop_ibuf_I_O)         1.458     1.458 r  clk_IBUF_inst/O
                         net (fo=1, routed)           1.967     3.425    clk_IBUF
    BUFGCTRL_X0Y0        BUFG (Prop_bufg_I_O)         0.096     3.521 r  clk_IBUF_BUFG_inst/O
                         net (fo=165, routed)         1.612     5.133    program_rom/CLK
    RAMB36_X0Y0          RAMB36E1                                     r  program_rom/ram_2k_generate.akv7.kcpsm6_rom/CLKARDCLK
  -------------------------------------------------------------------    -------------------
    RAMB36_X0Y0          RAMB36E1 (Prop_ramb36e1_CLKARDCLK_DOADO[4])
                                                      2.454     7.587 r  program_rom/ram_2k_generate.akv7.kcpsm6_rom/DOADO[4]
                         net (fo=14, routed)          1.504     9.091    processor/lower_reg_banks/ADDRC0
    SLICE_X10Y3          RAMD32 (Prop_ramd32_RADR0_O)
                                                      0.153     9.244 r  processor/lower_reg_banks/RAMC/O
                         net (fo=3, routed)           0.989    10.233    processor/data_path_loop[2].output_data.sy_kk_mux_lut/I0
    SLICE_X9Y4           LUT5 (Prop_lut5_I0_O)        0.359    10.592 r  processor/data_path_loop[2].output_data.sy_kk_mux_lut/LUT5/O
                         net (fo=18, routed)          1.238    11.830    processor/data_path_loop[2].arith_logical_lut/I0
    SLICE_X5Y3           LUT6 (Prop_lut6_I0_O)        0.332    12.162 r  processor/data_path_loop[2].arith_logical_lut/LUT6/O
                         net (fo=1, routed)           0.000    12.162    processor/half_arith_logical[2]
    SLICE_X5Y3           CARRY4 (Prop_carry4_S[2]_CO[3])
                                                      0.398    12.560 r  processor/data_path_loop[0].lsb_arith_logical.arith_logical_muxcy_CARRY4/CO[3]
                         net (fo=1, routed)           0.000    12.560    processor/data_path_loop[3].upper_arith_logical.arith_logical_muxcy_n_0
    SLICE_X5Y4           CARRY4 (Prop_carry4_CI_O[1])
                                                      0.334    12.894 r  processor/data_path_loop[4].upper_arith_logical.arith_logical_muxcy_CARRY4/O[1]
                         net (fo=1, routed)           0.000    12.894    processor/arith_logical_value[5]
    SLICE_X5Y4           FDRE                                         r  processor/data_path_loop[5].arith_logical_flop/D
  -------------------------------------------------------------------    -------------------

                         (clock clk_pin rise edge)   10.000    10.000 r  
    W5                                                0.000    10.000 r  clk (IN)
                         net (fo=0)                   0.000    10.000    clk
    W5                   IBUF (Prop_ibuf_I_O)         1.388    11.388 r  clk_IBUF_inst/O
                         net (fo=1, routed)           1.862    13.250    clk_IBUF
    BUFGCTRL_X0Y0        BUFG (Prop_bufg_I_O)         0.091    13.341 r  clk_IBUF_BUFG_inst/O
                         net (fo=165, routed)         1.517    14.858    processor/CLK
    SLICE_X5Y4           FDRE                                         r  processor/data_path_loop[5].arith_logical_flop/C
                         clock pessimism              0.260    15.118    
                         clock uncertainty           -0.035    15.083    
    SLICE_X5Y4           FDRE (Setup_fdre_C_D)        0.062    15.145    processor/data_path_loop[5].arith_logical_flop
  -------------------------------------------------------------------
                         required time                         15.145    
                         arrival time                         -12.894    
  -------------------------------------------------------------------
                         slack                                  2.251    

Slack (MET) :             2.362ns  (required time - arrival time)
  Source:                 program_rom/ram_2k_generate.akv7.kcpsm6_rom/CLKARDCLK
                            (rising edge-triggered cell RAMB36E1 clocked by clk_pin  {rise@0.000ns fall@5.000ns period=10.000ns})
  Destination:            processor/data_path_loop[4].arith_logical_flop/D
                            (rising edge-triggered cell FDRE clocked by clk_pin  {rise@0.000ns fall@5.000ns period=10.000ns})
  Path Group:             clk_pin
  Path Type:              Setup (Max at Slow Process Corner)
  Requirement:            10.000ns  (clk_pin rise@10.000ns - clk_pin rise@0.000ns)
  Data Path Delay:        7.650ns  (logic 3.919ns (51.230%)  route 3.731ns (48.770%))
  Logic Levels:           5  (CARRY4=2 LUT5=1 LUT6=1 RAMD32=1)
  Clock Path Skew:        -0.014ns (DCD - SCD + CPR)
    Destination Clock Delay (DCD):    4.858ns = ( 14.858 - 10.000 ) 
    Source Clock Delay      (SCD):    5.133ns
    Clock Pessimism Removal (CPR):    0.260ns
  Clock Uncertainty:      0.035ns  ((TSJ^2 + TIJ^2)^1/2 + DJ) / 2 + PE
    Total System Jitter     (TSJ):    0.071ns
    Total Input Jitter      (TIJ):    0.000ns
    Discrete Jitter          (DJ):    0.000ns
    Phase Error              (PE):    0.000ns

    Location             Delay type                Incr(ns)  Path(ns)    Netlist Resource(s)
  -------------------------------------------------------------------    -------------------
                         (clock clk_pin rise edge)    0.000     0.000 r  
    W5                                                0.000     0.000 r  clk (IN)
                         net (fo=0)                   0.000     0.000    clk
    W5                   IBUF (Prop_ibuf_I_O)         1.458     1.458 r  clk_IBUF_inst/O
                         net (fo=1, routed)           1.967     3.425    clk_IBUF
    BUFGCTRL_X0Y0        BUFG (Prop_bufg_I_O)         0.096     3.521 r  clk_IBUF_BUFG_inst/O
                         net (fo=165, routed)         1.612     5.133    program_rom/CLK
    RAMB36_X0Y0          RAMB36E1                                     r  program_rom/ram_2k_generate.akv7.kcpsm6_rom/CLKARDCLK
  -------------------------------------------------------------------    -------------------
    RAMB36_X0Y0          RAMB36E1 (Prop_ramb36e1_CLKARDCLK_DOADO[4])
                                                      2.454     7.587 r  program_rom/ram_2k_generate.akv7.kcpsm6_rom/DOADO[4]
                         net (fo=14, routed)          1.504     9.091    processor/lower_reg_banks/ADDRC0
    SLICE_X10Y3          RAMD32 (Prop_ramd32_RADR0_O)
                                                      0.153     9.244 r  processor/lower_reg_banks/RAMC/O
                         net (fo=3, routed)           0.989    10.233    processor/data_path_loop[2].output_data.sy_kk_mux_lut/I0
    SLICE_X9Y4           LUT5 (Prop_lut5_I0_O)        0.359    10.592 r  processor/data_path_loop[2].output_data.sy_kk_mux_lut/LUT5/O
                         net (fo=18, routed)          1.238    11.830    processor/data_path_loop[2].arith_logical_lut/I0
    SLICE_X5Y3           LUT6 (Prop_lut6_I0_O)        0.332    12.162 r  processor/data_path_loop[2].arith_logical_lut/LUT6/O
                         net (fo=1, routed)           0.000    12.162    processor/half_arith_logical[2]
    SLICE_X5Y3           CARRY4 (Prop_carry4_S[2]_CO[3])
                                                      0.398    12.560 r  processor/data_path_loop[0].lsb_arith_logical.arith_logical_muxcy_CARRY4/CO[3]
                         net (fo=1, routed)           0.000    12.560    processor/data_path_loop[3].upper_arith_logical.arith_logical_muxcy_n_0
    SLICE_X5Y4           CARRY4 (Prop_carry4_CI_O[0])
                                                      0.223    12.783 r  processor/data_path_loop[4].upper_arith_logical.arith_logical_muxcy_CARRY4/O[0]
                         net (fo=1, routed)           0.000    12.783    processor/arith_logical_value[4]
    SLICE_X5Y4           FDRE                                         r  processor/data_path_loop[4].arith_logical_flop/D
  -------------------------------------------------------------------    -------------------

                         (clock clk_pin rise edge)   10.000    10.000 r  
    W5                                                0.000    10.000 r  clk (IN)
                         net (fo=0)                   0.000    10.000    clk
    W5                   IBUF (Prop_ibuf_I_O)         1.388    11.388 r  clk_IBUF_inst/O
                         net (fo=1, routed)           1.862    13.250    clk_IBUF
    BUFGCTRL_X0Y0        BUFG (Prop_bufg_I_O)         0.091    13.341 r  clk_IBUF_BUFG_inst/O
                         net (fo=165, routed)         1.517    14.858    processor/CLK
    SLICE_X5Y4           FDRE                                         r  processor/data_path_loop[4].arith_logical_flop/C
                         clock pessimism              0.260    15.118    
                         clock uncertainty           -0.035    15.083    
    SLICE_X5Y4           FDRE (Setup_fdre_C_D)        0.062    15.145    processor/data_path_loop[4].arith_logical_flop
  -------------------------------------------------------------------
                         required time                         15.145    
                         arrival time                         -12.783    
  -------------------------------------------------------------------
                         slack                                  2.362    





Min Delay Paths
--------------------------------------------------------------------------------------
Slack (MET) :             0.102ns  (arrival time - required time)
  Source:                 processor/address_loop[1].pc_flop/C
                            (rising edge-triggered cell FDRE clocked by clk_pin  {rise@0.000ns fall@5.000ns period=10.000ns})
  Destination:            program_rom/ram_2k_generate.akv7.kcpsm6_rom/ADDRARDADDR[5]
                            (rising edge-triggered cell RAMB36E1 clocked by clk_pin  {rise@0.000ns fall@5.000ns period=10.000ns})
  Path Group:             clk_pin
  Path Type:              Hold (Min at Fast Process Corner)
  Requirement:            0.000ns  (clk_pin rise@0.000ns - clk_pin rise@0.000ns)
  Data Path Delay:        0.343ns  (logic 0.164ns (47.762%)  route 0.179ns (52.238%))
  Logic Levels:           0  
  Clock Path Skew:        0.058ns (DCD - SCD - CPR)
    Destination Clock Delay (DCD):    2.006ns
    Source Clock Delay      (SCD):    1.449ns
    Clock Pessimism Removal (CPR):    0.498ns

    Location             Delay type                Incr(ns)  Path(ns)    Netlist Resource(s)
  -------------------------------------------------------------------    -------------------
                         (clock clk_pin rise edge)    0.000     0.000 r  
    W5                                                0.000     0.000 r  clk (IN)
                         net (fo=0)                   0.000     0.000    clk
    W5                   IBUF (Prop_ibuf_I_O)         0.226     0.226 r  clk_IBUF_inst/O
                         net (fo=1, routed)           0.631     0.858    clk_IBUF
    BUFGCTRL_X0Y0        BUFG (Prop_bufg_I_O)         0.026     0.884 r  clk_IBUF_BUFG_inst/O
                         net (fo=165, routed)         0.566     1.449    processor/CLK
    SLICE_X8Y4           FDRE                                         r  processor/address_loop[1].pc_flop/C
  -------------------------------------------------------------------    -------------------
    SLICE_X8Y4           FDRE (Prop_fdre_C_Q)         0.164     1.613 r  processor/address_loop[1].pc_flop/Q
                         net (fo=3, routed)           0.179     1.792    program_rom/address[1]
    RAMB36_X0Y0          RAMB36E1                                     r  program_rom/ram_2k_generate.akv7.kcpsm6_rom/ADDRARDADDR[5]
  -------------------------------------------------------------------    -------------------

                         (clock clk_pin rise edge)    0.000     0.000 r  
    W5                                                0.000     0.000 r  clk (IN)
                         net (fo=0)                   0.000     0.000    clk
    W5                   IBUF (Prop_ibuf_I_O)         0.414     0.414 r  clk_IBUF_inst/O
                         net (fo=1, routed)           0.685     1.099    clk_IBUF
    BUFGCTRL_X0Y0        BUFG (Prop_bufg_I_O)         0.029     1.128 r  clk_IBUF_BUFG_inst/O
                         net (fo=165, routed)         0.878     2.006    program_rom/CLK
    RAMB36_X0Y0          RAMB36E1                                     r  program_rom/ram_2k_generate.akv7.kcpsm6_rom/CLKARDCLK
                         clock pessimism             -0.498     1.508    
    RAMB36_X0Y0          RAMB36E1 (Hold_ramb36e1_CLKARDCLK_ADDRARDADDR[5])
                                                      0.183     1.691    program_rom/ram_2k_generate.akv7.kcpsm6_rom
  -------------------------------------------------------------------
                         required time                         -1.691    
                         arrival time                           1.792    
  -------------------------------------------------------------------
                         slack                                  0.102    

Slack (MET) :             0.118ns  (arrival time - required time)
  Source:                 processor/address_loop[6].pc_flop/C
                            (rising edge-triggered cell FDRE clocked by clk_pin  {rise@0.000ns fall@5.000ns period=10.000ns})
  Destination:            processor/stack_ram_high/RAMB/I
                            (rising edge-triggered cell RAMD32 clocked by clk_pin  {rise@0.000ns fall@5.000ns period=10.000ns})
  Path Group:             clk_pin
  Path Type:              Hold (Min at Fast Process Corner)
  Requirement:            0.000ns  (clk_pin rise@0.000ns - clk_pin rise@0.000ns)
  Data Path Delay:        0.300ns  (logic 0.164ns (54.620%)  route 0.136ns (45.380%))
  Logic Levels:           0  
  Clock Path Skew:        0.036ns (DCD - SCD - CPR)
    Destination Clock Delay (DCD):    1.963ns
    Source Clock Delay      (SCD):    1.449ns
    Clock Pessimism Removal (CPR):    0.478ns

    Location             Delay type                Incr(ns)  Path(ns)    Netlist Resource(s)
  -------------------------------------------------------------------    -------------------
                         (clock clk_pin rise edge)    0.000     0.000 r  
    W5                                                0.000     0.000 r  clk (IN)
                         net (fo=0)                   0.000     0.000    clk
    W5                   IBUF (Prop_ibuf_I_O)         0.226     0.226 r  clk_IBUF_inst/O
                         net (fo=1, routed)           0.631     0.858    clk_IBUF
    BUFGCTRL_X0Y0        BUFG (Prop_bufg_I_O)         0.026     0.884 r  clk_IBUF_BUFG_inst/O
                         net (fo=165, routed)         0.566     1.449    processor/CLK
    SLICE_X8Y5           FDRE                                         r  processor/address_loop[6].pc_flop/C
  -------------------------------------------------------------------    -------------------
    SLICE_X8Y5           FDRE (Prop_fdre_C_Q)         0.164     1.613 r  processor/address_loop[6].pc_flop/Q
                         net (fo=3, routed)           0.136     1.749    processor/stack_ram_high/DIB0
    SLICE_X10Y5          RAMD32                                       r  processor/stack_ram_high/RAMB/I
  -------------------------------------------------------------------    -------------------

                         (clock clk_pin rise edge)    0.000     0.000 r  
    W5                                                0.000     0.000 r  clk (IN)
                         net (fo=0)                   0.000     0.000    clk
    W5                   IBUF (Prop_ibuf_I_O)         0.414     0.414 r  clk_IBUF_inst/O
                         net (fo=1, routed)           0.685     1.099    clk_IBUF
    BUFGCTRL_X0Y0        BUFG (Prop_bufg_I_O)         0.029     1.128 r  clk_IBUF_BUFG_inst/O
                         net (fo=165, routed)         0.836     1.963    processor/stack_ram_high/WCLK
    SLICE_X10Y5          RAMD32                                       r  processor/stack_ram_high/RAMB/CLK
                         clock pessimism             -0.478     1.485    
    SLICE_X10Y5          RAMD32 (Hold_ramd32_CLK_I)
                                                      0.146     1.631    processor/stack_ram_high/RAMB
  -------------------------------------------------------------------
                         required time                         -1.631    
                         arrival time                           1.749    
  -------------------------------------------------------------------
                         slack                                  0.118    

Slack (MET) :             0.124ns  (arrival time - required time)
  Source:                 processor/address_loop[2].pc_flop/C
                            (rising edge-triggered cell FDRE clocked by clk_pin  {rise@0.000ns fall@5.000ns period=10.000ns})
  Destination:            processor/stack_ram_low/RAMD/I
                            (rising edge-triggered cell RAMS32 clocked by clk_pin  {rise@0.000ns fall@5.000ns period=10.000ns})
  Path Group:             clk_pin
  Path Type:              Hold (Min at Fast Process Corner)
  Requirement:            0.000ns  (clk_pin rise@0.000ns - clk_pin rise@0.000ns)
  Data Path Delay:        0.304ns  (logic 0.164ns (53.954%)  route 0.140ns (46.046%))
  Logic Levels:           0  
  Clock Path Skew:        0.036ns (DCD - SCD - CPR)
    Destination Clock Delay (DCD):    1.963ns
    Source Clock Delay      (SCD):    1.449ns
    Clock Pessimism Removal (CPR):    0.478ns

    Location             Delay type                Incr(ns)  Path(ns)    Netlist Resource(s)
  -------------------------------------------------------------------    -------------------
                         (clock clk_pin rise edge)    0.000     0.000 r  
    W5                                                0.000     0.000 r  clk (IN)
                         net (fo=0)                   0.000     0.000    clk
    W5                   IBUF (Prop_ibuf_I_O)         0.226     0.226 r  clk_IBUF_inst/O
                         net (fo=1, routed)           0.631     0.858    clk_IBUF
    BUFGCTRL_X0Y0        BUFG (Prop_bufg_I_O)         0.026     0.884 r  clk_IBUF_BUFG_inst/O
                         net (fo=165, routed)         0.566     1.449    processor/CLK
    SLICE_X8Y4           FDRE                                         r  processor/address_loop[2].pc_flop/C
  -------------------------------------------------------------------    -------------------
    SLICE_X8Y4           FDRE (Prop_fdre_C_Q)         0.164     1.613 r  processor/address_loop[2].pc_flop/Q
                         net (fo=3, routed)           0.140     1.753    processor/stack_ram_low/DID0
    SLICE_X10Y4          RAMS32                                       r  processor/stack_ram_low/RAMD/I
  -------------------------------------------------------------------    -------------------

                         (clock clk_pin rise edge)    0.000     0.000 r  
    W5                                                0.000     0.000 r  clk (IN)
                         net (fo=0)                   0.000     0.000    clk
    W5                   IBUF (Prop_ibuf_I_O)         0.414     0.414 r  clk_IBUF_inst/O
                         net (fo=1, routed)           0.685     1.099    clk_IBUF
    BUFGCTRL_X0Y0        BUFG (Prop_bufg_I_O)         0.029     1.128 r  clk_IBUF_BUFG_inst/O
                         net (fo=165, routed)         0.836     1.963    processor/stack_ram_low/WCLK
    SLICE_X10Y4          RAMS32                                       r  processor/stack_ram_low/RAMD/CLK
                         clock pessimism             -0.478     1.485    
    SLICE_X10Y4          RAMS32 (Hold_rams32_CLK_I)
                                                      0.144     1.629    processor/stack_ram_low/RAMD
  -------------------------------------------------------------------
                         required time                         -1.629    
                         arrival time                           1.753    
  -------------------------------------------------------------------
                         slack                                  0.124    

Slack (MET) :             0.128ns  (arrival time - required time)
  Source:                 processor/sx_addr4_flop/C
                            (rising edge-triggered cell FDRE clocked by clk_pin  {rise@0.000ns fall@5.000ns period=10.000ns})
  Destination:            processor/lower_reg_banks/RAMA/WADR4
                            (rising edge-triggered cell RAMD32 clocked by clk_pin  {rise@0.000ns fall@5.000ns period=10.000ns})
  Path Group:             clk_pin
  Path Type:              Hold (Min at Fast Process Corner)
  Requirement:            0.000ns  (clk_pin rise@0.000ns - clk_pin rise@0.000ns)
  Data Path Delay:        0.344ns  (logic 0.141ns (40.968%)  route 0.203ns (59.032%))
  Logic Levels:           0  
  Clock Path Skew:        0.016ns (DCD - SCD - CPR)
    Destination Clock Delay (DCD):    1.963ns
    Source Clock Delay      (SCD):    1.449ns
    Clock Pessimism Removal (CPR):    0.498ns

    Location             Delay type                Incr(ns)  Path(ns)    Netlist Resource(s)
  -------------------------------------------------------------------    -------------------
                         (clock clk_pin rise edge)    0.000     0.000 r  
    W5                                                0.000     0.000 r  clk (IN)
                         net (fo=0)                   0.000     0.000    clk
    W5                   IBUF (Prop_ibuf_I_O)         0.226     0.226 r  clk_IBUF_inst/O
                         net (fo=1, routed)           0.631     0.858    clk_IBUF
    BUFGCTRL_X0Y0        BUFG (Prop_bufg_I_O)         0.026     0.884 r  clk_IBUF_BUFG_inst/O
                         net (fo=165, routed)         0.566     1.449    processor/CLK
    SLICE_X11Y5          FDRE                                         r  processor/sx_addr4_flop/C
  -------------------------------------------------------------------    -------------------
    SLICE_X11Y5          FDRE (Prop_fdre_C_Q)         0.141     1.590 r  processor/sx_addr4_flop/Q
                         net (fo=20, routed)          0.203     1.793    processor/lower_reg_banks/ADDRD4
    SLICE_X10Y3          RAMD32                                       r  processor/lower_reg_banks/RAMA/WADR4
  -------------------------------------------------------------------    -------------------

                         (clock clk_pin rise edge)    0.000     0.000 r  
    W5                                                0.000     0.000 r  clk (IN)
                         net (fo=0)                   0.000     0.000    clk
    W5                   IBUF (Prop_ibuf_I_O)         0.414     0.414 r  clk_IBUF_inst/O
                         net (fo=1, routed)           0.685     1.099    clk_IBUF
    BUFGCTRL_X0Y0        BUFG (Prop_bufg_I_O)         0.029     1.128 r  clk_IBUF_BUFG_inst/O
                         net (fo=165, routed)         0.836     1.963    processor/lower_reg_banks/WCLK
    SLICE_X10Y3          RAMD32                                       r  processor/lower_reg_banks/RAMA/CLK
                         clock pessimism             -0.498     1.465    
    SLICE_X10Y3          RAMD32 (Hold_ramd32_CLK_WADR4)
                                                      0.200     1.665    processor/lower_reg_banks/RAMA
  -------------------------------------------------------------------
                         required time                         -1.665    
                         arrival time                           1.793    
  -------------------------------------------------------------------
                         slack                                  0.128    

Slack (MET) :             0.128ns  (arrival time - required time)
  Source:                 processor/sx_addr4_flop/C
                            (rising edge-triggered cell FDRE clocked by clk_pin  {rise@0.000ns fall@5.000ns period=10.000ns})
  Destination:            processor/lower_reg_banks/RAMA_D1/WADR4
                            (rising edge-triggered cell RAMD32 clocked by clk_pin  {rise@0.000ns fall@5.000ns period=10.000ns})
  Path Group:             clk_pin
  Path Type:              Hold (Min at Fast Process Corner)
  Requirement:            0.000ns  (clk_pin rise@0.000ns - clk_pin rise@0.000ns)
  Data Path Delay:        0.344ns  (logic 0.141ns (40.968%)  route 0.203ns (59.032%))
  Logic Levels:           0  
  Clock Path Skew:        0.016ns (DCD - SCD - CPR)
    Destination Clock Delay (DCD):    1.963ns
    Source Clock Delay      (SCD):    1.449ns
    Clock Pessimism Removal (CPR):    0.498ns

    Location             Delay type                Incr(ns)  Path(ns)    Netlist Resource(s)
  -------------------------------------------------------------------    -------------------
                         (clock clk_pin rise edge)    0.000     0.000 r  
    W5                                                0.000     0.000 r  clk (IN)
                         net (fo=0)                   0.000     0.000    clk
    W5                   IBUF (Prop_ibuf_I_O)         0.226     0.226 r  clk_IBUF_inst/O
                         net (fo=1, routed)           0.631     0.858    clk_IBUF
    BUFGCTRL_X0Y0        BUFG (Prop_bufg_I_O)         0.026     0.884 r  clk_IBUF_BUFG_inst/O
                         net (fo=165, routed)         0.566     1.449    processor/CLK
    SLICE_X11Y5          FDRE                                         r  processor/sx_addr4_flop/C
  -------------------------------------------------------------------    -------------------
    SLICE_X11Y5          FDRE (Prop_fdre_C_Q)         0.141     1.590 r  processor/sx_addr4_flop/Q
                         net (fo=20, routed)          0.203     1.793    processor/lower_reg_banks/ADDRD4
    SLICE_X10Y3          RAMD32                                       r  processor/lower_reg_banks/RAMA_D1/WADR4
  -------------------------------------------------------------------    -------------------

                         (clock clk_pin rise edge)    0.000     0.000 r  
    W5                                                0.000     0.000 r  clk (IN)
                         net (fo=0)                   0.000     0.000    clk
    W5                   IBUF (Prop_ibuf_I_O)         0.414     0.414 r  clk_IBUF_inst/O
                         net (fo=1, routed)           0.685     1.099    clk_IBUF
    BUFGCTRL_X0Y0        BUFG (Prop_bufg_I_O)         0.029     1.128 r  clk_IBUF_BUFG_inst/O
                         net (fo=165, routed)         0.836     1.963    processor/lower_reg_banks/WCLK
    SLICE_X10Y3          RAMD32                                       r  processor/lower_reg_banks/RAMA_D1/CLK
                         clock pessimism             -0.498     1.465    
    SLICE_X10Y3          RAMD32 (Hold_ramd32_CLK_WADR4)
                                                      0.200     1.665    processor/lower_reg_banks/RAMA_D1
  -------------------------------------------------------------------
                         required time                         -1.665    
                         arrival time                           1.793    
  -------------------------------------------------------------------
                         slack                                  0.128    

Slack (MET) :             0.128ns  (arrival time - required time)
  Source:                 processor/sx_addr4_flop/C
                            (rising edge-triggered cell FDRE clocked by clk_pin  {rise@0.000ns fall@5.000ns period=10.000ns})
  Destination:            processor/lower_reg_banks/RAMB/WADR4
                            (rising edge-triggered cell RAMD32 clocked by clk_pin  {rise@0.000ns fall@5.000ns period=10.000ns})
  Path Group:             clk_pin
  Path Type:              Hold (Min at Fast Process Corner)
  Requirement:            0.000ns  (clk_pin rise@0.000ns - clk_pin rise@0.000ns)
  Data Path Delay:        0.344ns  (logic 0.141ns (40.968%)  route 0.203ns (59.032%))
  Logic Levels:           0  
  Clock Path Skew:        0.016ns (DCD - SCD - CPR)
    Destination Clock Delay (DCD):    1.963ns
    Source Clock Delay      (SCD):    1.449ns
    Clock Pessimism Removal (CPR):    0.498ns

    Location             Delay type                Incr(ns)  Path(ns)    Netlist Resource(s)
  -------------------------------------------------------------------    -------------------
                         (clock clk_pin rise edge)    0.000     0.000 r  
    W5                                                0.000     0.000 r  clk (IN)
                         net (fo=0)                   0.000     0.000    clk
    W5                   IBUF (Prop_ibuf_I_O)         0.226     0.226 r  clk_IBUF_inst/O
                         net (fo=1, routed)           0.631     0.858    clk_IBUF
    BUFGCTRL_X0Y0        BUFG (Prop_bufg_I_O)         0.026     0.884 r  clk_IBUF_BUFG_inst/O
                         net (fo=165, routed)         0.566     1.449    processor/CLK
    SLICE_X11Y5          FDRE                                         r  processor/sx_addr4_flop/C
  -------------------------------------------------------------------    -------------------
    SLICE_X11Y5          FDRE (Prop_fdre_C_Q)         0.141     1.590 r  processor/sx_addr4_flop/Q
                         net (fo=20, routed)          0.203     1.793    processor/lower_reg_banks/ADDRD4
    SLICE_X10Y3          RAMD32                                       r  processor/lower_reg_banks/RAMB/WADR4
  -------------------------------------------------------------------    -------------------

                         (clock clk_pin rise edge)    0.000     0.000 r  
    W5                                                0.000     0.000 r  clk (IN)
                         net (fo=0)                   0.000     0.000    clk
    W5                   IBUF (Prop_ibuf_I_O)         0.414     0.414 r  clk_IBUF_inst/O
                         net (fo=1, routed)           0.685     1.099    clk_IBUF
    BUFGCTRL_X0Y0        BUFG (Prop_bufg_I_O)         0.029     1.128 r  clk_IBUF_BUFG_inst/O
                         net (fo=165, routed)         0.836     1.963    processor/lower_reg_banks/WCLK
    SLICE_X10Y3          RAMD32                                       r  processor/lower_reg_banks/RAMB/CLK
                         clock pessimism             -0.498     1.465    
    SLICE_X10Y3          RAMD32 (Hold_ramd32_CLK_WADR4)
                                                      0.200     1.665    processor/lower_reg_banks/RAMB
  -------------------------------------------------------------------
                         required time                         -1.665    
                         arrival time                           1.793    
  -------------------------------------------------------------------
                         slack                                  0.128    

Slack (MET) :             0.128ns  (arrival time - required time)
  Source:                 processor/sx_addr4_flop/C
                            (rising edge-triggered cell FDRE clocked by clk_pin  {rise@0.000ns fall@5.000ns period=10.000ns})
  Destination:            processor/lower_reg_banks/RAMB_D1/WADR4
                            (rising edge-triggered cell RAMD32 clocked by clk_pin  {rise@0.000ns fall@5.000ns period=10.000ns})
  Path Group:             clk_pin
  Path Type:              Hold (Min at Fast Process Corner)
  Requirement:            0.000ns  (clk_pin rise@0.000ns - clk_pin rise@0.000ns)
  Data Path Delay:        0.344ns  (logic 0.141ns (40.968%)  route 0.203ns (59.032%))
  Logic Levels:           0  
  Clock Path Skew:        0.016ns (DCD - SCD - CPR)
    Destination Clock Delay (DCD):    1.963ns
    Source Clock Delay      (SCD):    1.449ns
    Clock Pessimism Removal (CPR):    0.498ns

    Location             Delay type                Incr(ns)  Path(ns)    Netlist Resource(s)
  -------------------------------------------------------------------    -------------------
                         (clock clk_pin rise edge)    0.000     0.000 r  
    W5                                                0.000     0.000 r  clk (IN)
                         net (fo=0)                   0.000     0.000    clk
    W5                   IBUF (Prop_ibuf_I_O)         0.226     0.226 r  clk_IBUF_inst/O
                         net (fo=1, routed)           0.631     0.858    clk_IBUF
    BUFGCTRL_X0Y0        BUFG (Prop_bufg_I_O)         0.026     0.884 r  clk_IBUF_BUFG_inst/O
                         net (fo=165, routed)         0.566     1.449    processor/CLK
    SLICE_X11Y5          FDRE                                         r  processor/sx_addr4_flop/C
  -------------------------------------------------------------------    -------------------
    SLICE_X11Y5          FDRE (Prop_fdre_C_Q)         0.141     1.590 r  processor/sx_addr4_flop/Q
                         net (fo=20, routed)          0.203     1.793    processor/lower_reg_banks/ADDRD4
    SLICE_X10Y3          RAMD32                                       r  processor/lower_reg_banks/RAMB_D1/WADR4
  -------------------------------------------------------------------    -------------------

                         (clock clk_pin rise edge)    0.000     0.000 r  
    W5                                                0.000     0.000 r  clk (IN)
                         net (fo=0)                   0.000     0.000    clk
    W5                   IBUF (Prop_ibuf_I_O)         0.414     0.414 r  clk_IBUF_inst/O
                         net (fo=1, routed)           0.685     1.099    clk_IBUF
    BUFGCTRL_X0Y0        BUFG (Prop_bufg_I_O)         0.029     1.128 r  clk_IBUF_BUFG_inst/O
                         net (fo=165, routed)         0.836     1.963    processor/lower_reg_banks/WCLK
    SLICE_X10Y3          RAMD32                                       r  processor/lower_reg_banks/RAMB_D1/CLK
                         clock pessimism             -0.498     1.465    
    SLICE_X10Y3          RAMD32 (Hold_ramd32_CLK_WADR4)
                                                      0.200     1.665    processor/lower_reg_banks/RAMB_D1
  -------------------------------------------------------------------
                         required time                         -1.665    
                         arrival time                           1.793    
  -------------------------------------------------------------------
                         slack                                  0.128    

Slack (MET) :             0.128ns  (arrival time - required time)
  Source:                 processor/sx_addr4_flop/C
                            (rising edge-triggered cell FDRE clocked by clk_pin  {rise@0.000ns fall@5.000ns period=10.000ns})
  Destination:            processor/lower_reg_banks/RAMC/WADR4
                            (rising edge-triggered cell RAMD32 clocked by clk_pin  {rise@0.000ns fall@5.000ns period=10.000ns})
  Path Group:             clk_pin
  Path Type:              Hold (Min at Fast Process Corner)
  Requirement:            0.000ns  (clk_pin rise@0.000ns - clk_pin rise@0.000ns)
  Data Path Delay:        0.344ns  (logic 0.141ns (40.968%)  route 0.203ns (59.032%))
  Logic Levels:           0  
  Clock Path Skew:        0.016ns (DCD - SCD - CPR)
    Destination Clock Delay (DCD):    1.963ns
    Source Clock Delay      (SCD):    1.449ns
    Clock Pessimism Removal (CPR):    0.498ns

    Location             Delay type                Incr(ns)  Path(ns)    Netlist Resource(s)
  -------------------------------------------------------------------    -------------------
                         (clock clk_pin rise edge)    0.000     0.000 r  
    W5                                                0.000     0.000 r  clk (IN)
                         net (fo=0)                   0.000     0.000    clk
    W5                   IBUF (Prop_ibuf_I_O)         0.226     0.226 r  clk_IBUF_inst/O
                         net (fo=1, routed)           0.631     0.858    clk_IBUF
    BUFGCTRL_X0Y0        BUFG (Prop_bufg_I_O)         0.026     0.884 r  clk_IBUF_BUFG_inst/O
                         net (fo=165, routed)         0.566     1.449    processor/CLK
    SLICE_X11Y5          FDRE                                         r  processor/sx_addr4_flop/C
  -------------------------------------------------------------------    -------------------
    SLICE_X11Y5          FDRE (Prop_fdre_C_Q)         0.141     1.590 r  processor/sx_addr4_flop/Q
                         net (fo=20, routed)          0.203     1.793    processor/lower_reg_banks/ADDRD4
    SLICE_X10Y3          RAMD32                                       r  processor/lower_reg_banks/RAMC/WADR4
  -------------------------------------------------------------------    -------------------

                         (clock clk_pin rise edge)    0.000     0.000 r  
    W5                                                0.000     0.000 r  clk (IN)
                         net (fo=0)                   0.000     0.000    clk
    W5                   IBUF (Prop_ibuf_I_O)         0.414     0.414 r  clk_IBUF_inst/O
                         net (fo=1, routed)           0.685     1.099    clk_IBUF
    BUFGCTRL_X0Y0        BUFG (Prop_bufg_I_O)         0.029     1.128 r  clk_IBUF_BUFG_inst/O
                         net (fo=165, routed)         0.836     1.963    processor/lower_reg_banks/WCLK
    SLICE_X10Y3          RAMD32                                       r  processor/lower_reg_banks/RAMC/CLK
                         clock pessimism             -0.498     1.465    
    SLICE_X10Y3          RAMD32 (Hold_ramd32_CLK_WADR4)
                                                      0.200     1.665    processor/lower_reg_banks/RAMC
  -------------------------------------------------------------------
                         required time                         -1.665    
                         arrival time                           1.793    
  -------------------------------------------------------------------
                         slack                                  0.128    

Slack (MET) :             0.128ns  (arrival time - required time)
  Source:                 processor/sx_addr4_flop/C
                            (rising edge-triggered cell FDRE clocked by clk_pin  {rise@0.000ns fall@5.000ns period=10.000ns})
  Destination:            processor/lower_reg_banks/RAMC_D1/WADR4
                            (rising edge-triggered cell RAMD32 clocked by clk_pin  {rise@0.000ns fall@5.000ns period=10.000ns})
  Path Group:             clk_pin
  Path Type:              Hold (Min at Fast Process Corner)
  Requirement:            0.000ns  (clk_pin rise@0.000ns - clk_pin rise@0.000ns)
  Data Path Delay:        0.344ns  (logic 0.141ns (40.968%)  route 0.203ns (59.032%))
  Logic Levels:           0  
  Clock Path Skew:        0.016ns (DCD - SCD - CPR)
    Destination Clock Delay (DCD):    1.963ns
    Source Clock Delay      (SCD):    1.449ns
    Clock Pessimism Removal (CPR):    0.498ns

    Location             Delay type                Incr(ns)  Path(ns)    Netlist Resource(s)
  -------------------------------------------------------------------    -------------------
                         (clock clk_pin rise edge)    0.000     0.000 r  
    W5                                                0.000     0.000 r  clk (IN)
                         net (fo=0)                   0.000     0.000    clk
    W5                   IBUF (Prop_ibuf_I_O)         0.226     0.226 r  clk_IBUF_inst/O
                         net (fo=1, routed)           0.631     0.858    clk_IBUF
    BUFGCTRL_X0Y0        BUFG (Prop_bufg_I_O)         0.026     0.884 r  clk_IBUF_BUFG_inst/O
                         net (fo=165, routed)         0.566     1.449    processor/CLK
    SLICE_X11Y5          FDRE                                         r  processor/sx_addr4_flop/C
  -------------------------------------------------------------------    -------------------
    SLICE_X11Y5          FDRE (Prop_fdre_C_Q)         0.141     1.590 r  processor/sx_addr4_flop/Q
                         net (fo=20, routed)          0.203     1.793    processor/lower_reg_banks/ADDRD4
    SLICE_X10Y3          RAMD32                                       r  processor/lower_reg_banks/RAMC_D1/WADR4
  -------------------------------------------------------------------    -------------------

                         (clock clk_pin rise edge)    0.000     0.000 r  
    W5                                                0.000     0.000 r  clk (IN)
                         net (fo=0)                   0.000     0.000    clk
    W5                   IBUF (Prop_ibuf_I_O)         0.414     0.414 r  clk_IBUF_inst/O
                         net (fo=1, routed)           0.685     1.099    clk_IBUF
    BUFGCTRL_X0Y0        BUFG (Prop_bufg_I_O)         0.029     1.128 r  clk_IBUF_BUFG_inst/O
                         net (fo=165, routed)         0.836     1.963    processor/lower_reg_banks/WCLK
    SLICE_X10Y3          RAMD32                                       r  processor/lower_reg_banks/RAMC_D1/CLK
                         clock pessimism             -0.498     1.465    
    SLICE_X10Y3          RAMD32 (Hold_ramd32_CLK_WADR4)
                                                      0.200     1.665    processor/lower_reg_banks/RAMC_D1
  -------------------------------------------------------------------
                         required time                         -1.665    
                         arrival time                           1.793    
  -------------------------------------------------------------------
                         slack                                  0.128    

Slack (MET) :             0.128ns  (arrival time - required time)
  Source:                 processor/sx_addr4_flop/C
                            (rising edge-triggered cell FDRE clocked by clk_pin  {rise@0.000ns fall@5.000ns period=10.000ns})
  Destination:            processor/lower_reg_banks/RAMD/ADR4
                            (rising edge-triggered cell RAMS32 clocked by clk_pin  {rise@0.000ns fall@5.000ns period=10.000ns})
  Path Group:             clk_pin
  Path Type:              Hold (Min at Fast Process Corner)
  Requirement:            0.000ns  (clk_pin rise@0.000ns - clk_pin rise@0.000ns)
  Data Path Delay:        0.344ns  (logic 0.141ns (40.968%)  route 0.203ns (59.032%))
  Logic Levels:           0  
  Clock Path Skew:        0.016ns (DCD - SCD - CPR)
    Destination Clock Delay (DCD):    1.963ns
    Source Clock Delay      (SCD):    1.449ns
    Clock Pessimism Removal (CPR):    0.498ns

    Location             Delay type                Incr(ns)  Path(ns)    Netlist Resource(s)
  -------------------------------------------------------------------    -------------------
                         (clock clk_pin rise edge)    0.000     0.000 r  
    W5                                                0.000     0.000 r  clk (IN)
                         net (fo=0)                   0.000     0.000    clk
    W5                   IBUF (Prop_ibuf_I_O)         0.226     0.226 r  clk_IBUF_inst/O
                         net (fo=1, routed)           0.631     0.858    clk_IBUF
    BUFGCTRL_X0Y0        BUFG (Prop_bufg_I_O)         0.026     0.884 r  clk_IBUF_BUFG_inst/O
                         net (fo=165, routed)         0.566     1.449    processor/CLK
    SLICE_X11Y5          FDRE                                         r  processor/sx_addr4_flop/C
  -------------------------------------------------------------------    -------------------
    SLICE_X11Y5          FDRE (Prop_fdre_C_Q)         0.141     1.590 r  processor/sx_addr4_flop/Q
                         net (fo=20, routed)          0.203     1.793    processor/lower_reg_banks/ADDRD4
    SLICE_X10Y3          RAMS32                                       r  processor/lower_reg_banks/RAMD/ADR4
  -------------------------------------------------------------------    -------------------

                         (clock clk_pin rise edge)    0.000     0.000 r  
    W5                                                0.000     0.000 r  clk (IN)
                         net (fo=0)                   0.000     0.000    clk
    W5                   IBUF (Prop_ibuf_I_O)         0.414     0.414 r  clk_IBUF_inst/O
                         net (fo=1, routed)           0.685     1.099    clk_IBUF
    BUFGCTRL_X0Y0        BUFG (Prop_bufg_I_O)         0.029     1.128 r  clk_IBUF_BUFG_inst/O
                         net (fo=165, routed)         0.836     1.963    processor/lower_reg_banks/WCLK
    SLICE_X10Y3          RAMS32                                       r  processor/lower_reg_banks/RAMD/CLK
                         clock pessimism             -0.498     1.465    
    SLICE_X10Y3          RAMS32 (Hold_rams32_CLK_ADR4)
                                                      0.200     1.665    processor/lower_reg_banks/RAMD
  -------------------------------------------------------------------
                         required time                         -1.665    
                         arrival time                           1.793    
  -------------------------------------------------------------------
                         slack                                  0.128    





Pulse Width Checks
--------------------------------------------------------------------------------------
Clock Name:         clk_pin
Waveform(ns):       { 0.000 5.000 }
Period(ns):         10.000
Sources:            { clk }

Check Type        Corner  Lib Pin             Reference Pin  Required(ns)  Actual(ns)  Slack(ns)  Location       Pin
Min Period        n/a     RAMB36E1/CLKARDCLK  n/a            2.576         10.000      7.424      RAMB36_X0Y0    program_rom/ram_2k_generate.akv7.kcpsm6_rom/CLKARDCLK
Min Period        n/a     BUFG/I              n/a            2.155         10.000      7.845      BUFGCTRL_X0Y0  clk_IBUF_BUFG_inst/I
Min Period        n/a     FDRE/C              n/a            1.000         10.000      9.000      SLICE_X7Y6     in_port_reg[0]/C
Min Period        n/a     FDRE/C              n/a            1.000         10.000      9.000      SLICE_X6Y8     in_port_reg[1]/C
Min Period        n/a     FDRE/C              n/a            1.000         10.000      9.000      SLICE_X7Y7     in_port_reg[2]/C
Min Period        n/a     FDRE/C              n/a            1.000         10.000      9.000      SLICE_X7Y6     in_port_reg[3]/C
Min Period        n/a     FDRE/C              n/a            1.000         10.000      9.000      SLICE_X6Y8     in_port_reg[4]/C
Min Period        n/a     FDRE/C              n/a            1.000         10.000      9.000      SLICE_X6Y8     in_port_reg[5]/C
Min Period        n/a     FDRE/C              n/a            1.000         10.000      9.000      SLICE_X6Y8     in_port_reg[6]/C
Min Period        n/a     FDRE/C              n/a            1.000         10.000      9.000      SLICE_X5Y8     in_port_reg[7]/C
Low Pulse Width   Slow    RAMD64E/CLK         n/a            1.250         5.000       3.750      SLICE_X6Y3     processor/data_path_loop[0].small_spm.small_spm_ram.spm_ram/RAMA/CLK
Low Pulse Width   Fast    RAMD64E/CLK         n/a            1.250         5.000       3.750      SLICE_X6Y3     processor/data_path_loop[0].small_spm.small_spm_ram.spm_ram/RAMA/CLK
Low Pulse Width   Slow    RAMD64E/CLK         n/a            1.250         5.000       3.750      SLICE_X6Y3     processor/data_path_loop[0].small_spm.small_spm_ram.spm_ram/RAMB/CLK
Low Pulse Width   Fast    RAMD64E/CLK         n/a            1.250         5.000       3.750      SLICE_X6Y3     processor/data_path_loop[0].small_spm.small_spm_ram.spm_ram/RAMB/CLK
Low Pulse Width   Slow    RAMD64E/CLK         n/a            1.250         5.000       3.750      SLICE_X6Y3     processor/data_path_loop[0].small_spm.small_spm_ram.spm_ram/RAMC/CLK
Low Pulse Width   Fast    RAMD64E/CLK         n/a            1.250         5.000       3.750      SLICE_X6Y3     processor/data_path_loop[0].small_spm.small_spm_ram.spm_ram/RAMC/CLK
Low Pulse Width   Slow    RAMD64E/CLK         n/a            1.250         5.000       3.750      SLICE_X6Y3     processor/data_path_loop[0].small_spm.small_spm_ram.spm_ram/RAMD/CLK
Low Pulse Width   Fast    RAMD64E/CLK         n/a            1.250         5.000       3.750      SLICE_X6Y3     processor/data_path_loop[0].small_spm.small_spm_ram.spm_ram/RAMD/CLK
Low Pulse Width   Slow    RAMD64E/CLK         n/a            1.250         5.000       3.750      SLICE_X6Y6     processor/data_path_loop[4].small_spm.small_spm_ram.spm_ram/RAMA/CLK
Low Pulse Width   Fast    RAMD64E/CLK         n/a            1.250         5.000       3.750      SLICE_X6Y6     processor/data_path_loop[4].small_spm.small_spm_ram.spm_ram/RAMA/CLK
High Pulse Width  Slow    RAMD64E/CLK         n/a            1.250         5.000       3.750      SLICE_X6Y3     processor/data_path_loop[0].small_spm.small_spm_ram.spm_ram/RAMA/CLK
High Pulse Width  Fast    RAMD64E/CLK         n/a            1.250         5.000       3.750      SLICE_X6Y3     processor/data_path_loop[0].small_spm.small_spm_ram.spm_ram/RAMA/CLK
High Pulse Width  Slow    RAMD64E/CLK         n/a            1.250         5.000       3.750      SLICE_X6Y3     processor/data_path_loop[0].small_spm.small_spm_ram.spm_ram/RAMB/CLK
High Pulse Width  Fast    RAMD64E/CLK         n/a            1.250         5.000       3.750      SLICE_X6Y3     processor/data_path_loop[0].small_spm.small_spm_ram.spm_ram/RAMB/CLK
High Pulse Width  Slow    RAMD64E/CLK         n/a            1.250         5.000       3.750      SLICE_X6Y3     processor/data_path_loop[0].small_spm.small_spm_ram.spm_ram/RAMC/CLK
High Pulse Width  Fast    RAMD64E/CLK         n/a            1.250         5.000       3.750      SLICE_X6Y3     processor/data_path_loop[0].small_spm.small_spm_ram.spm_ram/RAMC/CLK
High Pulse Width  Slow    RAMD64E/CLK         n/a            1.250         5.000       3.750      SLICE_X6Y3     processor/data_path_loop[0].small_spm.small_spm_ram.spm_ram/RAMD/CLK
High Pulse Width  Fast    RAMD64E/CLK         n/a            1.250         5.000       3.750      SLICE_X6Y3     processor/data_path_loop[0].small_spm.small_spm_ram.spm_ram/RAMD/CLK
High Pulse Width  Slow    RAMD64E/CLK         n/a            1.250         5.000       3.750      SLICE_X6Y6     processor/data_path_loop[4].small_spm.small_spm_ram.spm_ram/RAMA/CLK
High Pulse Width  Fast    RAMD64E/CLK         n/a            1.250         5.000       3.750      SLICE_X6Y6     processor/data_path_loop[4].small_spm.small_spm_ram.spm_ram/RAMA/CLK



---------------------------------------------------------------------------------------------------
From Clock:  virtual_clock
  To Clock:  clk_pin

Setup :            0  Failing Endpoints,  Worst Slack        6.111ns,  Total Violation        0.000ns
Hold  :            0  Failing Endpoints,  Worst Slack        0.051ns,  Total Violation        0.000ns
---------------------------------------------------------------------------------------------------


Max Delay Paths
--------------------------------------------------------------------------------------
Slack (MET) :             6.111ns  (required time - arrival time)
  Source:                 sw[2]
                            (input port clocked by virtual_clock  {rise@0.000ns fall@5.000ns period=10.000ns})
  Destination:            in_port_reg[2]/D
                            (rising edge-triggered cell FDRE clocked by clk_pin  {rise@0.000ns fall@5.000ns period=10.000ns})
  Path Group:             clk_pin
  Path Type:              Setup (Max at Slow Process Corner)
  Requirement:            10.000ns  (clk_pin rise@10.000ns - virtual_clock rise@0.000ns)
  Data Path Delay:        7.251ns  (logic 1.574ns (21.705%)  route 5.677ns (78.295%))
  Logic Levels:           2  (IBUF=1 LUT4=1)
  Input Delay:            1.500ns
  Clock Path Skew:        4.857ns (DCD - SCD + CPR)
    Destination Clock Delay (DCD):    4.857ns = ( 14.857 - 10.000 ) 
    Source Clock Delay      (SCD):    0.000ns
    Clock Pessimism Removal (CPR):    0.000ns
  Clock Uncertainty:      0.025ns  ((TSJ^2 + TIJ^2)^1/2 + DJ) / 2 + PE
    Total System Jitter     (TSJ):    0.050ns
    Total Input Jitter      (TIJ):    0.000ns
    Discrete Jitter          (DJ):    0.000ns
    Phase Error              (PE):    0.000ns
  Clock Domain Crossing:  Inter clock paths are considered valid unless explicitly excluded by timing constraints such as set_clock_groups or set_false_path.

    Location             Delay type                Incr(ns)  Path(ns)    Netlist Resource(s)
  -------------------------------------------------------------------    -------------------
                         (clock virtual_clock rise edge)
                                                      0.000     0.000 r  
                         ideal clock network latency
                                                      0.000     0.000    
                         input delay                  1.500     1.500    
    W14                                               0.000     1.500 r  sw[2] (IN)
                         net (fo=0)                   0.000     1.500    sw[2]
    W14                  IBUF (Prop_ibuf_I_O)         1.450     2.950 r  sw_IBUF[2]_inst/O
                         net (fo=1, routed)           5.677     8.627    processor/sw_IBUF[2]
    SLICE_X7Y7           LUT4 (Prop_lut4_I0_O)        0.124     8.751 r  processor/in_port[2]_i_1/O
                         net (fo=1, routed)           0.000     8.751    processor_n_28
    SLICE_X7Y7           FDRE                                         r  in_port_reg[2]/D
  -------------------------------------------------------------------    -------------------

                         (clock clk_pin rise edge)   10.000    10.000 r  
    W5                                                0.000    10.000 r  clk (IN)
                         net (fo=0)                   0.000    10.000    clk
    W5                   IBUF (Prop_ibuf_I_O)         1.388    11.388 r  clk_IBUF_inst/O
                         net (fo=1, routed)           1.862    13.250    clk_IBUF
    BUFGCTRL_X0Y0        BUFG (Prop_bufg_I_O)         0.091    13.341 r  clk_IBUF_BUFG_inst/O
                         net (fo=165, routed)         1.516    14.857    clk_IBUF_BUFG
    SLICE_X7Y7           FDRE                                         r  in_port_reg[2]/C
                         clock pessimism              0.000    14.857    
                         clock uncertainty           -0.025    14.832    
    SLICE_X7Y7           FDRE (Setup_fdre_C_D)        0.029    14.861    in_port_reg[2]
  -------------------------------------------------------------------
                         required time                         14.861    
                         arrival time                          -8.751    
  -------------------------------------------------------------------
                         slack                                  6.111    

Slack (MET) :             6.311ns  (required time - arrival time)
  Source:                 sw[8]
                            (input port clocked by virtual_clock  {rise@0.000ns fall@5.000ns period=10.000ns})
  Destination:            in_port_reg[0]/D
                            (rising edge-triggered cell FDRE clocked by clk_pin  {rise@0.000ns fall@5.000ns period=10.000ns})
  Path Group:             clk_pin
  Path Type:              Setup (Max at Slow Process Corner)
  Requirement:            10.000ns  (clk_pin rise@10.000ns - virtual_clock rise@0.000ns)
  Data Path Delay:        6.747ns  (logic 1.619ns (23.990%)  route 5.129ns (76.010%))
  Logic Levels:           2  (IBUF=1 LUT4=1)
  Input Delay:            1.500ns
  Clock Path Skew:        4.858ns (DCD - SCD + CPR)
    Destination Clock Delay (DCD):    4.858ns = ( 14.858 - 10.000 ) 
    Source Clock Delay      (SCD):    0.000ns
    Clock Pessimism Removal (CPR):    0.000ns
  Clock Uncertainty:      0.025ns  ((TSJ^2 + TIJ^2)^1/2 + DJ) / 2 + PE
    Total System Jitter     (TSJ):    0.050ns
    Total Input Jitter      (TIJ):    0.000ns
    Discrete Jitter          (DJ):    0.000ns
    Phase Error              (PE):    0.000ns
  Clock Domain Crossing:  Inter clock paths are considered valid unless explicitly excluded by timing constraints such as set_clock_groups or set_false_path.

    Location             Delay type                Incr(ns)  Path(ns)    Netlist Resource(s)
  -------------------------------------------------------------------    -------------------
                         (clock virtual_clock rise edge)
                                                      0.000     0.000 r  
                         ideal clock network latency
                                                      0.000     0.000    
                         input delay                  1.500     1.500    
    W2                                                0.000     1.500 r  sw[8] (IN)
                         net (fo=0)                   0.000     1.500    sw[8]
    W2                   IBUF (Prop_ibuf_I_O)         1.469     2.969 r  sw_IBUF[8]_inst/O
                         net (fo=1, routed)           4.065     7.034    processor/sw_IBUF[8]
    SLICE_X7Y6           LUT4 (Prop_lut4_I3_O)        0.150     7.184 r  processor/in_port[0]_i_1/O
                         net (fo=1, routed)           1.063     8.247    processor_n_30
    SLICE_X7Y6           FDRE                                         r  in_port_reg[0]/D
  -------------------------------------------------------------------    -------------------

                         (clock clk_pin rise edge)   10.000    10.000 r  
    W5                                                0.000    10.000 r  clk (IN)
                         net (fo=0)                   0.000    10.000    clk
    W5                   IBUF (Prop_ibuf_I_O)         1.388    11.388 r  clk_IBUF_inst/O
                         net (fo=1, routed)           1.862    13.250    clk_IBUF
    BUFGCTRL_X0Y0        BUFG (Prop_bufg_I_O)         0.091    13.341 r  clk_IBUF_BUFG_inst/O
                         net (fo=165, routed)         1.517    14.858    clk_IBUF_BUFG
    SLICE_X7Y6           FDRE                                         r  in_port_reg[0]/C
                         clock pessimism              0.000    14.858    
                         clock uncertainty           -0.025    14.833    
    SLICE_X7Y6           FDRE (Setup_fdre_C_D)       -0.275    14.558    in_port_reg[0]
  -------------------------------------------------------------------
                         required time                         14.558    
                         arrival time                          -8.247    
  -------------------------------------------------------------------
                         slack                                  6.311    

Slack (MET) :             6.436ns  (required time - arrival time)
  Source:                 sw[9]
                            (input port clocked by virtual_clock  {rise@0.000ns fall@5.000ns period=10.000ns})
  Destination:            in_port_reg[1]/D
                            (rising edge-triggered cell FDRE clocked by clk_pin  {rise@0.000ns fall@5.000ns period=10.000ns})
  Path Group:             clk_pin
  Path Type:              Setup (Max at Slow Process Corner)
  Requirement:            10.000ns  (clk_pin rise@10.000ns - virtual_clock rise@0.000ns)
  Data Path Delay:        6.649ns  (logic 1.610ns (24.212%)  route 5.039ns (75.788%))
  Logic Levels:           2  (IBUF=1 LUT4=1)
  Input Delay:            1.500ns
  Clock Path Skew:        4.857ns (DCD - SCD + CPR)
    Destination Clock Delay (DCD):    4.857ns = ( 14.857 - 10.000 ) 
    Source Clock Delay      (SCD):    0.000ns
    Clock Pessimism Removal (CPR):    0.000ns
  Clock Uncertainty:      0.025ns  ((TSJ^2 + TIJ^2)^1/2 + DJ) / 2 + PE
    Total System Jitter     (TSJ):    0.050ns
    Total Input Jitter      (TIJ):    0.000ns
    Discrete Jitter          (DJ):    0.000ns
    Phase Error              (PE):    0.000ns
  Clock Domain Crossing:  Inter clock paths are considered valid unless explicitly excluded by timing constraints such as set_clock_groups or set_false_path.

    Location             Delay type                Incr(ns)  Path(ns)    Netlist Resource(s)
  -------------------------------------------------------------------    -------------------
                         (clock virtual_clock rise edge)
                                                      0.000     0.000 r  
                         ideal clock network latency
                                                      0.000     0.000    
                         input delay                  1.500     1.500    
    U1                                                0.000     1.500 r  sw[9] (IN)
                         net (fo=0)                   0.000     1.500    sw[9]
    U1                   IBUF (Prop_ibuf_I_O)         1.453     2.953 r  sw_IBUF[9]_inst/O
                         net (fo=1, routed)           4.106     7.059    processor/sw_IBUF[9]
    SLICE_X6Y8           LUT4 (Prop_lut4_I3_O)        0.157     7.216 r  processor/in_port[1]_i_1/O
                         net (fo=1, routed)           0.933     8.149    processor_n_29
    SLICE_X6Y8           FDRE                                         r  in_port_reg[1]/D
  -------------------------------------------------------------------    -------------------

                         (clock clk_pin rise edge)   10.000    10.000 r  
    W5                                                0.000    10.000 r  clk (IN)
                         net (fo=0)                   0.000    10.000    clk
    W5                   IBUF (Prop_ibuf_I_O)         1.388    11.388 r  clk_IBUF_inst/O
                         net (fo=1, routed)           1.862    13.250    clk_IBUF
    BUFGCTRL_X0Y0        BUFG (Prop_bufg_I_O)         0.091    13.341 r  clk_IBUF_BUFG_inst/O
                         net (fo=165, routed)         1.516    14.857    clk_IBUF_BUFG
    SLICE_X6Y8           FDRE                                         r  in_port_reg[1]/C
                         clock pessimism              0.000    14.857    
                         clock uncertainty           -0.025    14.832    
    SLICE_X6Y8           FDRE (Setup_fdre_C_D)       -0.247    14.585    in_port_reg[1]
  -------------------------------------------------------------------
                         required time                         14.585    
                         arrival time                          -8.149    
  -------------------------------------------------------------------
                         slack                                  6.436    

Slack (MET) :             6.996ns  (required time - arrival time)
  Source:                 kcpsm6_interrupt
                            (input port clocked by virtual_clock  {rise@0.000ns fall@5.000ns period=10.000ns})
  Destination:            interrupt_reg/D
                            (rising edge-triggered cell FDRE clocked by clk_pin  {rise@0.000ns fall@5.000ns period=10.000ns})
  Path Group:             clk_pin
  Path Type:              Setup (Max at Slow Process Corner)
  Requirement:            10.000ns  (clk_pin rise@10.000ns - virtual_clock rise@0.000ns)
  Data Path Delay:        6.281ns  (logic 1.454ns (23.147%)  route 4.827ns (76.853%))
  Logic Levels:           1  (IBUF=1)
  Input Delay:            1.500ns
  Clock Path Skew:        4.859ns (DCD - SCD + CPR)
    Destination Clock Delay (DCD):    4.859ns = ( 14.859 - 10.000 ) 
    Source Clock Delay      (SCD):    0.000ns
    Clock Pessimism Removal (CPR):    0.000ns
  Clock Uncertainty:      0.025ns  ((TSJ^2 + TIJ^2)^1/2 + DJ) / 2 + PE
    Total System Jitter     (TSJ):    0.050ns
    Total Input Jitter      (TIJ):    0.000ns
    Discrete Jitter          (DJ):    0.000ns
    Phase Error              (PE):    0.000ns
  Clock Domain Crossing:  Inter clock paths are considered valid unless explicitly excluded by timing constraints such as set_clock_groups or set_false_path.

    Location             Delay type                Incr(ns)  Path(ns)    Netlist Resource(s)
  -------------------------------------------------------------------    -------------------
                         (clock virtual_clock rise edge)
                                                      0.000     0.000 r  
                         ideal clock network latency
                                                      0.000     0.000    
                         input delay                  1.500     1.500    
    T18                                               0.000     1.500 r  kcpsm6_interrupt (IN)
                         net (fo=0)                   0.000     1.500    kcpsm6_interrupt
    T18                  IBUF (Prop_ibuf_I_O)         1.454     2.954 r  kcpsm6_interrupt_IBUF_inst/O
                         net (fo=2, routed)           4.827     7.781    kcpsm6_interrupt_IBUF
    SLICE_X2Y8           FDRE                                         r  interrupt_reg/D
  -------------------------------------------------------------------    -------------------

                         (clock clk_pin rise edge)   10.000    10.000 r  
    W5                                                0.000    10.000 r  clk (IN)
                         net (fo=0)                   0.000    10.000    clk
    W5                   IBUF (Prop_ibuf_I_O)         1.388    11.388 r  clk_IBUF_inst/O
                         net (fo=1, routed)           1.862    13.250    clk_IBUF
    BUFGCTRL_X0Y0        BUFG (Prop_bufg_I_O)         0.091    13.341 r  clk_IBUF_BUFG_inst/O
                         net (fo=165, routed)         1.518    14.859    clk_IBUF_BUFG
    SLICE_X2Y8           FDRE                                         r  interrupt_reg/C
                         clock pessimism              0.000    14.859    
                         clock uncertainty           -0.025    14.834    
    SLICE_X2Y8           FDRE (Setup_fdre_C_D)       -0.058    14.776    interrupt_reg
  -------------------------------------------------------------------
                         required time                         14.776    
                         arrival time                          -7.781    
  -------------------------------------------------------------------
                         slack                                  6.996    

Slack (MET) :             7.022ns  (required time - arrival time)
  Source:                 kcpsm6_interrupt
                            (input port clocked by virtual_clock  {rise@0.000ns fall@5.000ns period=10.000ns})
  Destination:            interrupt_reg/CE
                            (rising edge-triggered cell FDRE clocked by clk_pin  {rise@0.000ns fall@5.000ns period=10.000ns})
  Path Group:             clk_pin
  Path Type:              Setup (Max at Slow Process Corner)
  Requirement:            10.000ns  (clk_pin rise@10.000ns - virtual_clock rise@0.000ns)
  Data Path Delay:        6.144ns  (logic 1.454ns (23.662%)  route 4.690ns (76.338%))
  Logic Levels:           1  (IBUF=1)
  Input Delay:            1.500ns
  Clock Path Skew:        4.859ns (DCD - SCD + CPR)
    Destination Clock Delay (DCD):    4.859ns = ( 14.859 - 10.000 ) 
    Source Clock Delay      (SCD):    0.000ns
    Clock Pessimism Removal (CPR):    0.000ns
  Clock Uncertainty:      0.025ns  ((TSJ^2 + TIJ^2)^1/2 + DJ) / 2 + PE
    Total System Jitter     (TSJ):    0.050ns
    Total Input Jitter      (TIJ):    0.000ns
    Discrete Jitter          (DJ):    0.000ns
    Phase Error              (PE):    0.000ns
  Clock Domain Crossing:  Inter clock paths are considered valid unless explicitly excluded by timing constraints such as set_clock_groups or set_false_path.

    Location             Delay type                Incr(ns)  Path(ns)    Netlist Resource(s)
  -------------------------------------------------------------------    -------------------
                         (clock virtual_clock rise edge)
                                                      0.000     0.000 r  
                         ideal clock network latency
                                                      0.000     0.000    
                         input delay                  1.500     1.500    
    T18                                               0.000     1.500 r  kcpsm6_interrupt (IN)
                         net (fo=0)                   0.000     1.500    kcpsm6_interrupt
    T18                  IBUF (Prop_ibuf_I_O)         1.454     2.954 r  kcpsm6_interrupt_IBUF_inst/O
                         net (fo=2, routed)           4.690     7.644    kcpsm6_interrupt_IBUF
    SLICE_X2Y8           FDRE                                         r  interrupt_reg/CE
  -------------------------------------------------------------------    -------------------

                         (clock clk_pin rise edge)   10.000    10.000 r  
    W5                                                0.000    10.000 r  clk (IN)
                         net (fo=0)                   0.000    10.000    clk
    W5                   IBUF (Prop_ibuf_I_O)         1.388    11.388 r  clk_IBUF_inst/O
                         net (fo=1, routed)           1.862    13.250    clk_IBUF
    BUFGCTRL_X0Y0        BUFG (Prop_bufg_I_O)         0.091    13.341 r  clk_IBUF_BUFG_inst/O
                         net (fo=165, routed)         1.518    14.859    clk_IBUF_BUFG
    SLICE_X2Y8           FDRE                                         r  interrupt_reg/C
                         clock pessimism              0.000    14.859    
                         clock uncertainty           -0.025    14.834    
    SLICE_X2Y8           FDRE (Setup_fdre_C_CE)      -0.169    14.665    interrupt_reg
  -------------------------------------------------------------------
                         required time                         14.665    
                         arrival time                          -7.644    
  -------------------------------------------------------------------
                         slack                                  7.022    

Slack (MET) :             7.057ns  (required time - arrival time)
  Source:                 sw[3]
                            (input port clocked by virtual_clock  {rise@0.000ns fall@5.000ns period=10.000ns})
  Destination:            in_port_reg[3]/D
                            (rising edge-triggered cell FDRE clocked by clk_pin  {rise@0.000ns fall@5.000ns period=10.000ns})
  Path Group:             clk_pin
  Path Type:              Setup (Max at Fast Process Corner)
  Requirement:            10.000ns  (clk_pin rise@10.000ns - virtual_clock rise@0.000ns)
  Data Path Delay:        2.908ns  (logic 0.471ns (16.181%)  route 2.438ns (83.819%))
  Logic Levels:           2  (IBUF=1 LUT4=1)
  Input Delay:            1.500ns
  Clock Path Skew:        1.476ns (DCD - SCD + CPR)
    Destination Clock Delay (DCD):    1.476ns = ( 11.476 - 10.000 ) 
    Source Clock Delay      (SCD):    0.000ns
    Clock Pessimism Removal (CPR):    0.000ns
  Clock Uncertainty:      0.025ns  ((TSJ^2 + TIJ^2)^1/2 + DJ) / 2 + PE
    Total System Jitter     (TSJ):    0.050ns
    Total Input Jitter      (TIJ):    0.000ns
    Discrete Jitter          (DJ):    0.000ns
    Phase Error              (PE):    0.000ns
  Clock Domain Crossing:  Inter clock paths are considered valid unless explicitly excluded by timing constraints such as set_clock_groups or set_false_path.

    Location             Delay type                Incr(ns)  Path(ns)    Netlist Resource(s)
  -------------------------------------------------------------------    -------------------
                         (clock virtual_clock rise edge)
                                                      0.000     0.000 r  
                         ideal clock network latency
                                                      0.000     0.000    
                         input delay                  1.500     1.500    
    W13                                               0.000     1.500 r  sw[3] (IN)
                         net (fo=0)                   0.000     1.500    sw[3]
    W13                  IBUF (Prop_ibuf_I_O)         0.415     1.915 r  sw_IBUF[3]_inst/O
                         net (fo=1, routed)           2.438     4.352    processor/sw_IBUF[3]
    SLICE_X7Y6           LUT4 (Prop_lut4_I0_O)        0.056     4.408 r  processor/in_port[3]_i_1/O
                         net (fo=1, routed)           0.000     4.408    processor_n_27
    SLICE_X7Y6           FDRE                                         r  in_port_reg[3]/D
  -------------------------------------------------------------------    -------------------

                         (clock clk_pin rise edge)   10.000    10.000 r  
    W5                                                0.000    10.000 r  clk (IN)
                         net (fo=0)                   0.000    10.000    clk
    W5                   IBUF (Prop_ibuf_I_O)         0.226    10.226 r  clk_IBUF_inst/O
                         net (fo=1, routed)           0.631    10.858    clk_IBUF
    BUFGCTRL_X0Y0        BUFG (Prop_bufg_I_O)         0.026    10.884 r  clk_IBUF_BUFG_inst/O
                         net (fo=165, routed)         0.593    11.476    clk_IBUF_BUFG
    SLICE_X7Y6           FDRE                                         r  in_port_reg[3]/C
                         clock pessimism              0.000    11.476    
                         clock uncertainty           -0.025    11.451    
    SLICE_X7Y6           FDRE (Setup_fdre_C_D)        0.014    11.465    in_port_reg[3]
  -------------------------------------------------------------------
                         required time                         11.465    
                         arrival time                          -4.408    
  -------------------------------------------------------------------
                         slack                                  7.057    

Slack (MET) :             7.124ns  (required time - arrival time)
  Source:                 sw[13]
                            (input port clocked by virtual_clock  {rise@0.000ns fall@5.000ns period=10.000ns})
  Destination:            in_port_reg[5]/D
                            (rising edge-triggered cell FDRE clocked by clk_pin  {rise@0.000ns fall@5.000ns period=10.000ns})
  Path Group:             clk_pin
  Path Type:              Setup (Max at Slow Process Corner)
  Requirement:            10.000ns  (clk_pin rise@10.000ns - virtual_clock rise@0.000ns)
  Data Path Delay:        6.290ns  (logic 1.576ns (25.059%)  route 4.714ns (74.941%))
  Logic Levels:           2  (IBUF=1 LUT4=1)
  Input Delay:            1.500ns
  Clock Path Skew:        4.857ns (DCD - SCD + CPR)
    Destination Clock Delay (DCD):    4.857ns = ( 14.857 - 10.000 ) 
    Source Clock Delay      (SCD):    0.000ns
    Clock Pessimism Removal (CPR):    0.000ns
  Clock Uncertainty:      0.025ns  ((TSJ^2 + TIJ^2)^1/2 + DJ) / 2 + PE
    Total System Jitter     (TSJ):    0.050ns
    Total Input Jitter      (TIJ):    0.000ns
    Discrete Jitter          (DJ):    0.000ns
    Phase Error              (PE):    0.000ns
  Clock Domain Crossing:  Inter clock paths are considered valid unless explicitly excluded by timing constraints such as set_clock_groups or set_false_path.

    Location             Delay type                Incr(ns)  Path(ns)    Netlist Resource(s)
  -------------------------------------------------------------------    -------------------
                         (clock virtual_clock rise edge)
                                                      0.000     0.000 r  
                         ideal clock network latency
                                                      0.000     0.000    
                         input delay                  1.500     1.500    
    T3                                                0.000     1.500 r  sw[13] (IN)
                         net (fo=0)                   0.000     1.500    sw[13]
    T3                   IBUF (Prop_ibuf_I_O)         1.452     2.952 r  sw_IBUF[13]_inst/O
                         net (fo=1, routed)           4.714     7.666    processor/sw_IBUF[13]
    SLICE_X6Y8           LUT4 (Prop_lut4_I3_O)        0.124     7.790 r  processor/in_port[5]_i_1/O
                         net (fo=1, routed)           0.000     7.790    processor_n_25
    SLICE_X6Y8           FDRE                                         r  in_port_reg[5]/D
  -------------------------------------------------------------------    -------------------

                         (clock clk_pin rise edge)   10.000    10.000 r  
    W5                                                0.000    10.000 r  clk (IN)
                         net (fo=0)                   0.000    10.000    clk
    W5                   IBUF (Prop_ibuf_I_O)         1.388    11.388 r  clk_IBUF_inst/O
                         net (fo=1, routed)           1.862    13.250    clk_IBUF
    BUFGCTRL_X0Y0        BUFG (Prop_bufg_I_O)         0.091    13.341 r  clk_IBUF_BUFG_inst/O
                         net (fo=165, routed)         1.516    14.857    clk_IBUF_BUFG
    SLICE_X6Y8           FDRE                                         r  in_port_reg[5]/C
                         clock pessimism              0.000    14.857    
                         clock uncertainty           -0.025    14.832    
    SLICE_X6Y8           FDRE (Setup_fdre_C_D)        0.081    14.913    in_port_reg[5]
  -------------------------------------------------------------------
                         required time                         14.913    
                         arrival time                          -7.790    
  -------------------------------------------------------------------
                         slack                                  7.124    

Slack (MET) :             7.213ns  (required time - arrival time)
  Source:                 sw[15]
                            (input port clocked by virtual_clock  {rise@0.000ns fall@5.000ns period=10.000ns})
  Destination:            in_port_reg[7]/D
                            (rising edge-triggered cell FDRE clocked by clk_pin  {rise@0.000ns fall@5.000ns period=10.000ns})
  Path Group:             clk_pin
  Path Type:              Setup (Max at Slow Process Corner)
  Requirement:            10.000ns  (clk_pin rise@10.000ns - virtual_clock rise@0.000ns)
  Data Path Delay:        6.149ns  (logic 1.588ns (25.823%)  route 4.561ns (74.177%))
  Logic Levels:           2  (IBUF=1 LUT4=1)
  Input Delay:            1.500ns
  Clock Path Skew:        4.857ns (DCD - SCD + CPR)
    Destination Clock Delay (DCD):    4.857ns = ( 14.857 - 10.000 ) 
    Source Clock Delay      (SCD):    0.000ns
    Clock Pessimism Removal (CPR):    0.000ns
  Clock Uncertainty:      0.025ns  ((TSJ^2 + TIJ^2)^1/2 + DJ) / 2 + PE
    Total System Jitter     (TSJ):    0.050ns
    Total Input Jitter      (TIJ):    0.000ns
    Discrete Jitter          (DJ):    0.000ns
    Phase Error              (PE):    0.000ns
  Clock Domain Crossing:  Inter clock paths are considered valid unless explicitly excluded by timing constraints such as set_clock_groups or set_false_path.

    Location             Delay type                Incr(ns)  Path(ns)    Netlist Resource(s)
  -------------------------------------------------------------------    -------------------
                         (clock virtual_clock rise edge)
                                                      0.000     0.000 r  
                         ideal clock network latency
                                                      0.000     0.000    
                         input delay                  1.500     1.500    
    R3                                                0.000     1.500 r  sw[15] (IN)
                         net (fo=0)                   0.000     1.500    sw[15]
    R3                   IBUF (Prop_ibuf_I_O)         1.464     2.964 r  sw_IBUF[15]_inst/O
                         net (fo=1, routed)           4.561     7.525    processor/sw_IBUF[15]
    SLICE_X5Y8           LUT4 (Prop_lut4_I3_O)        0.124     7.649 r  processor/in_port[7]_i_2/O
                         net (fo=1, routed)           0.000     7.649    processor_n_23
    SLICE_X5Y8           FDRE                                         r  in_port_reg[7]/D
  -------------------------------------------------------------------    -------------------

                         (clock clk_pin rise edge)   10.000    10.000 r  
    W5                                                0.000    10.000 r  clk (IN)
                         net (fo=0)                   0.000    10.000    clk
    W5                   IBUF (Prop_ibuf_I_O)         1.388    11.388 r  clk_IBUF_inst/O
                         net (fo=1, routed)           1.862    13.250    clk_IBUF
    BUFGCTRL_X0Y0        BUFG (Prop_bufg_I_O)         0.091    13.341 r  clk_IBUF_BUFG_inst/O
                         net (fo=165, routed)         1.516    14.857    clk_IBUF_BUFG
    SLICE_X5Y8           FDRE                                         r  in_port_reg[7]/C
                         clock pessimism              0.000    14.857    
                         clock uncertainty           -0.025    14.832    
    SLICE_X5Y8           FDRE (Setup_fdre_C_D)        0.029    14.861    in_port_reg[7]
  -------------------------------------------------------------------
                         required time                         14.861    
                         arrival time                          -7.649    
  -------------------------------------------------------------------
                         slack                                  7.213    

Slack (MET) :             7.357ns  (required time - arrival time)
  Source:                 sw[14]
                            (input port clocked by virtual_clock  {rise@0.000ns fall@5.000ns period=10.000ns})
  Destination:            in_port_reg[6]/D
                            (rising edge-triggered cell FDRE clocked by clk_pin  {rise@0.000ns fall@5.000ns period=10.000ns})
  Path Group:             clk_pin
  Path Type:              Setup (Max at Slow Process Corner)
  Requirement:            10.000ns  (clk_pin rise@10.000ns - virtual_clock rise@0.000ns)
  Data Path Delay:        6.054ns  (logic 1.582ns (26.130%)  route 4.472ns (73.870%))
  Logic Levels:           2  (IBUF=1 LUT4=1)
  Input Delay:            1.500ns
  Clock Path Skew:        4.857ns (DCD - SCD + CPR)
    Destination Clock Delay (DCD):    4.857ns = ( 14.857 - 10.000 ) 
    Source Clock Delay      (SCD):    0.000ns
    Clock Pessimism Removal (CPR):    0.000ns
  Clock Uncertainty:      0.025ns  ((TSJ^2 + TIJ^2)^1/2 + DJ) / 2 + PE
    Total System Jitter     (TSJ):    0.050ns
    Total Input Jitter      (TIJ):    0.000ns
    Discrete Jitter          (DJ):    0.000ns
    Phase Error              (PE):    0.000ns
  Clock Domain Crossing:  Inter clock paths are considered valid unless explicitly excluded by timing constraints such as set_clock_groups or set_false_path.

    Location             Delay type                Incr(ns)  Path(ns)    Netlist Resource(s)
  -------------------------------------------------------------------    -------------------
                         (clock virtual_clock rise edge)
                                                      0.000     0.000 r  
                         ideal clock network latency
                                                      0.000     0.000    
                         input delay                  1.500     1.500    
    T2                                                0.000     1.500 r  sw[14] (IN)
                         net (fo=0)                   0.000     1.500    sw[14]
    T2                   IBUF (Prop_ibuf_I_O)         1.458     2.958 r  sw_IBUF[14]_inst/O
                         net (fo=1, routed)           4.472     7.430    processor/sw_IBUF[14]
    SLICE_X6Y8           LUT4 (Prop_lut4_I3_O)        0.124     7.554 r  processor/in_port[6]_i_1/O
                         net (fo=1, routed)           0.000     7.554    processor_n_24
    SLICE_X6Y8           FDRE                                         r  in_port_reg[6]/D
  -------------------------------------------------------------------    -------------------

                         (clock clk_pin rise edge)   10.000    10.000 r  
    W5                                                0.000    10.000 r  clk (IN)
                         net (fo=0)                   0.000    10.000    clk
    W5                   IBUF (Prop_ibuf_I_O)         1.388    11.388 r  clk_IBUF_inst/O
                         net (fo=1, routed)           1.862    13.250    clk_IBUF
    BUFGCTRL_X0Y0        BUFG (Prop_bufg_I_O)         0.091    13.341 r  clk_IBUF_BUFG_inst/O
                         net (fo=165, routed)         1.516    14.857    clk_IBUF_BUFG
    SLICE_X6Y8           FDRE                                         r  in_port_reg[6]/C
                         clock pessimism              0.000    14.857    
                         clock uncertainty           -0.025    14.832    
    SLICE_X6Y8           FDRE (Setup_fdre_C_D)        0.079    14.911    in_port_reg[6]
  -------------------------------------------------------------------
                         required time                         14.911    
                         arrival time                          -7.554    
  -------------------------------------------------------------------
                         slack                                  7.357    

Slack (MET) :             7.380ns  (required time - arrival time)
  Source:                 sw[4]
                            (input port clocked by virtual_clock  {rise@0.000ns fall@5.000ns period=10.000ns})
  Destination:            in_port_reg[4]/D
                            (rising edge-triggered cell FDRE clocked by clk_pin  {rise@0.000ns fall@5.000ns period=10.000ns})
  Path Group:             clk_pin
  Path Type:              Setup (Max at Slow Process Corner)
  Requirement:            10.000ns  (clk_pin rise@10.000ns - virtual_clock rise@0.000ns)
  Data Path Delay:        6.029ns  (logic 1.577ns (26.153%)  route 4.452ns (73.847%))
  Logic Levels:           2  (IBUF=1 LUT4=1)
  Input Delay:            1.500ns
  Clock Path Skew:        4.857ns (DCD - SCD + CPR)
    Destination Clock Delay (DCD):    4.857ns = ( 14.857 - 10.000 ) 
    Source Clock Delay      (SCD):    0.000ns
    Clock Pessimism Removal (CPR):    0.000ns
  Clock Uncertainty:      0.025ns  ((TSJ^2 + TIJ^2)^1/2 + DJ) / 2 + PE
    Total System Jitter     (TSJ):    0.050ns
    Total Input Jitter      (TIJ):    0.000ns
    Discrete Jitter          (DJ):    0.000ns
    Phase Error              (PE):    0.000ns
  Clock Domain Crossing:  Inter clock paths are considered valid unless explicitly excluded by timing constraints such as set_clock_groups or set_false_path.

    Location             Delay type                Incr(ns)  Path(ns)    Netlist Resource(s)
  -------------------------------------------------------------------    -------------------
                         (clock virtual_clock rise edge)
                                                      0.000     0.000 r  
                         ideal clock network latency
                                                      0.000     0.000    
                         input delay                  1.500     1.500    
    V17                                               0.000     1.500 r  sw[4] (IN)
                         net (fo=0)                   0.000     1.500    sw[4]
    V17                  IBUF (Prop_ibuf_I_O)         1.453     2.953 r  sw_IBUF[4]_inst/O
                         net (fo=1, routed)           4.452     7.405    processor/sw_IBUF[4]
    SLICE_X6Y8           LUT4 (Prop_lut4_I0_O)        0.124     7.529 r  processor/in_port[4]_i_1/O
                         net (fo=1, routed)           0.000     7.529    processor_n_26
    SLICE_X6Y8           FDRE                                         r  in_port_reg[4]/D
  -------------------------------------------------------------------    -------------------

                         (clock clk_pin rise edge)   10.000    10.000 r  
    W5                                                0.000    10.000 r  clk (IN)
                         net (fo=0)                   0.000    10.000    clk
    W5                   IBUF (Prop_ibuf_I_O)         1.388    11.388 r  clk_IBUF_inst/O
                         net (fo=1, routed)           1.862    13.250    clk_IBUF
    BUFGCTRL_X0Y0        BUFG (Prop_bufg_I_O)         0.091    13.341 r  clk_IBUF_BUFG_inst/O
                         net (fo=165, routed)         1.516    14.857    clk_IBUF_BUFG
    SLICE_X6Y8           FDRE                                         r  in_port_reg[4]/C
                         clock pessimism              0.000    14.857    
                         clock uncertainty           -0.025    14.832    
    SLICE_X6Y8           FDRE (Setup_fdre_C_D)        0.077    14.909    in_port_reg[4]
  -------------------------------------------------------------------
                         required time                         14.909    
                         arrival time                          -7.529    
  -------------------------------------------------------------------
                         slack                                  7.380    





Min Delay Paths
--------------------------------------------------------------------------------------
Slack (MET) :             0.051ns  (arrival time - required time)
  Source:                 sw[6]
                            (input port clocked by virtual_clock  {rise@0.000ns fall@5.000ns period=10.000ns})
  Destination:            in_port_reg[6]/D
                            (rising edge-triggered cell FDRE clocked by clk_pin  {rise@0.000ns fall@5.000ns period=10.000ns})
  Path Group:             clk_pin
  Path Type:              Hold (Min at Slow Process Corner)
  Requirement:            0.000ns  (clk_pin rise@0.000ns - virtual_clock rise@0.000ns)
  Data Path Delay:        5.062ns  (logic 1.493ns (29.503%)  route 3.568ns (70.497%))
  Logic Levels:           2  (IBUF=1 LUT4=1)
  Input Delay:            0.500ns
  Clock Path Skew:        5.155ns (DCD - SCD - CPR)
    Destination Clock Delay (DCD):    5.155ns
    Source Clock Delay      (SCD):    0.000ns
    Clock Pessimism Removal (CPR):    -0.000ns
  Clock Uncertainty:      0.025ns  ((TSJ^2 + TIJ^2)^1/2 + DJ) / 2 + PE
    Total System Jitter     (TSJ):    0.050ns
    Total Input Jitter      (TIJ):    0.000ns
    Discrete Jitter          (DJ):    0.000ns
    Phase Error              (PE):    0.000ns
  Clock Domain Crossing:  Inter clock paths are considered valid unless explicitly excluded by timing constraints such as set_clock_groups or set_false_path.

    Location             Delay type                Incr(ns)  Path(ns)    Netlist Resource(s)
  -------------------------------------------------------------------    -------------------
                         (clock virtual_clock rise edge)
                                                      0.000     0.000 r  
                         ideal clock network latency
                                                      0.000     0.000    
                         input delay                  0.500     0.500    
    W16                                               0.000     0.500 r  sw[6] (IN)
                         net (fo=0)                   0.000     0.500    sw[6]
    W16                  IBUF (Prop_ibuf_I_O)         1.393     1.893 r  sw_IBUF[6]_inst/O
                         net (fo=1, routed)           3.568     5.462    processor/sw_IBUF[6]
    SLICE_X6Y8           LUT4 (Prop_lut4_I0_O)        0.100     5.562 r  processor/in_port[6]_i_1/O
                         net (fo=1, routed)           0.000     5.562    processor_n_24
    SLICE_X6Y8           FDRE                                         r  in_port_reg[6]/D
  -------------------------------------------------------------------    -------------------

                         (clock clk_pin rise edge)    0.000     0.000 r  
    W5                                                0.000     0.000 r  clk (IN)
                         net (fo=0)                   0.000     0.000    clk
    W5                   IBUF (Prop_ibuf_I_O)         1.458     1.458 r  clk_IBUF_inst/O
                         net (fo=1, routed)           1.967     3.425    clk_IBUF
    BUFGCTRL_X0Y0        BUFG (Prop_bufg_I_O)         0.096     3.521 r  clk_IBUF_BUFG_inst/O
                         net (fo=165, routed)         1.634     5.155    clk_IBUF_BUFG
    SLICE_X6Y8           FDRE                                         r  in_port_reg[6]/C
                         clock pessimism              0.000     5.155    
                         clock uncertainty            0.025     5.180    
    SLICE_X6Y8           FDRE (Hold_fdre_C_D)         0.331     5.511    in_port_reg[6]
  -------------------------------------------------------------------
                         required time                         -5.511    
                         arrival time                           5.562    
  -------------------------------------------------------------------
                         slack                                  0.051    

Slack (MET) :             0.083ns  (arrival time - required time)
  Source:                 sw[7]
                            (input port clocked by virtual_clock  {rise@0.000ns fall@5.000ns period=10.000ns})
  Destination:            in_port_reg[7]/D
                            (rising edge-triggered cell FDRE clocked by clk_pin  {rise@0.000ns fall@5.000ns period=10.000ns})
  Path Group:             clk_pin
  Path Type:              Hold (Min at Slow Process Corner)
  Requirement:            0.000ns  (clk_pin rise@0.000ns - virtual_clock rise@0.000ns)
  Data Path Delay:        5.032ns  (logic 1.478ns (29.378%)  route 3.554ns (70.622%))
  Logic Levels:           2  (IBUF=1 LUT4=1)
  Input Delay:            0.500ns
  Clock Path Skew:        5.155ns (DCD - SCD - CPR)
    Destination Clock Delay (DCD):    5.155ns
    Source Clock Delay      (SCD):    0.000ns
    Clock Pessimism Removal (CPR):    -0.000ns
  Clock Uncertainty:      0.025ns  ((TSJ^2 + TIJ^2)^1/2 + DJ) / 2 + PE
    Total System Jitter     (TSJ):    0.050ns
    Total Input Jitter      (TIJ):    0.000ns
    Discrete Jitter          (DJ):    0.000ns
    Phase Error              (PE):    0.000ns
  Clock Domain Crossing:  Inter clock paths are considered valid unless explicitly excluded by timing constraints such as set_clock_groups or set_false_path.

    Location             Delay type                Incr(ns)  Path(ns)    Netlist Resource(s)
  -------------------------------------------------------------------    -------------------
                         (clock virtual_clock rise edge)
                                                      0.000     0.000 r  
                         ideal clock network latency
                                                      0.000     0.000    
                         input delay                  0.500     0.500    
    W17                                               0.000     0.500 r  sw[7] (IN)
                         net (fo=0)                   0.000     0.500    sw[7]
    W17                  IBUF (Prop_ibuf_I_O)         1.378     1.878 r  sw_IBUF[7]_inst/O
                         net (fo=1, routed)           3.554     5.432    processor/sw_IBUF[7]
    SLICE_X5Y8           LUT4 (Prop_lut4_I0_O)        0.100     5.532 r  processor/in_port[7]_i_2/O
                         net (fo=1, routed)           0.000     5.532    processor_n_23
    SLICE_X5Y8           FDRE                                         r  in_port_reg[7]/D
  -------------------------------------------------------------------    -------------------

                         (clock clk_pin rise edge)    0.000     0.000 r  
    W5                                                0.000     0.000 r  clk (IN)
                         net (fo=0)                   0.000     0.000    clk
    W5                   IBUF (Prop_ibuf_I_O)         1.458     1.458 r  clk_IBUF_inst/O
                         net (fo=1, routed)           1.967     3.425    clk_IBUF
    BUFGCTRL_X0Y0        BUFG (Prop_bufg_I_O)         0.096     3.521 r  clk_IBUF_BUFG_inst/O
                         net (fo=165, routed)         1.634     5.155    clk_IBUF_BUFG
    SLICE_X5Y8           FDRE                                         r  in_port_reg[7]/C
                         clock pessimism              0.000     5.155    
                         clock uncertainty            0.025     5.180    
    SLICE_X5Y8           FDRE (Hold_fdre_C_D)         0.269     5.449    in_port_reg[7]
  -------------------------------------------------------------------
                         required time                         -5.449    
                         arrival time                           5.532    
  -------------------------------------------------------------------
                         slack                                  0.083    

Slack (MET) :             0.196ns  (arrival time - required time)
  Source:                 sw[12]
                            (input port clocked by virtual_clock  {rise@0.000ns fall@5.000ns period=10.000ns})
  Destination:            in_port_reg[4]/D
                            (rising edge-triggered cell FDRE clocked by clk_pin  {rise@0.000ns fall@5.000ns period=10.000ns})
  Path Group:             clk_pin
  Path Type:              Hold (Min at Slow Process Corner)
  Requirement:            0.000ns  (clk_pin rise@0.000ns - virtual_clock rise@0.000ns)
  Data Path Delay:        5.207ns  (logic 1.484ns (28.506%)  route 3.722ns (71.494%))
  Logic Levels:           2  (IBUF=1 LUT4=1)
  Input Delay:            0.500ns
  Clock Path Skew:        5.155ns (DCD - SCD - CPR)
    Destination Clock Delay (DCD):    5.155ns
    Source Clock Delay      (SCD):    0.000ns
    Clock Pessimism Removal (CPR):    -0.000ns
  Clock Uncertainty:      0.025ns  ((TSJ^2 + TIJ^2)^1/2 + DJ) / 2 + PE
    Total System Jitter     (TSJ):    0.050ns
    Total Input Jitter      (TIJ):    0.000ns
    Discrete Jitter          (DJ):    0.000ns
    Phase Error              (PE):    0.000ns
  Clock Domain Crossing:  Inter clock paths are considered valid unless explicitly excluded by timing constraints such as set_clock_groups or set_false_path.

    Location             Delay type                Incr(ns)  Path(ns)    Netlist Resource(s)
  -------------------------------------------------------------------    -------------------
                         (clock virtual_clock rise edge)
                                                      0.000     0.000 r  
                         ideal clock network latency
                                                      0.000     0.000    
                         input delay                  0.500     0.500    
    V2                                                0.000     0.500 r  sw[12] (IN)
                         net (fo=0)                   0.000     0.500    sw[12]
    V2                   IBUF (Prop_ibuf_I_O)         1.384     1.884 r  sw_IBUF[12]_inst/O
                         net (fo=1, routed)           3.722     5.607    processor/sw_IBUF[12]
    SLICE_X6Y8           LUT4 (Prop_lut4_I3_O)        0.100     5.707 r  processor/in_port[4]_i_1/O
                         net (fo=1, routed)           0.000     5.707    processor_n_26
    SLICE_X6Y8           FDRE                                         r  in_port_reg[4]/D
  -------------------------------------------------------------------    -------------------

                         (clock clk_pin rise edge)    0.000     0.000 r  
    W5                                                0.000     0.000 r  clk (IN)
                         net (fo=0)                   0.000     0.000    clk
    W5                   IBUF (Prop_ibuf_I_O)         1.458     1.458 r  clk_IBUF_inst/O
                         net (fo=1, routed)           1.967     3.425    clk_IBUF
    BUFGCTRL_X0Y0        BUFG (Prop_bufg_I_O)         0.096     3.521 r  clk_IBUF_BUFG_inst/O
                         net (fo=165, routed)         1.634     5.155    clk_IBUF_BUFG
    SLICE_X6Y8           FDRE                                         r  in_port_reg[4]/C
                         clock pessimism              0.000     5.155    
                         clock uncertainty            0.025     5.180    
    SLICE_X6Y8           FDRE (Hold_fdre_C_D)         0.330     5.510    in_port_reg[4]
  -------------------------------------------------------------------
                         required time                         -5.510    
                         arrival time                           5.707    
  -------------------------------------------------------------------
                         slack                                  0.196    

Slack (MET) :             0.206ns  (arrival time - required time)
  Source:                 sw[1]
                            (input port clocked by virtual_clock  {rise@0.000ns fall@5.000ns period=10.000ns})
  Destination:            in_port_reg[1]/D
                            (rising edge-triggered cell FDRE clocked by clk_pin  {rise@0.000ns fall@5.000ns period=10.000ns})
  Path Group:             clk_pin
  Path Type:              Hold (Min at Slow Process Corner)
  Requirement:            0.000ns  (clk_pin rise@0.000ns - virtual_clock rise@0.000ns)
  Data Path Delay:        4.934ns  (logic 1.522ns (30.840%)  route 3.412ns (69.160%))
  Logic Levels:           2  (IBUF=1 LUT4=1)
  Input Delay:            0.500ns
  Clock Path Skew:        5.155ns (DCD - SCD - CPR)
    Destination Clock Delay (DCD):    5.155ns
    Source Clock Delay      (SCD):    0.000ns
    Clock Pessimism Removal (CPR):    -0.000ns
  Clock Uncertainty:      0.025ns  ((TSJ^2 + TIJ^2)^1/2 + DJ) / 2 + PE
    Total System Jitter     (TSJ):    0.050ns
    Total Input Jitter      (TIJ):    0.000ns
    Discrete Jitter          (DJ):    0.000ns
    Phase Error              (PE):    0.000ns
  Clock Domain Crossing:  Inter clock paths are considered valid unless explicitly excluded by timing constraints such as set_clock_groups or set_false_path.

    Location             Delay type                Incr(ns)  Path(ns)    Netlist Resource(s)
  -------------------------------------------------------------------    -------------------
                         (clock virtual_clock rise edge)
                                                      0.000     0.000 r  
                         ideal clock network latency
                                                      0.000     0.000    
                         input delay                  0.500     0.500    
    V15                                               0.000     0.500 r  sw[1] (IN)
                         net (fo=0)                   0.000     0.500    sw[1]
    V15                  IBUF (Prop_ibuf_I_O)         1.396     1.896 r  sw_IBUF[1]_inst/O
                         net (fo=1, routed)           2.598     4.494    processor/sw_IBUF[1]
    SLICE_X6Y8           LUT4 (Prop_lut4_I0_O)        0.126     4.620 r  processor/in_port[1]_i_1/O
                         net (fo=1, routed)           0.814     5.434    processor_n_29
    SLICE_X6Y8           FDRE                                         r  in_port_reg[1]/D
  -------------------------------------------------------------------    -------------------

                         (clock clk_pin rise edge)    0.000     0.000 r  
    W5                                                0.000     0.000 r  clk (IN)
                         net (fo=0)                   0.000     0.000    clk
    W5                   IBUF (Prop_ibuf_I_O)         1.458     1.458 r  clk_IBUF_inst/O
                         net (fo=1, routed)           1.967     3.425    clk_IBUF
    BUFGCTRL_X0Y0        BUFG (Prop_bufg_I_O)         0.096     3.521 r  clk_IBUF_BUFG_inst/O
                         net (fo=165, routed)         1.634     5.155    clk_IBUF_BUFG
    SLICE_X6Y8           FDRE                                         r  in_port_reg[1]/C
                         clock pessimism              0.000     5.155    
                         clock uncertainty            0.025     5.180    
    SLICE_X6Y8           FDRE (Hold_fdre_C_D)         0.048     5.228    in_port_reg[1]
  -------------------------------------------------------------------
                         required time                         -5.228    
                         arrival time                           5.434    
  -------------------------------------------------------------------
                         slack                                  0.206    

Slack (MET) :             0.232ns  (arrival time - required time)
  Source:                 sw[0]
                            (input port clocked by virtual_clock  {rise@0.000ns fall@5.000ns period=10.000ns})
  Destination:            in_port_reg[0]/D
                            (rising edge-triggered cell FDRE clocked by clk_pin  {rise@0.000ns fall@5.000ns period=10.000ns})
  Path Group:             clk_pin
  Path Type:              Hold (Min at Slow Process Corner)
  Requirement:            0.000ns  (clk_pin rise@0.000ns - virtual_clock rise@0.000ns)
  Data Path Delay:        4.937ns  (logic 1.500ns (30.394%)  route 3.436ns (69.606%))
  Logic Levels:           2  (IBUF=1 LUT4=1)
  Input Delay:            0.500ns
  Clock Path Skew:        5.156ns (DCD - SCD - CPR)
    Destination Clock Delay (DCD):    5.156ns
    Source Clock Delay      (SCD):    0.000ns
    Clock Pessimism Removal (CPR):    -0.000ns
  Clock Uncertainty:      0.025ns  ((TSJ^2 + TIJ^2)^1/2 + DJ) / 2 + PE
    Total System Jitter     (TSJ):    0.050ns
    Total Input Jitter      (TIJ):    0.000ns
    Discrete Jitter          (DJ):    0.000ns
    Phase Error              (PE):    0.000ns
  Clock Domain Crossing:  Inter clock paths are considered valid unless explicitly excluded by timing constraints such as set_clock_groups or set_false_path.

    Location             Delay type                Incr(ns)  Path(ns)    Netlist Resource(s)
  -------------------------------------------------------------------    -------------------
                         (clock virtual_clock rise edge)
                                                      0.000     0.000 r  
                         ideal clock network latency
                                                      0.000     0.000    
                         input delay                  0.500     0.500    
    W15                                               0.000     0.500 r  sw[0] (IN)
                         net (fo=0)                   0.000     0.500    sw[0]
    W15                  IBUF (Prop_ibuf_I_O)         1.380     1.880 r  sw_IBUF[0]_inst/O
                         net (fo=1, routed)           2.514     4.395    processor/sw_IBUF[0]
    SLICE_X7Y6           LUT4 (Prop_lut4_I0_O)        0.120     4.515 r  processor/in_port[0]_i_1/O
                         net (fo=1, routed)           0.922     5.437    processor_n_30
    SLICE_X7Y6           FDRE                                         r  in_port_reg[0]/D
  -------------------------------------------------------------------    -------------------

                         (clock clk_pin rise edge)    0.000     0.000 r  
    W5                                                0.000     0.000 r  clk (IN)
                         net (fo=0)                   0.000     0.000    clk
    W5                   IBUF (Prop_ibuf_I_O)         1.458     1.458 r  clk_IBUF_inst/O
                         net (fo=1, routed)           1.967     3.425    clk_IBUF
    BUFGCTRL_X0Y0        BUFG (Prop_bufg_I_O)         0.096     3.521 r  clk_IBUF_BUFG_inst/O
                         net (fo=165, routed)         1.635     5.156    clk_IBUF_BUFG
    SLICE_X7Y6           FDRE                                         r  in_port_reg[0]/C
                         clock pessimism              0.000     5.156    
                         clock uncertainty            0.025     5.181    
    SLICE_X7Y6           FDRE (Hold_fdre_C_D)         0.024     5.205    in_port_reg[0]
  -------------------------------------------------------------------
                         required time                         -5.205    
                         arrival time                           5.437    
  -------------------------------------------------------------------
                         slack                                  0.232    

Slack (MET) :             0.238ns  (arrival time - required time)
  Source:                 sw[5]
                            (input port clocked by virtual_clock  {rise@0.000ns fall@5.000ns period=10.000ns})
  Destination:            in_port_reg[5]/D
                            (rising edge-triggered cell FDRE clocked by clk_pin  {rise@0.000ns fall@5.000ns period=10.000ns})
  Path Group:             clk_pin
  Path Type:              Hold (Min at Slow Process Corner)
  Requirement:            0.000ns  (clk_pin rise@0.000ns - virtual_clock rise@0.000ns)
  Data Path Delay:        5.252ns  (logic 1.491ns (28.391%)  route 3.761ns (71.609%))
  Logic Levels:           2  (IBUF=1 LUT4=1)
  Input Delay:            0.500ns
  Clock Path Skew:        5.155ns (DCD - SCD - CPR)
    Destination Clock Delay (DCD):    5.155ns
    Source Clock Delay      (SCD):    0.000ns
    Clock Pessimism Removal (CPR):    -0.000ns
  Clock Uncertainty:      0.025ns  ((TSJ^2 + TIJ^2)^1/2 + DJ) / 2 + PE
    Total System Jitter     (TSJ):    0.050ns
    Total Input Jitter      (TIJ):    0.000ns
    Discrete Jitter          (DJ):    0.000ns
    Phase Error              (PE):    0.000ns
  Clock Domain Crossing:  Inter clock paths are considered valid unless explicitly excluded by timing constraints such as set_clock_groups or set_false_path.

    Location             Delay type                Incr(ns)  Path(ns)    Netlist Resource(s)
  -------------------------------------------------------------------    -------------------
                         (clock virtual_clock rise edge)
                                                      0.000     0.000 r  
                         ideal clock network latency
                                                      0.000     0.000    
                         input delay                  0.500     0.500    
    V16                                               0.000     0.500 r  sw[5] (IN)
                         net (fo=0)                   0.000     0.500    sw[5]
    V16                  IBUF (Prop_ibuf_I_O)         1.391     1.891 r  sw_IBUF[5]_inst/O
                         net (fo=1, routed)           3.761     5.652    processor/sw_IBUF[5]
    SLICE_X6Y8           LUT4 (Prop_lut4_I0_O)        0.100     5.752 r  processor/in_port[5]_i_1/O
                         net (fo=1, routed)           0.000     5.752    processor_n_25
    SLICE_X6Y8           FDRE                                         r  in_port_reg[5]/D
  -------------------------------------------------------------------    -------------------

                         (clock clk_pin rise edge)    0.000     0.000 r  
    W5                                                0.000     0.000 r  clk (IN)
                         net (fo=0)                   0.000     0.000    clk
    W5                   IBUF (Prop_ibuf_I_O)         1.458     1.458 r  clk_IBUF_inst/O
                         net (fo=1, routed)           1.967     3.425    clk_IBUF
    BUFGCTRL_X0Y0        BUFG (Prop_bufg_I_O)         0.096     3.521 r  clk_IBUF_BUFG_inst/O
                         net (fo=165, routed)         1.634     5.155    clk_IBUF_BUFG
    SLICE_X6Y8           FDRE                                         r  in_port_reg[5]/C
                         clock pessimism              0.000     5.155    
                         clock uncertainty            0.025     5.180    
    SLICE_X6Y8           FDRE (Hold_fdre_C_D)         0.333     5.513    in_port_reg[5]
  -------------------------------------------------------------------
                         required time                         -5.513    
                         arrival time                           5.752    
  -------------------------------------------------------------------
                         slack                                  0.238    

Slack (MET) :             0.438ns  (arrival time - required time)
  Source:                 sw[11]
                            (input port clocked by virtual_clock  {rise@0.000ns fall@5.000ns period=10.000ns})
  Destination:            in_port_reg[3]/D
                            (rising edge-triggered cell FDRE clocked by clk_pin  {rise@0.000ns fall@5.000ns period=10.000ns})
  Path Group:             clk_pin
  Path Type:              Hold (Min at Slow Process Corner)
  Requirement:            0.000ns  (clk_pin rise@0.000ns - virtual_clock rise@0.000ns)
  Data Path Delay:        5.390ns  (logic 1.486ns (27.569%)  route 3.904ns (72.431%))
  Logic Levels:           2  (IBUF=1 LUT4=1)
  Input Delay:            0.500ns
  Clock Path Skew:        5.156ns (DCD - SCD - CPR)
    Destination Clock Delay (DCD):    5.156ns
    Source Clock Delay      (SCD):    0.000ns
    Clock Pessimism Removal (CPR):    -0.000ns
  Clock Uncertainty:      0.025ns  ((TSJ^2 + TIJ^2)^1/2 + DJ) / 2 + PE
    Total System Jitter     (TSJ):    0.050ns
    Total Input Jitter      (TIJ):    0.000ns
    Discrete Jitter          (DJ):    0.000ns
    Phase Error              (PE):    0.000ns
  Clock Domain Crossing:  Inter clock paths are considered valid unless explicitly excluded by timing constraints such as set_clock_groups or set_false_path.

    Location             Delay type                Incr(ns)  Path(ns)    Netlist Resource(s)
  -------------------------------------------------------------------    -------------------
                         (clock virtual_clock rise edge)
                                                      0.000     0.000 r  
                         ideal clock network latency
                                                      0.000     0.000    
                         input delay                  0.500     0.500    
    R2                                                0.000     0.500 r  sw[11] (IN)
                         net (fo=0)                   0.000     0.500    sw[11]
    R2                   IBUF (Prop_ibuf_I_O)         1.386     1.886 r  sw_IBUF[11]_inst/O
                         net (fo=1, routed)           3.904     5.790    processor/sw_IBUF[11]
    SLICE_X7Y6           LUT4 (Prop_lut4_I3_O)        0.100     5.890 r  processor/in_port[3]_i_1/O
                         net (fo=1, routed)           0.000     5.890    processor_n_27
    SLICE_X7Y6           FDRE                                         r  in_port_reg[3]/D
  -------------------------------------------------------------------    -------------------

                         (clock clk_pin rise edge)    0.000     0.000 r  
    W5                                                0.000     0.000 r  clk (IN)
                         net (fo=0)                   0.000     0.000    clk
    W5                   IBUF (Prop_ibuf_I_O)         1.458     1.458 r  clk_IBUF_inst/O
                         net (fo=1, routed)           1.967     3.425    clk_IBUF
    BUFGCTRL_X0Y0        BUFG (Prop_bufg_I_O)         0.096     3.521 r  clk_IBUF_BUFG_inst/O
                         net (fo=165, routed)         1.635     5.156    clk_IBUF_BUFG
    SLICE_X7Y6           FDRE                                         r  in_port_reg[3]/C
                         clock pessimism              0.000     5.156    
                         clock uncertainty            0.025     5.181    
    SLICE_X7Y6           FDRE (Hold_fdre_C_D)         0.270     5.451    in_port_reg[3]
  -------------------------------------------------------------------
                         required time                         -5.451    
                         arrival time                           5.890    
  -------------------------------------------------------------------
                         slack                                  0.438    

Slack (MET) :             0.658ns  (arrival time - required time)
  Source:                 kcpsm6_interrupt
                            (input port clocked by virtual_clock  {rise@0.000ns fall@5.000ns period=10.000ns})
  Destination:            interrupt_reg/D
                            (rising edge-triggered cell FDRE clocked by clk_pin  {rise@0.000ns fall@5.000ns period=10.000ns})
  Path Group:             clk_pin
  Path Type:              Hold (Min at Fast Process Corner)
  Requirement:            0.000ns  (clk_pin rise@0.000ns - virtual_clock rise@0.000ns)
  Data Path Delay:        2.263ns  (logic 0.222ns (9.806%)  route 2.041ns (90.194%))
  Logic Levels:           1  (IBUF=1)
  Input Delay:            0.500ns
  Clock Path Skew:        1.992ns (DCD - SCD - CPR)
    Destination Clock Delay (DCD):    1.992ns
    Source Clock Delay      (SCD):    0.000ns
    Clock Pessimism Removal (CPR):    -0.000ns
  Clock Uncertainty:      0.025ns  ((TSJ^2 + TIJ^2)^1/2 + DJ) / 2 + PE
    Total System Jitter     (TSJ):    0.050ns
    Total Input Jitter      (TIJ):    0.000ns
    Discrete Jitter          (DJ):    0.000ns
    Phase Error              (PE):    0.000ns
  Clock Domain Crossing:  Inter clock paths are considered valid unless explicitly excluded by timing constraints such as set_clock_groups or set_false_path.

    Location             Delay type                Incr(ns)  Path(ns)    Netlist Resource(s)
  -------------------------------------------------------------------    -------------------
                         (clock virtual_clock rise edge)
                                                      0.000     0.000 r  
                         ideal clock network latency
                                                      0.000     0.000    
                         input delay                  0.500     0.500    
    T18                                               0.000     0.500 r  kcpsm6_interrupt (IN)
                         net (fo=0)                   0.000     0.500    kcpsm6_interrupt
    T18                  IBUF (Prop_ibuf_I_O)         0.222     0.722 r  kcpsm6_interrupt_IBUF_inst/O
                         net (fo=2, routed)           2.041     2.763    kcpsm6_interrupt_IBUF
    SLICE_X2Y8           FDRE                                         r  interrupt_reg/D
  -------------------------------------------------------------------    -------------------

                         (clock clk_pin rise edge)    0.000     0.000 r  
    W5                                                0.000     0.000 r  clk (IN)
                         net (fo=0)                   0.000     0.000    clk
    W5                   IBUF (Prop_ibuf_I_O)         0.414     0.414 r  clk_IBUF_inst/O
                         net (fo=1, routed)           0.685     1.099    clk_IBUF
    BUFGCTRL_X0Y0        BUFG (Prop_bufg_I_O)         0.029     1.128 r  clk_IBUF_BUFG_inst/O
                         net (fo=165, routed)         0.865     1.992    clk_IBUF_BUFG
    SLICE_X2Y8           FDRE                                         r  interrupt_reg/C
                         clock pessimism              0.000     1.992    
                         clock uncertainty            0.025     2.017    
    SLICE_X2Y8           FDRE (Hold_fdre_C_D)         0.087     2.104    interrupt_reg
  -------------------------------------------------------------------
                         required time                         -2.104    
                         arrival time                           2.763    
  -------------------------------------------------------------------
                         slack                                  0.658    

Slack (MET) :             0.795ns  (arrival time - required time)
  Source:                 sw[10]
                            (input port clocked by virtual_clock  {rise@0.000ns fall@5.000ns period=10.000ns})
  Destination:            in_port_reg[2]/D
                            (rising edge-triggered cell FDRE clocked by clk_pin  {rise@0.000ns fall@5.000ns period=10.000ns})
  Path Group:             clk_pin
  Path Type:              Hold (Min at Fast Process Corner)
  Requirement:            0.000ns  (clk_pin rise@0.000ns - virtual_clock rise@0.000ns)
  Data Path Delay:        2.401ns  (logic 0.268ns (11.172%)  route 2.133ns (88.828%))
  Logic Levels:           2  (IBUF=1 LUT4=1)
  Input Delay:            0.500ns
  Clock Path Skew:        1.990ns (DCD - SCD - CPR)
    Destination Clock Delay (DCD):    1.990ns
    Source Clock Delay      (SCD):    0.000ns
    Clock Pessimism Removal (CPR):    -0.000ns
  Clock Uncertainty:      0.025ns  ((TSJ^2 + TIJ^2)^1/2 + DJ) / 2 + PE
    Total System Jitter     (TSJ):    0.050ns
    Total Input Jitter      (TIJ):    0.000ns
    Discrete Jitter          (DJ):    0.000ns
    Phase Error              (PE):    0.000ns
  Clock Domain Crossing:  Inter clock paths are considered valid unless explicitly excluded by timing constraints such as set_clock_groups or set_false_path.

    Location             Delay type                Incr(ns)  Path(ns)    Netlist Resource(s)
  -------------------------------------------------------------------    -------------------
                         (clock virtual_clock rise edge)
                                                      0.000     0.000 r  
                         ideal clock network latency
                                                      0.000     0.000    
                         input delay                  0.500     0.500    
    T1                                                0.000     0.500 r  sw[10] (IN)
                         net (fo=0)                   0.000     0.500    sw[10]
    T1                   IBUF (Prop_ibuf_I_O)         0.223     0.723 r  sw_IBUF[10]_inst/O
                         net (fo=1, routed)           2.133     2.856    processor/sw_IBUF[10]
    SLICE_X7Y7           LUT4 (Prop_lut4_I3_O)        0.045     2.901 r  processor/in_port[2]_i_1/O
                         net (fo=1, routed)           0.000     2.901    processor_n_28
    SLICE_X7Y7           FDRE                                         r  in_port_reg[2]/D
  -------------------------------------------------------------------    -------------------

                         (clock clk_pin rise edge)    0.000     0.000 r  
    W5                                                0.000     0.000 r  clk (IN)
                         net (fo=0)                   0.000     0.000    clk
    W5                   IBUF (Prop_ibuf_I_O)         0.414     0.414 r  clk_IBUF_inst/O
                         net (fo=1, routed)           0.685     1.099    clk_IBUF
    BUFGCTRL_X0Y0        BUFG (Prop_bufg_I_O)         0.029     1.128 r  clk_IBUF_BUFG_inst/O
                         net (fo=165, routed)         0.863     1.990    clk_IBUF_BUFG
    SLICE_X7Y7           FDRE                                         r  in_port_reg[2]/C
                         clock pessimism              0.000     1.990    
                         clock uncertainty            0.025     2.015    
    SLICE_X7Y7           FDRE (Hold_fdre_C_D)         0.091     2.106    in_port_reg[2]
  -------------------------------------------------------------------
                         required time                         -2.106    
                         arrival time                           2.901    
  -------------------------------------------------------------------
                         slack                                  0.795    

Slack (MET) :             0.814ns  (arrival time - required time)
  Source:                 kcpsm6_interrupt
                            (input port clocked by virtual_clock  {rise@0.000ns fall@5.000ns period=10.000ns})
  Destination:            interrupt_reg/CE
                            (rising edge-triggered cell FDRE clocked by clk_pin  {rise@0.000ns fall@5.000ns period=10.000ns})
  Path Group:             clk_pin
  Path Type:              Hold (Min at Slow Process Corner)
  Requirement:            0.000ns  (clk_pin rise@0.000ns - virtual_clock rise@0.000ns)
  Data Path Delay:        5.498ns  (logic 1.383ns (25.161%)  route 4.115ns (74.839%))
  Logic Levels:           1  (IBUF=1)
  Input Delay:            0.500ns
  Clock Path Skew:        5.158ns (DCD - SCD - CPR)
    Destination Clock Delay (DCD):    5.158ns
    Source Clock Delay      (SCD):    0.000ns
    Clock Pessimism Removal (CPR):    -0.000ns
  Clock Uncertainty:      0.025ns  ((TSJ^2 + TIJ^2)^1/2 + DJ) / 2 + PE
    Total System Jitter     (TSJ):    0.050ns
    Total Input Jitter      (TIJ):    0.000ns
    Discrete Jitter          (DJ):    0.000ns
    Phase Error              (PE):    0.000ns
  Clock Domain Crossing:  Inter clock paths are considered valid unless explicitly excluded by timing constraints such as set_clock_groups or set_false_path.

    Location             Delay type                Incr(ns)  Path(ns)    Netlist Resource(s)
  -------------------------------------------------------------------    -------------------
                         (clock virtual_clock rise edge)
                                                      0.000     0.000 r  
                         ideal clock network latency
                                                      0.000     0.000    
                         input delay                  0.500     0.500    
    T18                                               0.000     0.500 r  kcpsm6_interrupt (IN)
                         net (fo=0)                   0.000     0.500    kcpsm6_interrupt
    T18                  IBUF (Prop_ibuf_I_O)         1.383     1.883 r  kcpsm6_interrupt_IBUF_inst/O
                         net (fo=2, routed)           4.115     5.998    kcpsm6_interrupt_IBUF
    SLICE_X2Y8           FDRE                                         r  interrupt_reg/CE
  -------------------------------------------------------------------    -------------------

                         (clock clk_pin rise edge)    0.000     0.000 r  
    W5                                                0.000     0.000 r  clk (IN)
                         net (fo=0)                   0.000     0.000    clk
    W5                   IBUF (Prop_ibuf_I_O)         1.458     1.458 r  clk_IBUF_inst/O
                         net (fo=1, routed)           1.967     3.425    clk_IBUF
    BUFGCTRL_X0Y0        BUFG (Prop_bufg_I_O)         0.096     3.521 r  clk_IBUF_BUFG_inst/O
                         net (fo=165, routed)         1.637     5.158    clk_IBUF_BUFG
    SLICE_X2Y8           FDRE                                         r  interrupt_reg/C
                         clock pessimism              0.000     5.158    
                         clock uncertainty            0.025     5.183    
    SLICE_X2Y8           FDRE (Hold_fdre_C_CE)        0.001     5.184    interrupt_reg
  -------------------------------------------------------------------
                         required time                         -5.184    
                         arrival time                           5.998    
  -------------------------------------------------------------------
                         slack                                  0.814    





---------------------------------------------------------------------------------------------------
From Clock:  clk_pin
  To Clock:  virtual_clock

Setup :            0  Failing Endpoints,  Worst Slack        0.990ns,  Total Violation        0.000ns
Hold  :            0  Failing Endpoints,  Worst Slack        1.107ns,  Total Violation        0.000ns
---------------------------------------------------------------------------------------------------


Max Delay Paths
--------------------------------------------------------------------------------------
Slack (MET) :             0.990ns  (required time - arrival time)
  Source:                 led_reg[4]_lopt_replica/C
                            (rising edge-triggered cell FDRE clocked by clk_pin  {rise@0.000ns fall@5.000ns period=10.000ns})
  Destination:            led[4]
                            (output port clocked by virtual_clock  {rise@0.000ns fall@5.000ns period=10.000ns})
  Path Group:             virtual_clock
  Path Type:              Max at Slow Process Corner
  Requirement:            10.000ns  (virtual_clock rise@10.000ns - clk_pin rise@0.000ns)
  Data Path Delay:        5.829ns  (logic 3.965ns (68.018%)  route 1.864ns (31.982%))
  Logic Levels:           1  (OBUF=1)
  Output Delay:           -2.000ns
  Clock Path Skew:        -5.156ns (DCD - SCD + CPR)
    Destination Clock Delay (DCD):    0.000ns = ( 10.000 - 10.000 ) 
    Source Clock Delay      (SCD):    5.156ns
    Clock Pessimism Removal (CPR):    0.000ns
  Clock Uncertainty:      0.025ns  ((TSJ^2 + TIJ^2)^1/2 + DJ) / 2 + PE
    Total System Jitter     (TSJ):    0.050ns
    Total Input Jitter      (TIJ):    0.000ns
    Discrete Jitter          (DJ):    0.000ns
    Phase Error              (PE):    0.000ns
  Clock Domain Crossing:  Inter clock paths are considered valid unless explicitly excluded by timing constraints such as set_clock_groups or set_false_path.

    Location             Delay type                Incr(ns)  Path(ns)    Netlist Resource(s)
  -------------------------------------------------------------------    -------------------
                         (clock clk_pin rise edge)    0.000     0.000 r  
    W5                                                0.000     0.000 r  clk (IN)
                         net (fo=0)                   0.000     0.000    clk
    W5                   IBUF (Prop_ibuf_I_O)         1.458     1.458 r  clk_IBUF_inst/O
                         net (fo=1, routed)           1.967     3.425    clk_IBUF
    BUFGCTRL_X0Y0        BUFG (Prop_bufg_I_O)         0.096     3.521 r  clk_IBUF_BUFG_inst/O
                         net (fo=165, routed)         1.635     5.156    clk_IBUF_BUFG
    SLICE_X1Y11          FDRE                                         r  led_reg[4]_lopt_replica/C
  -------------------------------------------------------------------    -------------------
    SLICE_X1Y11          FDRE (Prop_fdre_C_Q)         0.456     5.612 r  led_reg[4]_lopt_replica/Q
                         net (fo=1, routed)           1.864     7.476    led_reg[4]_lopt_replica_1
    W18                  OBUF (Prop_obuf_I_O)         3.509    10.985 r  led_OBUF[4]_inst/O
                         net (fo=0)                   0.000    10.985    led[4]
    W18                                                               r  led[4] (OUT)
  -------------------------------------------------------------------    -------------------

                         (clock virtual_clock rise edge)
                                                     10.000    10.000 r  
                         ideal clock network latency
                                                      0.000    10.000    
                         clock pessimism              0.000    10.000    
                         clock uncertainty           -0.025     9.975    
                         output delay                 2.000    11.975    
  -------------------------------------------------------------------
                         required time                         11.975    
                         arrival time                         -10.985    
  -------------------------------------------------------------------
                         slack                                  0.990    

Slack (MET) :             0.991ns  (required time - arrival time)
  Source:                 led_reg[3]_lopt_replica/C
                            (rising edge-triggered cell FDRE clocked by clk_pin  {rise@0.000ns fall@5.000ns period=10.000ns})
  Destination:            led[3]
                            (output port clocked by virtual_clock  {rise@0.000ns fall@5.000ns period=10.000ns})
  Path Group:             virtual_clock
  Path Type:              Max at Slow Process Corner
  Requirement:            10.000ns  (virtual_clock rise@10.000ns - clk_pin rise@0.000ns)
  Data Path Delay:        5.831ns  (logic 3.965ns (67.995%)  route 1.866ns (32.005%))
  Logic Levels:           1  (OBUF=1)
  Output Delay:           -2.000ns
  Clock Path Skew:        -5.152ns (DCD - SCD + CPR)
    Destination Clock Delay (DCD):    0.000ns = ( 10.000 - 10.000 ) 
    Source Clock Delay      (SCD):    5.152ns
    Clock Pessimism Removal (CPR):    0.000ns
  Clock Uncertainty:      0.025ns  ((TSJ^2 + TIJ^2)^1/2 + DJ) / 2 + PE
    Total System Jitter     (TSJ):    0.050ns
    Total Input Jitter      (TIJ):    0.000ns
    Discrete Jitter          (DJ):    0.000ns
    Phase Error              (PE):    0.000ns
  Clock Domain Crossing:  Inter clock paths are considered valid unless explicitly excluded by timing constraints such as set_clock_groups or set_false_path.

    Location             Delay type                Incr(ns)  Path(ns)    Netlist Resource(s)
  -------------------------------------------------------------------    -------------------
                         (clock clk_pin rise edge)    0.000     0.000 r  
    W5                                                0.000     0.000 r  clk (IN)
                         net (fo=0)                   0.000     0.000    clk
    W5                   IBUF (Prop_ibuf_I_O)         1.458     1.458 r  clk_IBUF_inst/O
                         net (fo=1, routed)           1.967     3.425    clk_IBUF
    BUFGCTRL_X0Y0        BUFG (Prop_bufg_I_O)         0.096     3.521 r  clk_IBUF_BUFG_inst/O
                         net (fo=165, routed)         1.631     5.152    clk_IBUF_BUFG
    SLICE_X0Y15          FDRE                                         r  led_reg[3]_lopt_replica/C
  -------------------------------------------------------------------    -------------------
    SLICE_X0Y15          FDRE (Prop_fdre_C_Q)         0.456     5.608 r  led_reg[3]_lopt_replica/Q
                         net (fo=1, routed)           1.866     7.475    led_reg[3]_lopt_replica_1
    V19                  OBUF (Prop_obuf_I_O)         3.509    10.984 r  led_OBUF[3]_inst/O
                         net (fo=0)                   0.000    10.984    led[3]
    V19                                                               r  led[3] (OUT)
  -------------------------------------------------------------------    -------------------

                         (clock virtual_clock rise edge)
                                                     10.000    10.000 r  
                         ideal clock network latency
                                                      0.000    10.000    
                         clock pessimism              0.000    10.000    
                         clock uncertainty           -0.025     9.975    
                         output delay                 2.000    11.975    
  -------------------------------------------------------------------
                         required time                         11.975    
                         arrival time                         -10.984    
  -------------------------------------------------------------------
                         slack                                  0.991    

Slack (MET) :             1.060ns  (required time - arrival time)
  Source:                 led_reg[6]_lopt_replica/C
                            (rising edge-triggered cell FDRE clocked by clk_pin  {rise@0.000ns fall@5.000ns period=10.000ns})
  Destination:            led[6]
                            (output port clocked by virtual_clock  {rise@0.000ns fall@5.000ns period=10.000ns})
  Path Group:             virtual_clock
  Path Type:              Max at Slow Process Corner
  Requirement:            10.000ns  (virtual_clock rise@10.000ns - clk_pin rise@0.000ns)
  Data Path Delay:        5.756ns  (logic 4.024ns (69.916%)  route 1.732ns (30.084%))
  Logic Levels:           1  (OBUF=1)
  Output Delay:           -2.000ns
  Clock Path Skew:        -5.159ns (DCD - SCD + CPR)
    Destination Clock Delay (DCD):    0.000ns = ( 10.000 - 10.000 ) 
    Source Clock Delay      (SCD):    5.159ns
    Clock Pessimism Removal (CPR):    0.000ns
  Clock Uncertainty:      0.025ns  ((TSJ^2 + TIJ^2)^1/2 + DJ) / 2 + PE
    Total System Jitter     (TSJ):    0.050ns
    Total Input Jitter      (TIJ):    0.000ns
    Discrete Jitter          (DJ):    0.000ns
    Phase Error              (PE):    0.000ns
  Clock Domain Crossing:  Inter clock paths are considered valid unless explicitly excluded by timing constraints such as set_clock_groups or set_false_path.

    Location             Delay type                Incr(ns)  Path(ns)    Netlist Resource(s)
  -------------------------------------------------------------------    -------------------
                         (clock clk_pin rise edge)    0.000     0.000 r  
    W5                                                0.000     0.000 r  clk (IN)
                         net (fo=0)                   0.000     0.000    clk
    W5                   IBUF (Prop_ibuf_I_O)         1.458     1.458 r  clk_IBUF_inst/O
                         net (fo=1, routed)           1.967     3.425    clk_IBUF
    BUFGCTRL_X0Y0        BUFG (Prop_bufg_I_O)         0.096     3.521 r  clk_IBUF_BUFG_inst/O
                         net (fo=165, routed)         1.638     5.159    clk_IBUF_BUFG
    SLICE_X2Y3           FDRE                                         r  led_reg[6]_lopt_replica/C
  -------------------------------------------------------------------    -------------------
    SLICE_X2Y3           FDRE (Prop_fdre_C_Q)         0.518     5.677 r  led_reg[6]_lopt_replica/Q
                         net (fo=1, routed)           1.732     7.409    led_reg[6]_lopt_replica_1
    U14                  OBUF (Prop_obuf_I_O)         3.506    10.915 r  led_OBUF[6]_inst/O
                         net (fo=0)                   0.000    10.915    led[6]
    U14                                                               r  led[6] (OUT)
  -------------------------------------------------------------------    -------------------

                         (clock virtual_clock rise edge)
                                                     10.000    10.000 r  
                         ideal clock network latency
                                                      0.000    10.000    
                         clock pessimism              0.000    10.000    
                         clock uncertainty           -0.025     9.975    
                         output delay                 2.000    11.975    
  -------------------------------------------------------------------
                         required time                         11.975    
                         arrival time                         -10.915    
  -------------------------------------------------------------------
                         slack                                  1.060    

Slack (MET) :             1.074ns  (required time - arrival time)
  Source:                 led_reg[7]_lopt_replica/C
                            (rising edge-triggered cell FDRE clocked by clk_pin  {rise@0.000ns fall@5.000ns period=10.000ns})
  Destination:            led[7]
                            (output port clocked by virtual_clock  {rise@0.000ns fall@5.000ns period=10.000ns})
  Path Group:             virtual_clock
  Path Type:              Max at Slow Process Corner
  Requirement:            10.000ns  (virtual_clock rise@10.000ns - clk_pin rise@0.000ns)
  Data Path Delay:        5.742ns  (logic 4.019ns (69.993%)  route 1.723ns (30.007%))
  Logic Levels:           1  (OBUF=1)
  Output Delay:           -2.000ns
  Clock Path Skew:        -5.159ns (DCD - SCD + CPR)
    Destination Clock Delay (DCD):    0.000ns = ( 10.000 - 10.000 ) 
    Source Clock Delay      (SCD):    5.159ns
    Clock Pessimism Removal (CPR):    0.000ns
  Clock Uncertainty:      0.025ns  ((TSJ^2 + TIJ^2)^1/2 + DJ) / 2 + PE
    Total System Jitter     (TSJ):    0.050ns
    Total Input Jitter      (TIJ):    0.000ns
    Discrete Jitter          (DJ):    0.000ns
    Phase Error              (PE):    0.000ns
  Clock Domain Crossing:  Inter clock paths are considered valid unless explicitly excluded by timing constraints such as set_clock_groups or set_false_path.

    Location             Delay type                Incr(ns)  Path(ns)    Netlist Resource(s)
  -------------------------------------------------------------------    -------------------
                         (clock clk_pin rise edge)    0.000     0.000 r  
    W5                                                0.000     0.000 r  clk (IN)
                         net (fo=0)                   0.000     0.000    clk
    W5                   IBUF (Prop_ibuf_I_O)         1.458     1.458 r  clk_IBUF_inst/O
                         net (fo=1, routed)           1.967     3.425    clk_IBUF
    BUFGCTRL_X0Y0        BUFG (Prop_bufg_I_O)         0.096     3.521 r  clk_IBUF_BUFG_inst/O
                         net (fo=165, routed)         1.638     5.159    clk_IBUF_BUFG
    SLICE_X2Y3           FDRE                                         r  led_reg[7]_lopt_replica/C
  -------------------------------------------------------------------    -------------------
    SLICE_X2Y3           FDRE (Prop_fdre_C_Q)         0.518     5.677 r  led_reg[7]_lopt_replica/Q
                         net (fo=1, routed)           1.723     7.400    led_reg[7]_lopt_replica_1
    V14                  OBUF (Prop_obuf_I_O)         3.501    10.901 r  led_OBUF[7]_inst/O
                         net (fo=0)                   0.000    10.901    led[7]
    V14                                                               r  led[7] (OUT)
  -------------------------------------------------------------------    -------------------

                         (clock virtual_clock rise edge)
                                                     10.000    10.000 r  
                         ideal clock network latency
                                                      0.000    10.000    
                         clock pessimism              0.000    10.000    
                         clock uncertainty           -0.025     9.975    
                         output delay                 2.000    11.975    
  -------------------------------------------------------------------
                         required time                         11.975    
                         arrival time                         -10.901    
  -------------------------------------------------------------------
                         slack                                  1.074    

Slack (MET) :             1.084ns  (required time - arrival time)
  Source:                 led_reg[5]_lopt_replica/C
                            (rising edge-triggered cell FDRE clocked by clk_pin  {rise@0.000ns fall@5.000ns period=10.000ns})
  Destination:            led[5]
                            (output port clocked by virtual_clock  {rise@0.000ns fall@5.000ns period=10.000ns})
  Path Group:             virtual_clock
  Path Type:              Max at Slow Process Corner
  Requirement:            10.000ns  (virtual_clock rise@10.000ns - clk_pin rise@0.000ns)
  Data Path Delay:        5.732ns  (logic 4.032ns (70.356%)  route 1.699ns (29.644%))
  Logic Levels:           1  (OBUF=1)
  Output Delay:           -2.000ns
  Clock Path Skew:        -5.159ns (DCD - SCD + CPR)
    Destination Clock Delay (DCD):    0.000ns = ( 10.000 - 10.000 ) 
    Source Clock Delay      (SCD):    5.159ns
    Clock Pessimism Removal (CPR):    0.000ns
  Clock Uncertainty:      0.025ns  ((TSJ^2 + TIJ^2)^1/2 + DJ) / 2 + PE
    Total System Jitter     (TSJ):    0.050ns
    Total Input Jitter      (TIJ):    0.000ns
    Discrete Jitter          (DJ):    0.000ns
    Phase Error              (PE):    0.000ns
  Clock Domain Crossing:  Inter clock paths are considered valid unless explicitly excluded by timing constraints such as set_clock_groups or set_false_path.

    Location             Delay type                Incr(ns)  Path(ns)    Netlist Resource(s)
  -------------------------------------------------------------------    -------------------
                         (clock clk_pin rise edge)    0.000     0.000 r  
    W5                                                0.000     0.000 r  clk (IN)
                         net (fo=0)                   0.000     0.000    clk
    W5                   IBUF (Prop_ibuf_I_O)         1.458     1.458 r  clk_IBUF_inst/O
                         net (fo=1, routed)           1.967     3.425    clk_IBUF
    BUFGCTRL_X0Y0        BUFG (Prop_bufg_I_O)         0.096     3.521 r  clk_IBUF_BUFG_inst/O
                         net (fo=165, routed)         1.638     5.159    clk_IBUF_BUFG
    SLICE_X2Y6           FDRE                                         r  led_reg[5]_lopt_replica/C
  -------------------------------------------------------------------    -------------------
    SLICE_X2Y6           FDRE (Prop_fdre_C_Q)         0.518     5.677 r  led_reg[5]_lopt_replica/Q
                         net (fo=1, routed)           1.699     7.376    led_reg[5]_lopt_replica_1
    U15                  OBUF (Prop_obuf_I_O)         3.514    10.891 r  led_OBUF[5]_inst/O
                         net (fo=0)                   0.000    10.891    led[5]
    U15                                                               r  led[5] (OUT)
  -------------------------------------------------------------------    -------------------

                         (clock virtual_clock rise edge)
                                                     10.000    10.000 r  
                         ideal clock network latency
                                                      0.000    10.000    
                         clock pessimism              0.000    10.000    
                         clock uncertainty           -0.025     9.975    
                         output delay                 2.000    11.975    
  -------------------------------------------------------------------
                         required time                         11.975    
                         arrival time                         -10.891    
  -------------------------------------------------------------------
                         slack                                  1.084    

Slack (MET) :             1.130ns  (required time - arrival time)
  Source:                 led_reg[0]_lopt_replica/C
                            (rising edge-triggered cell FDRE clocked by clk_pin  {rise@0.000ns fall@5.000ns period=10.000ns})
  Destination:            led[0]
                            (output port clocked by virtual_clock  {rise@0.000ns fall@5.000ns period=10.000ns})
  Path Group:             virtual_clock
  Path Type:              Max at Slow Process Corner
  Requirement:            10.000ns  (virtual_clock rise@10.000ns - clk_pin rise@0.000ns)
  Data Path Delay:        5.686ns  (logic 4.023ns (70.747%)  route 1.663ns (29.253%))
  Logic Levels:           1  (OBUF=1)
  Output Delay:           -2.000ns
  Clock Path Skew:        -5.159ns (DCD - SCD + CPR)
    Destination Clock Delay (DCD):    0.000ns = ( 10.000 - 10.000 ) 
    Source Clock Delay      (SCD):    5.159ns
    Clock Pessimism Removal (CPR):    0.000ns
  Clock Uncertainty:      0.025ns  ((TSJ^2 + TIJ^2)^1/2 + DJ) / 2 + PE
    Total System Jitter     (TSJ):    0.050ns
    Total Input Jitter      (TIJ):    0.000ns
    Discrete Jitter          (DJ):    0.000ns
    Phase Error              (PE):    0.000ns
  Clock Domain Crossing:  Inter clock paths are considered valid unless explicitly excluded by timing constraints such as set_clock_groups or set_false_path.

    Location             Delay type                Incr(ns)  Path(ns)    Netlist Resource(s)
  -------------------------------------------------------------------    -------------------
                         (clock clk_pin rise edge)    0.000     0.000 r  
    W5                                                0.000     0.000 r  clk (IN)
                         net (fo=0)                   0.000     0.000    clk
    W5                   IBUF (Prop_ibuf_I_O)         1.458     1.458 r  clk_IBUF_inst/O
                         net (fo=1, routed)           1.967     3.425    clk_IBUF
    BUFGCTRL_X0Y0        BUFG (Prop_bufg_I_O)         0.096     3.521 r  clk_IBUF_BUFG_inst/O
                         net (fo=165, routed)         1.638     5.159    clk_IBUF_BUFG
    SLICE_X2Y3           FDRE                                         r  led_reg[0]_lopt_replica/C
  -------------------------------------------------------------------    -------------------
    SLICE_X2Y3           FDRE (Prop_fdre_C_Q)         0.518     5.677 r  led_reg[0]_lopt_replica/Q
                         net (fo=1, routed)           1.663     7.341    led_reg[0]_lopt_replica_1
    U16                  OBUF (Prop_obuf_I_O)         3.505    10.845 r  led_OBUF[0]_inst/O
                         net (fo=0)                   0.000    10.845    led[0]
    U16                                                               r  led[0] (OUT)
  -------------------------------------------------------------------    -------------------

                         (clock virtual_clock rise edge)
                                                     10.000    10.000 r  
                         ideal clock network latency
                                                      0.000    10.000    
                         clock pessimism              0.000    10.000    
                         clock uncertainty           -0.025     9.975    
                         output delay                 2.000    11.975    
  -------------------------------------------------------------------
                         required time                         11.975    
                         arrival time                         -10.845    
  -------------------------------------------------------------------
                         slack                                  1.130    

Slack (MET) :             1.140ns  (required time - arrival time)
  Source:                 led_reg[2]_lopt_replica/C
                            (rising edge-triggered cell FDRE clocked by clk_pin  {rise@0.000ns fall@5.000ns period=10.000ns})
  Destination:            led[2]
                            (output port clocked by virtual_clock  {rise@0.000ns fall@5.000ns period=10.000ns})
  Path Group:             virtual_clock
  Path Type:              Max at Slow Process Corner
  Requirement:            10.000ns  (virtual_clock rise@10.000ns - clk_pin rise@0.000ns)
  Data Path Delay:        5.682ns  (logic 3.957ns (69.636%)  route 1.725ns (30.364%))
  Logic Levels:           1  (OBUF=1)
  Output Delay:           -2.000ns
  Clock Path Skew:        -5.152ns (DCD - SCD + CPR)
    Destination Clock Delay (DCD):    0.000ns = ( 10.000 - 10.000 ) 
    Source Clock Delay      (SCD):    5.152ns
    Clock Pessimism Removal (CPR):    0.000ns
  Clock Uncertainty:      0.025ns  ((TSJ^2 + TIJ^2)^1/2 + DJ) / 2 + PE
    Total System Jitter     (TSJ):    0.050ns
    Total Input Jitter      (TIJ):    0.000ns
    Discrete Jitter          (DJ):    0.000ns
    Phase Error              (PE):    0.000ns
  Clock Domain Crossing:  Inter clock paths are considered valid unless explicitly excluded by timing constraints such as set_clock_groups or set_false_path.

    Location             Delay type                Incr(ns)  Path(ns)    Netlist Resource(s)
  -------------------------------------------------------------------    -------------------
                         (clock clk_pin rise edge)    0.000     0.000 r  
    W5                                                0.000     0.000 r  clk (IN)
                         net (fo=0)                   0.000     0.000    clk
    W5                   IBUF (Prop_ibuf_I_O)         1.458     1.458 r  clk_IBUF_inst/O
                         net (fo=1, routed)           1.967     3.425    clk_IBUF
    BUFGCTRL_X0Y0        BUFG (Prop_bufg_I_O)         0.096     3.521 r  clk_IBUF_BUFG_inst/O
                         net (fo=165, routed)         1.631     5.152    clk_IBUF_BUFG
    SLICE_X0Y15          FDRE                                         r  led_reg[2]_lopt_replica/C
  -------------------------------------------------------------------    -------------------
    SLICE_X0Y15          FDRE (Prop_fdre_C_Q)         0.456     5.608 r  led_reg[2]_lopt_replica/Q
                         net (fo=1, routed)           1.725     7.334    led_reg[2]_lopt_replica_1
    U19                  OBUF (Prop_obuf_I_O)         3.501    10.835 r  led_OBUF[2]_inst/O
                         net (fo=0)                   0.000    10.835    led[2]
    U19                                                               r  led[2] (OUT)
  -------------------------------------------------------------------    -------------------

                         (clock virtual_clock rise edge)
                                                     10.000    10.000 r  
                         ideal clock network latency
                                                      0.000    10.000    
                         clock pessimism              0.000    10.000    
                         clock uncertainty           -0.025     9.975    
                         output delay                 2.000    11.975    
  -------------------------------------------------------------------
                         required time                         11.975    
                         arrival time                         -10.835    
  -------------------------------------------------------------------
                         slack                                  1.140    

Slack (MET) :             1.300ns  (required time - arrival time)
  Source:                 led_reg[1]_lopt_replica/C
                            (rising edge-triggered cell FDRE clocked by clk_pin  {rise@0.000ns fall@5.000ns period=10.000ns})
  Destination:            led[1]
                            (output port clocked by virtual_clock  {rise@0.000ns fall@5.000ns period=10.000ns})
  Path Group:             virtual_clock
  Path Type:              Max at Slow Process Corner
  Requirement:            10.000ns  (virtual_clock rise@10.000ns - clk_pin rise@0.000ns)
  Data Path Delay:        5.515ns  (logic 3.986ns (72.267%)  route 1.530ns (27.733%))
  Logic Levels:           1  (OBUF=1)
  Output Delay:           -2.000ns
  Clock Path Skew:        -5.159ns (DCD - SCD + CPR)
    Destination Clock Delay (DCD):    0.000ns = ( 10.000 - 10.000 ) 
    Source Clock Delay      (SCD):    5.159ns
    Clock Pessimism Removal (CPR):    0.000ns
  Clock Uncertainty:      0.025ns  ((TSJ^2 + TIJ^2)^1/2 + DJ) / 2 + PE
    Total System Jitter     (TSJ):    0.050ns
    Total Input Jitter      (TIJ):    0.000ns
    Discrete Jitter          (DJ):    0.000ns
    Phase Error              (PE):    0.000ns
  Clock Domain Crossing:  Inter clock paths are considered valid unless explicitly excluded by timing constraints such as set_clock_groups or set_false_path.

    Location             Delay type                Incr(ns)  Path(ns)    Netlist Resource(s)
  -------------------------------------------------------------------    -------------------
                         (clock clk_pin rise edge)    0.000     0.000 r  
    W5                                                0.000     0.000 r  clk (IN)
                         net (fo=0)                   0.000     0.000    clk
    W5                   IBUF (Prop_ibuf_I_O)         1.458     1.458 r  clk_IBUF_inst/O
                         net (fo=1, routed)           1.967     3.425    clk_IBUF
    BUFGCTRL_X0Y0        BUFG (Prop_bufg_I_O)         0.096     3.521 r  clk_IBUF_BUFG_inst/O
                         net (fo=165, routed)         1.638     5.159    clk_IBUF_BUFG
    SLICE_X1Y43          FDRE                                         r  led_reg[1]_lopt_replica/C
  -------------------------------------------------------------------    -------------------
    SLICE_X1Y43          FDRE (Prop_fdre_C_Q)         0.456     5.615 r  led_reg[1]_lopt_replica/Q
                         net (fo=1, routed)           1.530     7.145    led_reg[1]_lopt_replica_1
    E19                  OBUF (Prop_obuf_I_O)         3.530    10.675 r  led_OBUF[1]_inst/O
                         net (fo=0)                   0.000    10.675    led[1]
    E19                                                               r  led[1] (OUT)
  -------------------------------------------------------------------    -------------------

                         (clock virtual_clock rise edge)
                                                     10.000    10.000 r  
                         ideal clock network latency
                                                      0.000    10.000    
                         clock pessimism              0.000    10.000    
                         clock uncertainty           -0.025     9.975    
                         output delay                 2.000    11.975    
  -------------------------------------------------------------------
                         required time                         11.975    
                         arrival time                         -10.675    
  -------------------------------------------------------------------
                         slack                                  1.300    





Min Delay Paths
--------------------------------------------------------------------------------------
Slack (MET) :             1.107ns  (arrival time - required time)
  Source:                 led_reg[1]_lopt_replica/C
                            (rising edge-triggered cell FDRE clocked by clk_pin  {rise@0.000ns fall@5.000ns period=10.000ns})
  Destination:            led[1]
                            (output port clocked by virtual_clock  {rise@0.000ns fall@5.000ns period=10.000ns})
  Path Group:             virtual_clock
  Path Type:              Min at Fast Process Corner
  Requirement:            0.000ns  (virtual_clock rise@0.000ns - clk_pin rise@0.000ns)
  Data Path Delay:        1.654ns  (logic 1.372ns (82.919%)  route 0.283ns (17.081%))
  Logic Levels:           1  (OBUF=1)
  Output Delay:           -2.000ns
  Clock Path Skew:        -1.478ns (DCD - SCD - CPR)
    Destination Clock Delay (DCD):    0.000ns
    Source Clock Delay      (SCD):    1.478ns
    Clock Pessimism Removal (CPR):    -0.000ns
  Clock Uncertainty:      0.025ns  ((TSJ^2 + TIJ^2)^1/2 + DJ) / 2 + PE
    Total System Jitter     (TSJ):    0.050ns
    Total Input Jitter      (TIJ):    0.000ns
    Discrete Jitter          (DJ):    0.000ns
    Phase Error              (PE):    0.000ns
  Clock Domain Crossing:  Inter clock paths are considered valid unless explicitly excluded by timing constraints such as set_clock_groups or set_false_path.

    Location             Delay type                Incr(ns)  Path(ns)    Netlist Resource(s)
  -------------------------------------------------------------------    -------------------
                         (clock clk_pin rise edge)    0.000     0.000 r  
    W5                                                0.000     0.000 r  clk (IN)
                         net (fo=0)                   0.000     0.000    clk
    W5                   IBUF (Prop_ibuf_I_O)         0.226     0.226 r  clk_IBUF_inst/O
                         net (fo=1, routed)           0.631     0.858    clk_IBUF
    BUFGCTRL_X0Y0        BUFG (Prop_bufg_I_O)         0.026     0.884 r  clk_IBUF_BUFG_inst/O
                         net (fo=165, routed)         0.595     1.478    clk_IBUF_BUFG
    SLICE_X1Y43          FDRE                                         r  led_reg[1]_lopt_replica/C
  -------------------------------------------------------------------    -------------------
    SLICE_X1Y43          FDRE (Prop_fdre_C_Q)         0.141     1.619 r  led_reg[1]_lopt_replica/Q
                         net (fo=1, routed)           0.283     1.902    led_reg[1]_lopt_replica_1
    E19                  OBUF (Prop_obuf_I_O)         1.231     3.132 r  led_OBUF[1]_inst/O
                         net (fo=0)                   0.000     3.132    led[1]
    E19                                                               r  led[1] (OUT)
  -------------------------------------------------------------------    -------------------

                         (clock virtual_clock rise edge)
                                                      0.000     0.000 r  
                         ideal clock network latency
                                                      0.000     0.000    
                         clock pessimism              0.000     0.000    
                         clock uncertainty            0.025     0.025    
                         output delay                 2.000     2.025    
  -------------------------------------------------------------------
                         required time                         -2.025    
                         arrival time                           3.132    
  -------------------------------------------------------------------
                         slack                                  1.107    

Slack (MET) :             1.145ns  (arrival time - required time)
  Source:                 led_reg[2]_lopt_replica/C
                            (rising edge-triggered cell FDRE clocked by clk_pin  {rise@0.000ns fall@5.000ns period=10.000ns})
  Destination:            led[2]
                            (output port clocked by virtual_clock  {rise@0.000ns fall@5.000ns period=10.000ns})
  Path Group:             virtual_clock
  Path Type:              Min at Fast Process Corner
  Requirement:            0.000ns  (virtual_clock rise@0.000ns - clk_pin rise@0.000ns)
  Data Path Delay:        1.695ns  (logic 1.343ns (79.218%)  route 0.352ns (20.782%))
  Logic Levels:           1  (OBUF=1)
  Output Delay:           -2.000ns
  Clock Path Skew:        -1.474ns (DCD - SCD - CPR)
    Destination Clock Delay (DCD):    0.000ns
    Source Clock Delay      (SCD):    1.474ns
    Clock Pessimism Removal (CPR):    -0.000ns
  Clock Uncertainty:      0.025ns  ((TSJ^2 + TIJ^2)^1/2 + DJ) / 2 + PE
    Total System Jitter     (TSJ):    0.050ns
    Total Input Jitter      (TIJ):    0.000ns
    Discrete Jitter          (DJ):    0.000ns
    Phase Error              (PE):    0.000ns
  Clock Domain Crossing:  Inter clock paths are considered valid unless explicitly excluded by timing constraints such as set_clock_groups or set_false_path.

    Location             Delay type                Incr(ns)  Path(ns)    Netlist Resource(s)
  -------------------------------------------------------------------    -------------------
                         (clock clk_pin rise edge)    0.000     0.000 r  
    W5                                                0.000     0.000 r  clk (IN)
                         net (fo=0)                   0.000     0.000    clk
    W5                   IBUF (Prop_ibuf_I_O)         0.226     0.226 r  clk_IBUF_inst/O
                         net (fo=1, routed)           0.631     0.858    clk_IBUF
    BUFGCTRL_X0Y0        BUFG (Prop_bufg_I_O)         0.026     0.884 r  clk_IBUF_BUFG_inst/O
                         net (fo=165, routed)         0.591     1.474    clk_IBUF_BUFG
    SLICE_X0Y15          FDRE                                         r  led_reg[2]_lopt_replica/C
  -------------------------------------------------------------------    -------------------
    SLICE_X0Y15          FDRE (Prop_fdre_C_Q)         0.141     1.615 r  led_reg[2]_lopt_replica/Q
                         net (fo=1, routed)           0.352     1.967    led_reg[2]_lopt_replica_1
    U19                  OBUF (Prop_obuf_I_O)         1.202     3.170 r  led_OBUF[2]_inst/O
                         net (fo=0)                   0.000     3.170    led[2]
    U19                                                               r  led[2] (OUT)
  -------------------------------------------------------------------    -------------------

                         (clock virtual_clock rise edge)
                                                      0.000     0.000 r  
                         ideal clock network latency
                                                      0.000     0.000    
                         clock pessimism              0.000     0.000    
                         clock uncertainty            0.025     0.025    
                         output delay                 2.000     2.025    
  -------------------------------------------------------------------
                         required time                         -2.025    
                         arrival time                           3.170    
  -------------------------------------------------------------------
                         slack                                  1.145    

Slack (MET) :             1.150ns  (arrival time - required time)
  Source:                 led_reg[0]_lopt_replica/C
                            (rising edge-triggered cell FDRE clocked by clk_pin  {rise@0.000ns fall@5.000ns period=10.000ns})
  Destination:            led[0]
                            (output port clocked by virtual_clock  {rise@0.000ns fall@5.000ns period=10.000ns})
  Path Group:             virtual_clock
  Path Type:              Min at Fast Process Corner
  Requirement:            0.000ns  (virtual_clock rise@0.000ns - clk_pin rise@0.000ns)
  Data Path Delay:        1.697ns  (logic 1.370ns (80.710%)  route 0.327ns (19.290%))
  Logic Levels:           1  (OBUF=1)
  Output Delay:           -2.000ns
  Clock Path Skew:        -1.478ns (DCD - SCD - CPR)
    Destination Clock Delay (DCD):    0.000ns
    Source Clock Delay      (SCD):    1.478ns
    Clock Pessimism Removal (CPR):    -0.000ns
  Clock Uncertainty:      0.025ns  ((TSJ^2 + TIJ^2)^1/2 + DJ) / 2 + PE
    Total System Jitter     (TSJ):    0.050ns
    Total Input Jitter      (TIJ):    0.000ns
    Discrete Jitter          (DJ):    0.000ns
    Phase Error              (PE):    0.000ns
  Clock Domain Crossing:  Inter clock paths are considered valid unless explicitly excluded by timing constraints such as set_clock_groups or set_false_path.

    Location             Delay type                Incr(ns)  Path(ns)    Netlist Resource(s)
  -------------------------------------------------------------------    -------------------
                         (clock clk_pin rise edge)    0.000     0.000 r  
    W5                                                0.000     0.000 r  clk (IN)
                         net (fo=0)                   0.000     0.000    clk
    W5                   IBUF (Prop_ibuf_I_O)         0.226     0.226 r  clk_IBUF_inst/O
                         net (fo=1, routed)           0.631     0.858    clk_IBUF
    BUFGCTRL_X0Y0        BUFG (Prop_bufg_I_O)         0.026     0.884 r  clk_IBUF_BUFG_inst/O
                         net (fo=165, routed)         0.595     1.478    clk_IBUF_BUFG
    SLICE_X2Y3           FDRE                                         r  led_reg[0]_lopt_replica/C
  -------------------------------------------------------------------    -------------------
    SLICE_X2Y3           FDRE (Prop_fdre_C_Q)         0.164     1.642 r  led_reg[0]_lopt_replica/Q
                         net (fo=1, routed)           0.327     1.970    led_reg[0]_lopt_replica_1
    U16                  OBUF (Prop_obuf_I_O)         1.206     3.175 r  led_OBUF[0]_inst/O
                         net (fo=0)                   0.000     3.175    led[0]
    U16                                                               r  led[0] (OUT)
  -------------------------------------------------------------------    -------------------

                         (clock virtual_clock rise edge)
                                                      0.000     0.000 r  
                         ideal clock network latency
                                                      0.000     0.000    
                         clock pessimism              0.000     0.000    
                         clock uncertainty            0.025     0.025    
                         output delay                 2.000     2.025    
  -------------------------------------------------------------------
                         required time                         -2.025    
                         arrival time                           3.175    
  -------------------------------------------------------------------
                         slack                                  1.150    

Slack (MET) :             1.167ns  (arrival time - required time)
  Source:                 led_reg[7]_lopt_replica/C
                            (rising edge-triggered cell FDRE clocked by clk_pin  {rise@0.000ns fall@5.000ns period=10.000ns})
  Destination:            led[7]
                            (output port clocked by virtual_clock  {rise@0.000ns fall@5.000ns period=10.000ns})
  Path Group:             virtual_clock
  Path Type:              Min at Fast Process Corner
  Requirement:            0.000ns  (virtual_clock rise@0.000ns - clk_pin rise@0.000ns)
  Data Path Delay:        1.714ns  (logic 1.366ns (79.700%)  route 0.348ns (20.300%))
  Logic Levels:           1  (OBUF=1)
  Output Delay:           -2.000ns
  Clock Path Skew:        -1.478ns (DCD - SCD - CPR)
    Destination Clock Delay (DCD):    0.000ns
    Source Clock Delay      (SCD):    1.478ns
    Clock Pessimism Removal (CPR):    -0.000ns
  Clock Uncertainty:      0.025ns  ((TSJ^2 + TIJ^2)^1/2 + DJ) / 2 + PE
    Total System Jitter     (TSJ):    0.050ns
    Total Input Jitter      (TIJ):    0.000ns
    Discrete Jitter          (DJ):    0.000ns
    Phase Error              (PE):    0.000ns
  Clock Domain Crossing:  Inter clock paths are considered valid unless explicitly excluded by timing constraints such as set_clock_groups or set_false_path.

    Location             Delay type                Incr(ns)  Path(ns)    Netlist Resource(s)
  -------------------------------------------------------------------    -------------------
                         (clock clk_pin rise edge)    0.000     0.000 r  
    W5                                                0.000     0.000 r  clk (IN)
                         net (fo=0)                   0.000     0.000    clk
    W5                   IBUF (Prop_ibuf_I_O)         0.226     0.226 r  clk_IBUF_inst/O
                         net (fo=1, routed)           0.631     0.858    clk_IBUF
    BUFGCTRL_X0Y0        BUFG (Prop_bufg_I_O)         0.026     0.884 r  clk_IBUF_BUFG_inst/O
                         net (fo=165, routed)         0.595     1.478    clk_IBUF_BUFG
    SLICE_X2Y3           FDRE                                         r  led_reg[7]_lopt_replica/C
  -------------------------------------------------------------------    -------------------
    SLICE_X2Y3           FDRE (Prop_fdre_C_Q)         0.164     1.642 r  led_reg[7]_lopt_replica/Q
                         net (fo=1, routed)           0.348     1.990    led_reg[7]_lopt_replica_1
    V14                  OBUF (Prop_obuf_I_O)         1.202     3.192 r  led_OBUF[7]_inst/O
                         net (fo=0)                   0.000     3.192    led[7]
    V14                                                               r  led[7] (OUT)
  -------------------------------------------------------------------    -------------------

                         (clock virtual_clock rise edge)
                                                      0.000     0.000 r  
                         ideal clock network latency
                                                      0.000     0.000    
                         clock pessimism              0.000     0.000    
                         clock uncertainty            0.025     0.025    
                         output delay                 2.000     2.025    
  -------------------------------------------------------------------
                         required time                         -2.025    
                         arrival time                           3.192    
  -------------------------------------------------------------------
                         slack                                  1.167    

Slack (MET) :             1.183ns  (arrival time - required time)
  Source:                 led_reg[5]_lopt_replica/C
                            (rising edge-triggered cell FDRE clocked by clk_pin  {rise@0.000ns fall@5.000ns period=10.000ns})
  Destination:            led[5]
                            (output port clocked by virtual_clock  {rise@0.000ns fall@5.000ns period=10.000ns})
  Path Group:             virtual_clock
  Path Type:              Min at Fast Process Corner
  Requirement:            0.000ns  (virtual_clock rise@0.000ns - clk_pin rise@0.000ns)
  Data Path Delay:        1.730ns  (logic 1.380ns (79.762%)  route 0.350ns (20.238%))
  Logic Levels:           1  (OBUF=1)
  Output Delay:           -2.000ns
  Clock Path Skew:        -1.478ns (DCD - SCD - CPR)
    Destination Clock Delay (DCD):    0.000ns
    Source Clock Delay      (SCD):    1.478ns
    Clock Pessimism Removal (CPR):    -0.000ns
  Clock Uncertainty:      0.025ns  ((TSJ^2 + TIJ^2)^1/2 + DJ) / 2 + PE
    Total System Jitter     (TSJ):    0.050ns
    Total Input Jitter      (TIJ):    0.000ns
    Discrete Jitter          (DJ):    0.000ns
    Phase Error              (PE):    0.000ns
  Clock Domain Crossing:  Inter clock paths are considered valid unless explicitly excluded by timing constraints such as set_clock_groups or set_false_path.

    Location             Delay type                Incr(ns)  Path(ns)    Netlist Resource(s)
  -------------------------------------------------------------------    -------------------
                         (clock clk_pin rise edge)    0.000     0.000 r  
    W5                                                0.000     0.000 r  clk (IN)
                         net (fo=0)                   0.000     0.000    clk
    W5                   IBUF (Prop_ibuf_I_O)         0.226     0.226 r  clk_IBUF_inst/O
                         net (fo=1, routed)           0.631     0.858    clk_IBUF
    BUFGCTRL_X0Y0        BUFG (Prop_bufg_I_O)         0.026     0.884 r  clk_IBUF_BUFG_inst/O
                         net (fo=165, routed)         0.595     1.478    clk_IBUF_BUFG
    SLICE_X2Y6           FDRE                                         r  led_reg[5]_lopt_replica/C
  -------------------------------------------------------------------    -------------------
    SLICE_X2Y6           FDRE (Prop_fdre_C_Q)         0.164     1.642 r  led_reg[5]_lopt_replica/Q
                         net (fo=1, routed)           0.350     1.992    led_reg[5]_lopt_replica_1
    U15                  OBUF (Prop_obuf_I_O)         1.216     3.208 r  led_OBUF[5]_inst/O
                         net (fo=0)                   0.000     3.208    led[5]
    U15                                                               r  led[5] (OUT)
  -------------------------------------------------------------------    -------------------

                         (clock virtual_clock rise edge)
                                                      0.000     0.000 r  
                         ideal clock network latency
                                                      0.000     0.000    
                         clock pessimism              0.000     0.000    
                         clock uncertainty            0.025     0.025    
                         output delay                 2.000     2.025    
  -------------------------------------------------------------------
                         required time                         -2.025    
                         arrival time                           3.208    
  -------------------------------------------------------------------
                         slack                                  1.183    

Slack (MET) :             1.196ns  (arrival time - required time)
  Source:                 led_reg[6]_lopt_replica/C
                            (rising edge-triggered cell FDRE clocked by clk_pin  {rise@0.000ns fall@5.000ns period=10.000ns})
  Destination:            led[6]
                            (output port clocked by virtual_clock  {rise@0.000ns fall@5.000ns period=10.000ns})
  Path Group:             virtual_clock
  Path Type:              Min at Fast Process Corner
  Requirement:            0.000ns  (virtual_clock rise@0.000ns - clk_pin rise@0.000ns)
  Data Path Delay:        1.743ns  (logic 1.371ns (78.682%)  route 0.372ns (21.318%))
  Logic Levels:           1  (OBUF=1)
  Output Delay:           -2.000ns
  Clock Path Skew:        -1.478ns (DCD - SCD - CPR)
    Destination Clock Delay (DCD):    0.000ns
    Source Clock Delay      (SCD):    1.478ns
    Clock Pessimism Removal (CPR):    -0.000ns
  Clock Uncertainty:      0.025ns  ((TSJ^2 + TIJ^2)^1/2 + DJ) / 2 + PE
    Total System Jitter     (TSJ):    0.050ns
    Total Input Jitter      (TIJ):    0.000ns
    Discrete Jitter          (DJ):    0.000ns
    Phase Error              (PE):    0.000ns
  Clock Domain Crossing:  Inter clock paths are considered valid unless explicitly excluded by timing constraints such as set_clock_groups or set_false_path.

    Location             Delay type                Incr(ns)  Path(ns)    Netlist Resource(s)
  -------------------------------------------------------------------    -------------------
                         (clock clk_pin rise edge)    0.000     0.000 r  
    W5                                                0.000     0.000 r  clk (IN)
                         net (fo=0)                   0.000     0.000    clk
    W5                   IBUF (Prop_ibuf_I_O)         0.226     0.226 r  clk_IBUF_inst/O
                         net (fo=1, routed)           0.631     0.858    clk_IBUF
    BUFGCTRL_X0Y0        BUFG (Prop_bufg_I_O)         0.026     0.884 r  clk_IBUF_BUFG_inst/O
                         net (fo=165, routed)         0.595     1.478    clk_IBUF_BUFG
    SLICE_X2Y3           FDRE                                         r  led_reg[6]_lopt_replica/C
  -------------------------------------------------------------------    -------------------
    SLICE_X2Y3           FDRE (Prop_fdre_C_Q)         0.164     1.642 r  led_reg[6]_lopt_replica/Q
                         net (fo=1, routed)           0.372     2.014    led_reg[6]_lopt_replica_1
    U14                  OBUF (Prop_obuf_I_O)         1.207     3.221 r  led_OBUF[6]_inst/O
                         net (fo=0)                   0.000     3.221    led[6]
    U14                                                               r  led[6] (OUT)
  -------------------------------------------------------------------    -------------------

                         (clock virtual_clock rise edge)
                                                      0.000     0.000 r  
                         ideal clock network latency
                                                      0.000     0.000    
                         clock pessimism              0.000     0.000    
                         clock uncertainty            0.025     0.025    
                         output delay                 2.000     2.025    
  -------------------------------------------------------------------
                         required time                         -2.025    
                         arrival time                           3.221    
  -------------------------------------------------------------------
                         slack                                  1.196    

Slack (MET) :             1.204ns  (arrival time - required time)
  Source:                 led_reg[4]_lopt_replica/C
                            (rising edge-triggered cell FDRE clocked by clk_pin  {rise@0.000ns fall@5.000ns period=10.000ns})
  Destination:            led[4]
                            (output port clocked by virtual_clock  {rise@0.000ns fall@5.000ns period=10.000ns})
  Path Group:             virtual_clock
  Path Type:              Min at Fast Process Corner
  Requirement:            0.000ns  (virtual_clock rise@0.000ns - clk_pin rise@0.000ns)
  Data Path Delay:        1.753ns  (logic 1.351ns (77.059%)  route 0.402ns (22.941%))
  Logic Levels:           1  (OBUF=1)
  Output Delay:           -2.000ns
  Clock Path Skew:        -1.476ns (DCD - SCD - CPR)
    Destination Clock Delay (DCD):    0.000ns
    Source Clock Delay      (SCD):    1.476ns
    Clock Pessimism Removal (CPR):    -0.000ns
  Clock Uncertainty:      0.025ns  ((TSJ^2 + TIJ^2)^1/2 + DJ) / 2 + PE
    Total System Jitter     (TSJ):    0.050ns
    Total Input Jitter      (TIJ):    0.000ns
    Discrete Jitter          (DJ):    0.000ns
    Phase Error              (PE):    0.000ns
  Clock Domain Crossing:  Inter clock paths are considered valid unless explicitly excluded by timing constraints such as set_clock_groups or set_false_path.

    Location             Delay type                Incr(ns)  Path(ns)    Netlist Resource(s)
  -------------------------------------------------------------------    -------------------
                         (clock clk_pin rise edge)    0.000     0.000 r  
    W5                                                0.000     0.000 r  clk (IN)
                         net (fo=0)                   0.000     0.000    clk
    W5                   IBUF (Prop_ibuf_I_O)         0.226     0.226 r  clk_IBUF_inst/O
                         net (fo=1, routed)           0.631     0.858    clk_IBUF
    BUFGCTRL_X0Y0        BUFG (Prop_bufg_I_O)         0.026     0.884 r  clk_IBUF_BUFG_inst/O
                         net (fo=165, routed)         0.593     1.476    clk_IBUF_BUFG
    SLICE_X1Y11          FDRE                                         r  led_reg[4]_lopt_replica/C
  -------------------------------------------------------------------    -------------------
    SLICE_X1Y11          FDRE (Prop_fdre_C_Q)         0.141     1.617 r  led_reg[4]_lopt_replica/Q
                         net (fo=1, routed)           0.402     2.019    led_reg[4]_lopt_replica_1
    W18                  OBUF (Prop_obuf_I_O)         1.210     3.229 r  led_OBUF[4]_inst/O
                         net (fo=0)                   0.000     3.229    led[4]
    W18                                                               r  led[4] (OUT)
  -------------------------------------------------------------------    -------------------

                         (clock virtual_clock rise edge)
                                                      0.000     0.000 r  
                         ideal clock network latency
                                                      0.000     0.000    
                         clock pessimism              0.000     0.000    
                         clock uncertainty            0.025     0.025    
                         output delay                 2.000     2.025    
  -------------------------------------------------------------------
                         required time                         -2.025    
                         arrival time                           3.229    
  -------------------------------------------------------------------
                         slack                                  1.204    

Slack (MET) :             1.212ns  (arrival time - required time)
  Source:                 led_reg[3]_lopt_replica/C
                            (rising edge-triggered cell FDRE clocked by clk_pin  {rise@0.000ns fall@5.000ns period=10.000ns})
  Destination:            led[3]
                            (output port clocked by virtual_clock  {rise@0.000ns fall@5.000ns period=10.000ns})
  Path Group:             virtual_clock
  Path Type:              Min at Fast Process Corner
  Requirement:            0.000ns  (virtual_clock rise@0.000ns - clk_pin rise@0.000ns)
  Data Path Delay:        1.762ns  (logic 1.351ns (76.662%)  route 0.411ns (23.338%))
  Logic Levels:           1  (OBUF=1)
  Output Delay:           -2.000ns
  Clock Path Skew:        -1.474ns (DCD - SCD - CPR)
    Destination Clock Delay (DCD):    0.000ns
    Source Clock Delay      (SCD):    1.474ns
    Clock Pessimism Removal (CPR):    -0.000ns
  Clock Uncertainty:      0.025ns  ((TSJ^2 + TIJ^2)^1/2 + DJ) / 2 + PE
    Total System Jitter     (TSJ):    0.050ns
    Total Input Jitter      (TIJ):    0.000ns
    Discrete Jitter          (DJ):    0.000ns
    Phase Error              (PE):    0.000ns
  Clock Domain Crossing:  Inter clock paths are considered valid unless explicitly excluded by timing constraints such as set_clock_groups or set_false_path.

    Location             Delay type                Incr(ns)  Path(ns)    Netlist Resource(s)
  -------------------------------------------------------------------    -------------------
                         (clock clk_pin rise edge)    0.000     0.000 r  
    W5                                                0.000     0.000 r  clk (IN)
                         net (fo=0)                   0.000     0.000    clk
    W5                   IBUF (Prop_ibuf_I_O)         0.226     0.226 r  clk_IBUF_inst/O
                         net (fo=1, routed)           0.631     0.858    clk_IBUF
    BUFGCTRL_X0Y0        BUFG (Prop_bufg_I_O)         0.026     0.884 r  clk_IBUF_BUFG_inst/O
                         net (fo=165, routed)         0.591     1.474    clk_IBUF_BUFG
    SLICE_X0Y15          FDRE                                         r  led_reg[3]_lopt_replica/C
  -------------------------------------------------------------------    -------------------
    SLICE_X0Y15          FDRE (Prop_fdre_C_Q)         0.141     1.615 r  led_reg[3]_lopt_replica/Q
                         net (fo=1, routed)           0.411     2.026    led_reg[3]_lopt_replica_1
    V19                  OBUF (Prop_obuf_I_O)         1.210     3.237 r  led_OBUF[3]_inst/O
                         net (fo=0)                   0.000     3.237    led[3]
    V19                                                               r  led[3] (OUT)
  -------------------------------------------------------------------    -------------------

                         (clock virtual_clock rise edge)
                                                      0.000     0.000 r  
                         ideal clock network latency
                                                      0.000     0.000    
                         clock pessimism              0.000     0.000    
                         clock uncertainty            0.025     0.025    
                         output delay                 2.000     2.025    
  -------------------------------------------------------------------
                         required time                         -2.025    
                         arrival time                           3.237    
  -------------------------------------------------------------------
                         slack                                  1.212    





---------------------------------------------------------------------------------------------------
Path Group:  **async_default**
From Clock:  clk_pin
  To Clock:  clk_pin

Setup :            0  Failing Endpoints,  Worst Slack        6.453ns,  Total Violation        0.000ns
Hold  :            0  Failing Endpoints,  Worst Slack        0.087ns,  Total Violation        0.000ns
---------------------------------------------------------------------------------------------------


Max Delay Paths
--------------------------------------------------------------------------------------
Slack (MET) :             6.453ns  (required time - arrival time)
  Source:                 reset
                            (input port clocked by clk_pin  {rise@0.000ns fall@5.000ns period=10.000ns})
  Destination:            clock30/counter_reg[17]/CLR
                            (recovery check against rising-edge clock clk_pin  {rise@0.000ns fall@5.000ns period=10.000ns})
  Path Group:             **async_default**
  Path Type:              Recovery (Max at Slow Process Corner)
  Requirement:            10.000ns  (clk_pin rise@10.000ns - clk_pin rise@0.000ns)
  Data Path Delay:        6.465ns  (logic 1.441ns (22.293%)  route 5.024ns (77.707%))
  Logic Levels:           1  (IBUF=1)
  Input Delay:            1.500ns
  Clock Path Skew:        4.858ns (DCD - SCD + CPR)
    Destination Clock Delay (DCD):    4.858ns = ( 14.858 - 10.000 ) 
    Source Clock Delay      (SCD):    0.000ns
    Clock Pessimism Removal (CPR):    0.000ns
  Clock Uncertainty:      0.035ns  ((TSJ^2 + TIJ^2)^1/2 + DJ) / 2 + PE
    Total System Jitter     (TSJ):    0.071ns
    Total Input Jitter      (TIJ):    0.000ns
    Discrete Jitter          (DJ):    0.000ns
    Phase Error              (PE):    0.000ns

    Location             Delay type                Incr(ns)  Path(ns)    Netlist Resource(s)
  -------------------------------------------------------------------    -------------------
                         (clock clk_pin rise edge)    0.000     0.000 r  
                         input delay                  1.500     1.500    
    U18                                               0.000     1.500 f  reset (IN)
                         net (fo=0)                   0.000     1.500    reset
    U18                  IBUF (Prop_ibuf_I_O)         1.441     2.941 f  reset_IBUF_inst/O
                         net (fo=21, routed)          5.024     7.965    clock30/AR[0]
    SLICE_X3Y10          FDCE                                         f  clock30/counter_reg[17]/CLR
  -------------------------------------------------------------------    -------------------

                         (clock clk_pin rise edge)   10.000    10.000 r  
    W5                                                0.000    10.000 r  clk (IN)
                         net (fo=0)                   0.000    10.000    clk
    W5                   IBUF (Prop_ibuf_I_O)         1.388    11.388 r  clk_IBUF_inst/O
                         net (fo=1, routed)           1.862    13.250    clk_IBUF
    BUFGCTRL_X0Y0        BUFG (Prop_bufg_I_O)         0.091    13.341 r  clk_IBUF_BUFG_inst/O
                         net (fo=165, routed)         1.517    14.858    clock30/sclockdiv_reg_0
    SLICE_X3Y10          FDCE                                         r  clock30/counter_reg[17]/C
                         clock pessimism              0.000    14.858    
                         clock uncertainty           -0.035    14.823    
    SLICE_X3Y10          FDCE (Recov_fdce_C_CLR)     -0.405    14.418    clock30/counter_reg[17]
  -------------------------------------------------------------------
                         required time                         14.418    
                         arrival time                          -7.965    
  -------------------------------------------------------------------
                         slack                                  6.453    

Slack (MET) :             6.453ns  (required time - arrival time)
  Source:                 reset
                            (input port clocked by clk_pin  {rise@0.000ns fall@5.000ns period=10.000ns})
  Destination:            clock30/counter_reg[18]/CLR
                            (recovery check against rising-edge clock clk_pin  {rise@0.000ns fall@5.000ns period=10.000ns})
  Path Group:             **async_default**
  Path Type:              Recovery (Max at Slow Process Corner)
  Requirement:            10.000ns  (clk_pin rise@10.000ns - clk_pin rise@0.000ns)
  Data Path Delay:        6.465ns  (logic 1.441ns (22.293%)  route 5.024ns (77.707%))
  Logic Levels:           1  (IBUF=1)
  Input Delay:            1.500ns
  Clock Path Skew:        4.858ns (DCD - SCD + CPR)
    Destination Clock Delay (DCD):    4.858ns = ( 14.858 - 10.000 ) 
    Source Clock Delay      (SCD):    0.000ns
    Clock Pessimism Removal (CPR):    0.000ns
  Clock Uncertainty:      0.035ns  ((TSJ^2 + TIJ^2)^1/2 + DJ) / 2 + PE
    Total System Jitter     (TSJ):    0.071ns
    Total Input Jitter      (TIJ):    0.000ns
    Discrete Jitter          (DJ):    0.000ns
    Phase Error              (PE):    0.000ns

    Location             Delay type                Incr(ns)  Path(ns)    Netlist Resource(s)
  -------------------------------------------------------------------    -------------------
                         (clock clk_pin rise edge)    0.000     0.000 r  
                         input delay                  1.500     1.500    
    U18                                               0.000     1.500 f  reset (IN)
                         net (fo=0)                   0.000     1.500    reset
    U18                  IBUF (Prop_ibuf_I_O)         1.441     2.941 f  reset_IBUF_inst/O
                         net (fo=21, routed)          5.024     7.965    clock30/AR[0]
    SLICE_X3Y10          FDCE                                         f  clock30/counter_reg[18]/CLR
  -------------------------------------------------------------------    -------------------

                         (clock clk_pin rise edge)   10.000    10.000 r  
    W5                                                0.000    10.000 r  clk (IN)
                         net (fo=0)                   0.000    10.000    clk
    W5                   IBUF (Prop_ibuf_I_O)         1.388    11.388 r  clk_IBUF_inst/O
                         net (fo=1, routed)           1.862    13.250    clk_IBUF
    BUFGCTRL_X0Y0        BUFG (Prop_bufg_I_O)         0.091    13.341 r  clk_IBUF_BUFG_inst/O
                         net (fo=165, routed)         1.517    14.858    clock30/sclockdiv_reg_0
    SLICE_X3Y10          FDCE                                         r  clock30/counter_reg[18]/C
                         clock pessimism              0.000    14.858    
                         clock uncertainty           -0.035    14.823    
    SLICE_X3Y10          FDCE (Recov_fdce_C_CLR)     -0.405    14.418    clock30/counter_reg[18]
  -------------------------------------------------------------------
                         required time                         14.418    
                         arrival time                          -7.965    
  -------------------------------------------------------------------
                         slack                                  6.453    

Slack (MET) :             7.487ns  (required time - arrival time)
  Source:                 reset
                            (input port clocked by clk_pin  {rise@0.000ns fall@5.000ns period=10.000ns})
  Destination:            clock30/counter_reg[5]/CLR
                            (recovery check against rising-edge clock clk_pin  {rise@0.000ns fall@5.000ns period=10.000ns})
  Path Group:             **async_default**
  Path Type:              Recovery (Max at Fast Process Corner)
  Requirement:            10.000ns  (clk_pin rise@10.000ns - clk_pin rise@0.000ns)
  Data Path Delay:        2.300ns  (logic 0.397ns (17.261%)  route 1.903ns (82.739%))
  Logic Levels:           1  (IBUF=1)
  Input Delay:            1.500ns
  Clock Path Skew:        1.475ns (DCD - SCD + CPR)
    Destination Clock Delay (DCD):    1.475ns = ( 11.475 - 10.000 ) 
    Source Clock Delay      (SCD):    0.000ns
    Clock Pessimism Removal (CPR):    0.000ns
  Clock Uncertainty:      0.035ns  ((TSJ^2 + TIJ^2)^1/2 + DJ) / 2 + PE
    Total System Jitter     (TSJ):    0.071ns
    Total Input Jitter      (TIJ):    0.000ns
    Discrete Jitter          (DJ):    0.000ns
    Phase Error              (PE):    0.000ns

    Location             Delay type                Incr(ns)  Path(ns)    Netlist Resource(s)
  -------------------------------------------------------------------    -------------------
                         (clock clk_pin rise edge)    0.000     0.000 r  
                         input delay                  1.500     1.500    
    U18                                               0.000     1.500 f  reset (IN)
                         net (fo=0)                   0.000     1.500    reset
    U18                  IBUF (Prop_ibuf_I_O)         0.397     1.897 f  reset_IBUF_inst/O
                         net (fo=21, routed)          1.903     3.800    clock30/AR[0]
    SLICE_X4Y7           FDCE                                         f  clock30/counter_reg[5]/CLR
  -------------------------------------------------------------------    -------------------

                         (clock clk_pin rise edge)   10.000    10.000 r  
    W5                                                0.000    10.000 r  clk (IN)
                         net (fo=0)                   0.000    10.000    clk
    W5                   IBUF (Prop_ibuf_I_O)         0.226    10.226 r  clk_IBUF_inst/O
                         net (fo=1, routed)           0.631    10.858    clk_IBUF
    BUFGCTRL_X0Y0        BUFG (Prop_bufg_I_O)         0.026    10.884 r  clk_IBUF_BUFG_inst/O
                         net (fo=165, routed)         0.592    11.475    clock30/sclockdiv_reg_0
    SLICE_X4Y7           FDCE                                         r  clock30/counter_reg[5]/C
                         clock pessimism              0.000    11.475    
                         clock uncertainty           -0.035    11.440    
    SLICE_X4Y7           FDCE (Recov_fdce_C_CLR)     -0.153    11.287    clock30/counter_reg[5]
  -------------------------------------------------------------------
                         required time                         11.287    
                         arrival time                          -3.800    
  -------------------------------------------------------------------
                         slack                                  7.487    

Slack (MET) :             7.487ns  (required time - arrival time)
  Source:                 reset
                            (input port clocked by clk_pin  {rise@0.000ns fall@5.000ns period=10.000ns})
  Destination:            clock30/counter_reg[7]/CLR
                            (recovery check against rising-edge clock clk_pin  {rise@0.000ns fall@5.000ns period=10.000ns})
  Path Group:             **async_default**
  Path Type:              Recovery (Max at Fast Process Corner)
  Requirement:            10.000ns  (clk_pin rise@10.000ns - clk_pin rise@0.000ns)
  Data Path Delay:        2.300ns  (logic 0.397ns (17.261%)  route 1.903ns (82.739%))
  Logic Levels:           1  (IBUF=1)
  Input Delay:            1.500ns
  Clock Path Skew:        1.475ns (DCD - SCD + CPR)
    Destination Clock Delay (DCD):    1.475ns = ( 11.475 - 10.000 ) 
    Source Clock Delay      (SCD):    0.000ns
    Clock Pessimism Removal (CPR):    0.000ns
  Clock Uncertainty:      0.035ns  ((TSJ^2 + TIJ^2)^1/2 + DJ) / 2 + PE
    Total System Jitter     (TSJ):    0.071ns
    Total Input Jitter      (TIJ):    0.000ns
    Discrete Jitter          (DJ):    0.000ns
    Phase Error              (PE):    0.000ns

    Location             Delay type                Incr(ns)  Path(ns)    Netlist Resource(s)
  -------------------------------------------------------------------    -------------------
                         (clock clk_pin rise edge)    0.000     0.000 r  
                         input delay                  1.500     1.500    
    U18                                               0.000     1.500 f  reset (IN)
                         net (fo=0)                   0.000     1.500    reset
    U18                  IBUF (Prop_ibuf_I_O)         0.397     1.897 f  reset_IBUF_inst/O
                         net (fo=21, routed)          1.903     3.800    clock30/AR[0]
    SLICE_X4Y7           FDCE                                         f  clock30/counter_reg[7]/CLR
  -------------------------------------------------------------------    -------------------

                         (clock clk_pin rise edge)   10.000    10.000 r  
    W5                                                0.000    10.000 r  clk (IN)
                         net (fo=0)                   0.000    10.000    clk
    W5                   IBUF (Prop_ibuf_I_O)         0.226    10.226 r  clk_IBUF_inst/O
                         net (fo=1, routed)           0.631    10.858    clk_IBUF
    BUFGCTRL_X0Y0        BUFG (Prop_bufg_I_O)         0.026    10.884 r  clk_IBUF_BUFG_inst/O
                         net (fo=165, routed)         0.592    11.475    clock30/sclockdiv_reg_0
    SLICE_X4Y7           FDCE                                         r  clock30/counter_reg[7]/C
                         clock pessimism              0.000    11.475    
                         clock uncertainty           -0.035    11.440    
    SLICE_X4Y7           FDCE (Recov_fdce_C_CLR)     -0.153    11.287    clock30/counter_reg[7]
  -------------------------------------------------------------------
                         required time                         11.287    
                         arrival time                          -3.800    
  -------------------------------------------------------------------
                         slack                                  7.487    

Slack (MET) :             7.529ns  (required time - arrival time)
  Source:                 reset
                            (input port clocked by clk_pin  {rise@0.000ns fall@5.000ns period=10.000ns})
  Destination:            clock30/counter_reg[11]/CLR
                            (recovery check against rising-edge clock clk_pin  {rise@0.000ns fall@5.000ns period=10.000ns})
  Path Group:             **async_default**
  Path Type:              Recovery (Max at Fast Process Corner)
  Requirement:            10.000ns  (clk_pin rise@10.000ns - clk_pin rise@0.000ns)
  Data Path Delay:        2.258ns  (logic 0.397ns (17.583%)  route 1.861ns (82.417%))
  Logic Levels:           1  (IBUF=1)
  Input Delay:            1.500ns
  Clock Path Skew:        1.475ns (DCD - SCD + CPR)
    Destination Clock Delay (DCD):    1.475ns = ( 11.475 - 10.000 ) 
    Source Clock Delay      (SCD):    0.000ns
    Clock Pessimism Removal (CPR):    0.000ns
  Clock Uncertainty:      0.035ns  ((TSJ^2 + TIJ^2)^1/2 + DJ) / 2 + PE
    Total System Jitter     (TSJ):    0.071ns
    Total Input Jitter      (TIJ):    0.000ns
    Discrete Jitter          (DJ):    0.000ns
    Phase Error              (PE):    0.000ns

    Location             Delay type                Incr(ns)  Path(ns)    Netlist Resource(s)
  -------------------------------------------------------------------    -------------------
                         (clock clk_pin rise edge)    0.000     0.000 r  
                         input delay                  1.500     1.500    
    U18                                               0.000     1.500 f  reset (IN)
                         net (fo=0)                   0.000     1.500    reset
    U18                  IBUF (Prop_ibuf_I_O)         0.397     1.897 f  reset_IBUF_inst/O
                         net (fo=21, routed)          1.861     3.758    clock30/AR[0]
    SLICE_X4Y8           FDCE                                         f  clock30/counter_reg[11]/CLR
  -------------------------------------------------------------------    -------------------

                         (clock clk_pin rise edge)   10.000    10.000 r  
    W5                                                0.000    10.000 r  clk (IN)
                         net (fo=0)                   0.000    10.000    clk
    W5                   IBUF (Prop_ibuf_I_O)         0.226    10.226 r  clk_IBUF_inst/O
                         net (fo=1, routed)           0.631    10.858    clk_IBUF
    BUFGCTRL_X0Y0        BUFG (Prop_bufg_I_O)         0.026    10.884 r  clk_IBUF_BUFG_inst/O
                         net (fo=165, routed)         0.592    11.475    clock30/sclockdiv_reg_0
    SLICE_X4Y8           FDCE                                         r  clock30/counter_reg[11]/C
                         clock pessimism              0.000    11.475    
                         clock uncertainty           -0.035    11.440    
    SLICE_X4Y8           FDCE (Recov_fdce_C_CLR)     -0.153    11.287    clock30/counter_reg[11]
  -------------------------------------------------------------------
                         required time                         11.287    
                         arrival time                          -3.758    
  -------------------------------------------------------------------
                         slack                                  7.529    

Slack (MET) :             7.529ns  (required time - arrival time)
  Source:                 reset
                            (input port clocked by clk_pin  {rise@0.000ns fall@5.000ns period=10.000ns})
  Destination:            clock30/counter_reg[9]/CLR
                            (recovery check against rising-edge clock clk_pin  {rise@0.000ns fall@5.000ns period=10.000ns})
  Path Group:             **async_default**
  Path Type:              Recovery (Max at Fast Process Corner)
  Requirement:            10.000ns  (clk_pin rise@10.000ns - clk_pin rise@0.000ns)
  Data Path Delay:        2.258ns  (logic 0.397ns (17.583%)  route 1.861ns (82.417%))
  Logic Levels:           1  (IBUF=1)
  Input Delay:            1.500ns
  Clock Path Skew:        1.475ns (DCD - SCD + CPR)
    Destination Clock Delay (DCD):    1.475ns = ( 11.475 - 10.000 ) 
    Source Clock Delay      (SCD):    0.000ns
    Clock Pessimism Removal (CPR):    0.000ns
  Clock Uncertainty:      0.035ns  ((TSJ^2 + TIJ^2)^1/2 + DJ) / 2 + PE
    Total System Jitter     (TSJ):    0.071ns
    Total Input Jitter      (TIJ):    0.000ns
    Discrete Jitter          (DJ):    0.000ns
    Phase Error              (PE):    0.000ns

    Location             Delay type                Incr(ns)  Path(ns)    Netlist Resource(s)
  -------------------------------------------------------------------    -------------------
                         (clock clk_pin rise edge)    0.000     0.000 r  
                         input delay                  1.500     1.500    
    U18                                               0.000     1.500 f  reset (IN)
                         net (fo=0)                   0.000     1.500    reset
    U18                  IBUF (Prop_ibuf_I_O)         0.397     1.897 f  reset_IBUF_inst/O
                         net (fo=21, routed)          1.861     3.758    clock30/AR[0]
    SLICE_X4Y8           FDCE                                         f  clock30/counter_reg[9]/CLR
  -------------------------------------------------------------------    -------------------

                         (clock clk_pin rise edge)   10.000    10.000 r  
    W5                                                0.000    10.000 r  clk (IN)
                         net (fo=0)                   0.000    10.000    clk
    W5                   IBUF (Prop_ibuf_I_O)         0.226    10.226 r  clk_IBUF_inst/O
                         net (fo=1, routed)           0.631    10.858    clk_IBUF
    BUFGCTRL_X0Y0        BUFG (Prop_bufg_I_O)         0.026    10.884 r  clk_IBUF_BUFG_inst/O
                         net (fo=165, routed)         0.592    11.475    clock30/sclockdiv_reg_0
    SLICE_X4Y8           FDCE                                         r  clock30/counter_reg[9]/C
                         clock pessimism              0.000    11.475    
                         clock uncertainty           -0.035    11.440    
    SLICE_X4Y8           FDCE (Recov_fdce_C_CLR)     -0.153    11.287    clock30/counter_reg[9]
  -------------------------------------------------------------------
                         required time                         11.287    
                         arrival time                          -3.758    
  -------------------------------------------------------------------
                         slack                                  7.529    

Slack (MET) :             7.546ns  (required time - arrival time)
  Source:                 reset
                            (input port clocked by clk_pin  {rise@0.000ns fall@5.000ns period=10.000ns})
  Destination:            clock30/counter_reg[13]/CLR
                            (recovery check against rising-edge clock clk_pin  {rise@0.000ns fall@5.000ns period=10.000ns})
  Path Group:             **async_default**
  Path Type:              Recovery (Max at Slow Process Corner)
  Requirement:            10.000ns  (clk_pin rise@10.000ns - clk_pin rise@0.000ns)
  Data Path Delay:        5.372ns  (logic 1.441ns (26.831%)  route 3.931ns (73.169%))
  Logic Levels:           1  (IBUF=1)
  Input Delay:            1.500ns
  Clock Path Skew:        4.858ns (DCD - SCD + CPR)
    Destination Clock Delay (DCD):    4.858ns = ( 14.858 - 10.000 ) 
    Source Clock Delay      (SCD):    0.000ns
    Clock Pessimism Removal (CPR):    0.000ns
  Clock Uncertainty:      0.035ns  ((TSJ^2 + TIJ^2)^1/2 + DJ) / 2 + PE
    Total System Jitter     (TSJ):    0.071ns
    Total Input Jitter      (TIJ):    0.000ns
    Discrete Jitter          (DJ):    0.000ns
    Phase Error              (PE):    0.000ns

    Location             Delay type                Incr(ns)  Path(ns)    Netlist Resource(s)
  -------------------------------------------------------------------    -------------------
                         (clock clk_pin rise edge)    0.000     0.000 r  
                         input delay                  1.500     1.500    
    U18                                               0.000     1.500 f  reset (IN)
                         net (fo=0)                   0.000     1.500    reset
    U18                  IBUF (Prop_ibuf_I_O)         1.441     2.941 f  reset_IBUF_inst/O
                         net (fo=21, routed)          3.931     6.872    clock30/AR[0]
    SLICE_X3Y9           FDCE                                         f  clock30/counter_reg[13]/CLR
  -------------------------------------------------------------------    -------------------

                         (clock clk_pin rise edge)   10.000    10.000 r  
    W5                                                0.000    10.000 r  clk (IN)
                         net (fo=0)                   0.000    10.000    clk
    W5                   IBUF (Prop_ibuf_I_O)         1.388    11.388 r  clk_IBUF_inst/O
                         net (fo=1, routed)           1.862    13.250    clk_IBUF
    BUFGCTRL_X0Y0        BUFG (Prop_bufg_I_O)         0.091    13.341 r  clk_IBUF_BUFG_inst/O
                         net (fo=165, routed)         1.517    14.858    clock30/sclockdiv_reg_0
    SLICE_X3Y9           FDCE                                         r  clock30/counter_reg[13]/C
                         clock pessimism              0.000    14.858    
                         clock uncertainty           -0.035    14.823    
    SLICE_X3Y9           FDCE (Recov_fdce_C_CLR)     -0.405    14.418    clock30/counter_reg[13]
  -------------------------------------------------------------------
                         required time                         14.418    
                         arrival time                          -6.872    
  -------------------------------------------------------------------
                         slack                                  7.546    

Slack (MET) :             7.546ns  (required time - arrival time)
  Source:                 reset
                            (input port clocked by clk_pin  {rise@0.000ns fall@5.000ns period=10.000ns})
  Destination:            clock30/counter_reg[14]/CLR
                            (recovery check against rising-edge clock clk_pin  {rise@0.000ns fall@5.000ns period=10.000ns})
  Path Group:             **async_default**
  Path Type:              Recovery (Max at Slow Process Corner)
  Requirement:            10.000ns  (clk_pin rise@10.000ns - clk_pin rise@0.000ns)
  Data Path Delay:        5.372ns  (logic 1.441ns (26.831%)  route 3.931ns (73.169%))
  Logic Levels:           1  (IBUF=1)
  Input Delay:            1.500ns
  Clock Path Skew:        4.858ns (DCD - SCD + CPR)
    Destination Clock Delay (DCD):    4.858ns = ( 14.858 - 10.000 ) 
    Source Clock Delay      (SCD):    0.000ns
    Clock Pessimism Removal (CPR):    0.000ns
  Clock Uncertainty:      0.035ns  ((TSJ^2 + TIJ^2)^1/2 + DJ) / 2 + PE
    Total System Jitter     (TSJ):    0.071ns
    Total Input Jitter      (TIJ):    0.000ns
    Discrete Jitter          (DJ):    0.000ns
    Phase Error              (PE):    0.000ns

    Location             Delay type                Incr(ns)  Path(ns)    Netlist Resource(s)
  -------------------------------------------------------------------    -------------------
                         (clock clk_pin rise edge)    0.000     0.000 r  
                         input delay                  1.500     1.500    
    U18                                               0.000     1.500 f  reset (IN)
                         net (fo=0)                   0.000     1.500    reset
    U18                  IBUF (Prop_ibuf_I_O)         1.441     2.941 f  reset_IBUF_inst/O
                         net (fo=21, routed)          3.931     6.872    clock30/AR[0]
    SLICE_X3Y9           FDCE                                         f  clock30/counter_reg[14]/CLR
  -------------------------------------------------------------------    -------------------

                         (clock clk_pin rise edge)   10.000    10.000 r  
    W5                                                0.000    10.000 r  clk (IN)
                         net (fo=0)                   0.000    10.000    clk
    W5                   IBUF (Prop_ibuf_I_O)         1.388    11.388 r  clk_IBUF_inst/O
                         net (fo=1, routed)           1.862    13.250    clk_IBUF
    BUFGCTRL_X0Y0        BUFG (Prop_bufg_I_O)         0.091    13.341 r  clk_IBUF_BUFG_inst/O
                         net (fo=165, routed)         1.517    14.858    clock30/sclockdiv_reg_0
    SLICE_X3Y9           FDCE                                         r  clock30/counter_reg[14]/C
                         clock pessimism              0.000    14.858    
                         clock uncertainty           -0.035    14.823    
    SLICE_X3Y9           FDCE (Recov_fdce_C_CLR)     -0.405    14.418    clock30/counter_reg[14]
  -------------------------------------------------------------------
                         required time                         14.418    
                         arrival time                          -6.872    
  -------------------------------------------------------------------
                         slack                                  7.546    

Slack (MET) :             7.546ns  (required time - arrival time)
  Source:                 reset
                            (input port clocked by clk_pin  {rise@0.000ns fall@5.000ns period=10.000ns})
  Destination:            clock30/counter_reg[15]/CLR
                            (recovery check against rising-edge clock clk_pin  {rise@0.000ns fall@5.000ns period=10.000ns})
  Path Group:             **async_default**
  Path Type:              Recovery (Max at Slow Process Corner)
  Requirement:            10.000ns  (clk_pin rise@10.000ns - clk_pin rise@0.000ns)
  Data Path Delay:        5.372ns  (logic 1.441ns (26.831%)  route 3.931ns (73.169%))
  Logic Levels:           1  (IBUF=1)
  Input Delay:            1.500ns
  Clock Path Skew:        4.858ns (DCD - SCD + CPR)
    Destination Clock Delay (DCD):    4.858ns = ( 14.858 - 10.000 ) 
    Source Clock Delay      (SCD):    0.000ns
    Clock Pessimism Removal (CPR):    0.000ns
  Clock Uncertainty:      0.035ns  ((TSJ^2 + TIJ^2)^1/2 + DJ) / 2 + PE
    Total System Jitter     (TSJ):    0.071ns
    Total Input Jitter      (TIJ):    0.000ns
    Discrete Jitter          (DJ):    0.000ns
    Phase Error              (PE):    0.000ns

    Location             Delay type                Incr(ns)  Path(ns)    Netlist Resource(s)
  -------------------------------------------------------------------    -------------------
                         (clock clk_pin rise edge)    0.000     0.000 r  
                         input delay                  1.500     1.500    
    U18                                               0.000     1.500 f  reset (IN)
                         net (fo=0)                   0.000     1.500    reset
    U18                  IBUF (Prop_ibuf_I_O)         1.441     2.941 f  reset_IBUF_inst/O
                         net (fo=21, routed)          3.931     6.872    clock30/AR[0]
    SLICE_X3Y9           FDCE                                         f  clock30/counter_reg[15]/CLR
  -------------------------------------------------------------------    -------------------

                         (clock clk_pin rise edge)   10.000    10.000 r  
    W5                                                0.000    10.000 r  clk (IN)
                         net (fo=0)                   0.000    10.000    clk
    W5                   IBUF (Prop_ibuf_I_O)         1.388    11.388 r  clk_IBUF_inst/O
                         net (fo=1, routed)           1.862    13.250    clk_IBUF
    BUFGCTRL_X0Y0        BUFG (Prop_bufg_I_O)         0.091    13.341 r  clk_IBUF_BUFG_inst/O
                         net (fo=165, routed)         1.517    14.858    clock30/sclockdiv_reg_0
    SLICE_X3Y9           FDCE                                         r  clock30/counter_reg[15]/C
                         clock pessimism              0.000    14.858    
                         clock uncertainty           -0.035    14.823    
    SLICE_X3Y9           FDCE (Recov_fdce_C_CLR)     -0.405    14.418    clock30/counter_reg[15]
  -------------------------------------------------------------------
                         required time                         14.418    
                         arrival time                          -6.872    
  -------------------------------------------------------------------
                         slack                                  7.546    

Slack (MET) :             7.546ns  (required time - arrival time)
  Source:                 reset
                            (input port clocked by clk_pin  {rise@0.000ns fall@5.000ns period=10.000ns})
  Destination:            clock30/counter_reg[16]/CLR
                            (recovery check against rising-edge clock clk_pin  {rise@0.000ns fall@5.000ns period=10.000ns})
  Path Group:             **async_default**
  Path Type:              Recovery (Max at Slow Process Corner)
  Requirement:            10.000ns  (clk_pin rise@10.000ns - clk_pin rise@0.000ns)
  Data Path Delay:        5.372ns  (logic 1.441ns (26.831%)  route 3.931ns (73.169%))
  Logic Levels:           1  (IBUF=1)
  Input Delay:            1.500ns
  Clock Path Skew:        4.858ns (DCD - SCD + CPR)
    Destination Clock Delay (DCD):    4.858ns = ( 14.858 - 10.000 ) 
    Source Clock Delay      (SCD):    0.000ns
    Clock Pessimism Removal (CPR):    0.000ns
  Clock Uncertainty:      0.035ns  ((TSJ^2 + TIJ^2)^1/2 + DJ) / 2 + PE
    Total System Jitter     (TSJ):    0.071ns
    Total Input Jitter      (TIJ):    0.000ns
    Discrete Jitter          (DJ):    0.000ns
    Phase Error              (PE):    0.000ns

    Location             Delay type                Incr(ns)  Path(ns)    Netlist Resource(s)
  -------------------------------------------------------------------    -------------------
                         (clock clk_pin rise edge)    0.000     0.000 r  
                         input delay                  1.500     1.500    
    U18                                               0.000     1.500 f  reset (IN)
                         net (fo=0)                   0.000     1.500    reset
    U18                  IBUF (Prop_ibuf_I_O)         1.441     2.941 f  reset_IBUF_inst/O
                         net (fo=21, routed)          3.931     6.872    clock30/AR[0]
    SLICE_X3Y9           FDCE                                         f  clock30/counter_reg[16]/CLR
  -------------------------------------------------------------------    -------------------

                         (clock clk_pin rise edge)   10.000    10.000 r  
    W5                                                0.000    10.000 r  clk (IN)
                         net (fo=0)                   0.000    10.000    clk
    W5                   IBUF (Prop_ibuf_I_O)         1.388    11.388 r  clk_IBUF_inst/O
                         net (fo=1, routed)           1.862    13.250    clk_IBUF
    BUFGCTRL_X0Y0        BUFG (Prop_bufg_I_O)         0.091    13.341 r  clk_IBUF_BUFG_inst/O
                         net (fo=165, routed)         1.517    14.858    clock30/sclockdiv_reg_0
    SLICE_X3Y9           FDCE                                         r  clock30/counter_reg[16]/C
                         clock pessimism              0.000    14.858    
                         clock uncertainty           -0.035    14.823    
    SLICE_X3Y9           FDCE (Recov_fdce_C_CLR)     -0.405    14.418    clock30/counter_reg[16]
  -------------------------------------------------------------------
                         required time                         14.418    
                         arrival time                          -6.872    
  -------------------------------------------------------------------
                         slack                                  7.546    





Min Delay Paths
--------------------------------------------------------------------------------------
Slack (MET) :             0.087ns  (arrival time - required time)
  Source:                 reset
                            (input port clocked by clk_pin  {rise@0.000ns fall@5.000ns period=10.000ns})
  Destination:            clock30/counter_reg[0]/CLR
                            (removal check against rising-edge clock clk_pin  {rise@0.000ns fall@5.000ns period=10.000ns})
  Path Group:             **async_default**
  Path Type:              Removal (Min at Slow Process Corner)
  Requirement:            0.000ns  (clk_pin rise@0.000ns - clk_pin rise@0.000ns)
  Data Path Delay:        4.573ns  (logic 1.371ns (29.986%)  route 3.201ns (70.014%))
  Logic Levels:           1  (IBUF=1)
  Input Delay:            0.500ns
  Clock Path Skew:        5.158ns (DCD - SCD - CPR)
    Destination Clock Delay (DCD):    5.158ns
    Source Clock Delay      (SCD):    0.000ns
    Clock Pessimism Removal (CPR):    -0.000ns
  Clock Uncertainty:      0.035ns  ((TSJ^2 + TIJ^2)^1/2 + DJ) / 2 + PE
    Total System Jitter     (TSJ):    0.071ns
    Total Input Jitter      (TIJ):    0.000ns
    Discrete Jitter          (DJ):    0.000ns
    Phase Error              (PE):    0.000ns

    Location             Delay type                Incr(ns)  Path(ns)    Netlist Resource(s)
  -------------------------------------------------------------------    -------------------
                         (clock clk_pin rise edge)    0.000     0.000 r  
                         input delay                  0.500     0.500    
    U18                                               0.000     0.500 f  reset (IN)
                         net (fo=0)                   0.000     0.500    reset
    U18                  IBUF (Prop_ibuf_I_O)         1.371     1.871 f  reset_IBUF_inst/O
                         net (fo=21, routed)          3.201     5.073    clock30/AR[0]
    SLICE_X3Y8           FDCE                                         f  clock30/counter_reg[0]/CLR
  -------------------------------------------------------------------    -------------------

                         (clock clk_pin rise edge)    0.000     0.000 r  
    W5                                                0.000     0.000 r  clk (IN)
                         net (fo=0)                   0.000     0.000    clk
    W5                   IBUF (Prop_ibuf_I_O)         1.458     1.458 r  clk_IBUF_inst/O
                         net (fo=1, routed)           1.967     3.425    clk_IBUF
    BUFGCTRL_X0Y0        BUFG (Prop_bufg_I_O)         0.096     3.521 r  clk_IBUF_BUFG_inst/O
                         net (fo=165, routed)         1.637     5.158    clock30/sclockdiv_reg_0
    SLICE_X3Y8           FDCE                                         r  clock30/counter_reg[0]/C
                         clock pessimism              0.000     5.158    
                         clock uncertainty            0.035     5.194    
    SLICE_X3Y8           FDCE (Remov_fdce_C_CLR)     -0.208     4.986    clock30/counter_reg[0]
  -------------------------------------------------------------------
                         required time                         -4.986    
                         arrival time                           5.073    
  -------------------------------------------------------------------
                         slack                                  0.087    

Slack (MET) :             0.087ns  (arrival time - required time)
  Source:                 reset
                            (input port clocked by clk_pin  {rise@0.000ns fall@5.000ns period=10.000ns})
  Destination:            clock30/counter_reg[10]/CLR
                            (removal check against rising-edge clock clk_pin  {rise@0.000ns fall@5.000ns period=10.000ns})
  Path Group:             **async_default**
  Path Type:              Removal (Min at Slow Process Corner)
  Requirement:            0.000ns  (clk_pin rise@0.000ns - clk_pin rise@0.000ns)
  Data Path Delay:        4.573ns  (logic 1.371ns (29.986%)  route 3.201ns (70.014%))
  Logic Levels:           1  (IBUF=1)
  Input Delay:            0.500ns
  Clock Path Skew:        5.158ns (DCD - SCD - CPR)
    Destination Clock Delay (DCD):    5.158ns
    Source Clock Delay      (SCD):    0.000ns
    Clock Pessimism Removal (CPR):    -0.000ns
  Clock Uncertainty:      0.035ns  ((TSJ^2 + TIJ^2)^1/2 + DJ) / 2 + PE
    Total System Jitter     (TSJ):    0.071ns
    Total Input Jitter      (TIJ):    0.000ns
    Discrete Jitter          (DJ):    0.000ns
    Phase Error              (PE):    0.000ns

    Location             Delay type                Incr(ns)  Path(ns)    Netlist Resource(s)
  -------------------------------------------------------------------    -------------------
                         (clock clk_pin rise edge)    0.000     0.000 r  
                         input delay                  0.500     0.500    
    U18                                               0.000     0.500 f  reset (IN)
                         net (fo=0)                   0.000     0.500    reset
    U18                  IBUF (Prop_ibuf_I_O)         1.371     1.871 f  reset_IBUF_inst/O
                         net (fo=21, routed)          3.201     5.073    clock30/AR[0]
    SLICE_X3Y8           FDCE                                         f  clock30/counter_reg[10]/CLR
  -------------------------------------------------------------------    -------------------

                         (clock clk_pin rise edge)    0.000     0.000 r  
    W5                                                0.000     0.000 r  clk (IN)
                         net (fo=0)                   0.000     0.000    clk
    W5                   IBUF (Prop_ibuf_I_O)         1.458     1.458 r  clk_IBUF_inst/O
                         net (fo=1, routed)           1.967     3.425    clk_IBUF
    BUFGCTRL_X0Y0        BUFG (Prop_bufg_I_O)         0.096     3.521 r  clk_IBUF_BUFG_inst/O
                         net (fo=165, routed)         1.637     5.158    clock30/sclockdiv_reg_0
    SLICE_X3Y8           FDCE                                         r  clock30/counter_reg[10]/C
                         clock pessimism              0.000     5.158    
                         clock uncertainty            0.035     5.194    
    SLICE_X3Y8           FDCE (Remov_fdce_C_CLR)     -0.208     4.986    clock30/counter_reg[10]
  -------------------------------------------------------------------
                         required time                         -4.986    
                         arrival time                           5.073    
  -------------------------------------------------------------------
                         slack                                  0.087    

Slack (MET) :             0.087ns  (arrival time - required time)
  Source:                 reset
                            (input port clocked by clk_pin  {rise@0.000ns fall@5.000ns period=10.000ns})
  Destination:            clock30/counter_reg[12]/CLR
                            (removal check against rising-edge clock clk_pin  {rise@0.000ns fall@5.000ns period=10.000ns})
  Path Group:             **async_default**
  Path Type:              Removal (Min at Slow Process Corner)
  Requirement:            0.000ns  (clk_pin rise@0.000ns - clk_pin rise@0.000ns)
  Data Path Delay:        4.573ns  (logic 1.371ns (29.986%)  route 3.201ns (70.014%))
  Logic Levels:           1  (IBUF=1)
  Input Delay:            0.500ns
  Clock Path Skew:        5.158ns (DCD - SCD - CPR)
    Destination Clock Delay (DCD):    5.158ns
    Source Clock Delay      (SCD):    0.000ns
    Clock Pessimism Removal (CPR):    -0.000ns
  Clock Uncertainty:      0.035ns  ((TSJ^2 + TIJ^2)^1/2 + DJ) / 2 + PE
    Total System Jitter     (TSJ):    0.071ns
    Total Input Jitter      (TIJ):    0.000ns
    Discrete Jitter          (DJ):    0.000ns
    Phase Error              (PE):    0.000ns

    Location             Delay type                Incr(ns)  Path(ns)    Netlist Resource(s)
  -------------------------------------------------------------------    -------------------
                         (clock clk_pin rise edge)    0.000     0.000 r  
                         input delay                  0.500     0.500    
    U18                                               0.000     0.500 f  reset (IN)
                         net (fo=0)                   0.000     0.500    reset
    U18                  IBUF (Prop_ibuf_I_O)         1.371     1.871 f  reset_IBUF_inst/O
                         net (fo=21, routed)          3.201     5.073    clock30/AR[0]
    SLICE_X3Y8           FDCE                                         f  clock30/counter_reg[12]/CLR
  -------------------------------------------------------------------    -------------------

                         (clock clk_pin rise edge)    0.000     0.000 r  
    W5                                                0.000     0.000 r  clk (IN)
                         net (fo=0)                   0.000     0.000    clk
    W5                   IBUF (Prop_ibuf_I_O)         1.458     1.458 r  clk_IBUF_inst/O
                         net (fo=1, routed)           1.967     3.425    clk_IBUF
    BUFGCTRL_X0Y0        BUFG (Prop_bufg_I_O)         0.096     3.521 r  clk_IBUF_BUFG_inst/O
                         net (fo=165, routed)         1.637     5.158    clock30/sclockdiv_reg_0
    SLICE_X3Y8           FDCE                                         r  clock30/counter_reg[12]/C
                         clock pessimism              0.000     5.158    
                         clock uncertainty            0.035     5.194    
    SLICE_X3Y8           FDCE (Remov_fdce_C_CLR)     -0.208     4.986    clock30/counter_reg[12]
  -------------------------------------------------------------------
                         required time                         -4.986    
                         arrival time                           5.073    
  -------------------------------------------------------------------
                         slack                                  0.087    

Slack (MET) :             0.225ns  (arrival time - required time)
  Source:                 reset
                            (input port clocked by clk_pin  {rise@0.000ns fall@5.000ns period=10.000ns})
  Destination:            clock30/counter_reg[1]/CLR
                            (removal check against rising-edge clock clk_pin  {rise@0.000ns fall@5.000ns period=10.000ns})
  Path Group:             **async_default**
  Path Type:              Removal (Min at Slow Process Corner)
  Requirement:            0.000ns  (clk_pin rise@0.000ns - clk_pin rise@0.000ns)
  Data Path Delay:        4.710ns  (logic 1.371ns (29.110%)  route 3.339ns (70.890%))
  Logic Levels:           1  (IBUF=1)
  Input Delay:            0.500ns
  Clock Path Skew:        5.158ns (DCD - SCD - CPR)
    Destination Clock Delay (DCD):    5.158ns
    Source Clock Delay      (SCD):    0.000ns
    Clock Pessimism Removal (CPR):    -0.000ns
  Clock Uncertainty:      0.035ns  ((TSJ^2 + TIJ^2)^1/2 + DJ) / 2 + PE
    Total System Jitter     (TSJ):    0.071ns
    Total Input Jitter      (TIJ):    0.000ns
    Discrete Jitter          (DJ):    0.000ns
    Phase Error              (PE):    0.000ns

    Location             Delay type                Incr(ns)  Path(ns)    Netlist Resource(s)
  -------------------------------------------------------------------    -------------------
                         (clock clk_pin rise edge)    0.000     0.000 r  
                         input delay                  0.500     0.500    
    U18                                               0.000     0.500 f  reset (IN)
                         net (fo=0)                   0.000     0.500    reset
    U18                  IBUF (Prop_ibuf_I_O)         1.371     1.871 f  reset_IBUF_inst/O
                         net (fo=21, routed)          3.339     5.210    clock30/AR[0]
    SLICE_X3Y7           FDCE                                         f  clock30/counter_reg[1]/CLR
  -------------------------------------------------------------------    -------------------

                         (clock clk_pin rise edge)    0.000     0.000 r  
    W5                                                0.000     0.000 r  clk (IN)
                         net (fo=0)                   0.000     0.000    clk
    W5                   IBUF (Prop_ibuf_I_O)         1.458     1.458 r  clk_IBUF_inst/O
                         net (fo=1, routed)           1.967     3.425    clk_IBUF
    BUFGCTRL_X0Y0        BUFG (Prop_bufg_I_O)         0.096     3.521 r  clk_IBUF_BUFG_inst/O
                         net (fo=165, routed)         1.637     5.158    clock30/sclockdiv_reg_0
    SLICE_X3Y7           FDCE                                         r  clock30/counter_reg[1]/C
                         clock pessimism              0.000     5.158    
                         clock uncertainty            0.035     5.194    
    SLICE_X3Y7           FDCE (Remov_fdce_C_CLR)     -0.208     4.986    clock30/counter_reg[1]
  -------------------------------------------------------------------
                         required time                         -4.986    
                         arrival time                           5.210    
  -------------------------------------------------------------------
                         slack                                  0.225    

Slack (MET) :             0.225ns  (arrival time - required time)
  Source:                 reset
                            (input port clocked by clk_pin  {rise@0.000ns fall@5.000ns period=10.000ns})
  Destination:            clock30/counter_reg[2]/CLR
                            (removal check against rising-edge clock clk_pin  {rise@0.000ns fall@5.000ns period=10.000ns})
  Path Group:             **async_default**
  Path Type:              Removal (Min at Slow Process Corner)
  Requirement:            0.000ns  (clk_pin rise@0.000ns - clk_pin rise@0.000ns)
  Data Path Delay:        4.710ns  (logic 1.371ns (29.110%)  route 3.339ns (70.890%))
  Logic Levels:           1  (IBUF=1)
  Input Delay:            0.500ns
  Clock Path Skew:        5.158ns (DCD - SCD - CPR)
    Destination Clock Delay (DCD):    5.158ns
    Source Clock Delay      (SCD):    0.000ns
    Clock Pessimism Removal (CPR):    -0.000ns
  Clock Uncertainty:      0.035ns  ((TSJ^2 + TIJ^2)^1/2 + DJ) / 2 + PE
    Total System Jitter     (TSJ):    0.071ns
    Total Input Jitter      (TIJ):    0.000ns
    Discrete Jitter          (DJ):    0.000ns
    Phase Error              (PE):    0.000ns

    Location             Delay type                Incr(ns)  Path(ns)    Netlist Resource(s)
  -------------------------------------------------------------------    -------------------
                         (clock clk_pin rise edge)    0.000     0.000 r  
                         input delay                  0.500     0.500    
    U18                                               0.000     0.500 f  reset (IN)
                         net (fo=0)                   0.000     0.500    reset
    U18                  IBUF (Prop_ibuf_I_O)         1.371     1.871 f  reset_IBUF_inst/O
                         net (fo=21, routed)          3.339     5.210    clock30/AR[0]
    SLICE_X3Y7           FDCE                                         f  clock30/counter_reg[2]/CLR
  -------------------------------------------------------------------    -------------------

                         (clock clk_pin rise edge)    0.000     0.000 r  
    W5                                                0.000     0.000 r  clk (IN)
                         net (fo=0)                   0.000     0.000    clk
    W5                   IBUF (Prop_ibuf_I_O)         1.458     1.458 r  clk_IBUF_inst/O
                         net (fo=1, routed)           1.967     3.425    clk_IBUF
    BUFGCTRL_X0Y0        BUFG (Prop_bufg_I_O)         0.096     3.521 r  clk_IBUF_BUFG_inst/O
                         net (fo=165, routed)         1.637     5.158    clock30/sclockdiv_reg_0
    SLICE_X3Y7           FDCE                                         r  clock30/counter_reg[2]/C
                         clock pessimism              0.000     5.158    
                         clock uncertainty            0.035     5.194    
    SLICE_X3Y7           FDCE (Remov_fdce_C_CLR)     -0.208     4.986    clock30/counter_reg[2]
  -------------------------------------------------------------------
                         required time                         -4.986    
                         arrival time                           5.210    
  -------------------------------------------------------------------
                         slack                                  0.225    

Slack (MET) :             0.225ns  (arrival time - required time)
  Source:                 reset
                            (input port clocked by clk_pin  {rise@0.000ns fall@5.000ns period=10.000ns})
  Destination:            clock30/counter_reg[3]/CLR
                            (removal check against rising-edge clock clk_pin  {rise@0.000ns fall@5.000ns period=10.000ns})
  Path Group:             **async_default**
  Path Type:              Removal (Min at Slow Process Corner)
  Requirement:            0.000ns  (clk_pin rise@0.000ns - clk_pin rise@0.000ns)
  Data Path Delay:        4.710ns  (logic 1.371ns (29.110%)  route 3.339ns (70.890%))
  Logic Levels:           1  (IBUF=1)
  Input Delay:            0.500ns
  Clock Path Skew:        5.158ns (DCD - SCD - CPR)
    Destination Clock Delay (DCD):    5.158ns
    Source Clock Delay      (SCD):    0.000ns
    Clock Pessimism Removal (CPR):    -0.000ns
  Clock Uncertainty:      0.035ns  ((TSJ^2 + TIJ^2)^1/2 + DJ) / 2 + PE
    Total System Jitter     (TSJ):    0.071ns
    Total Input Jitter      (TIJ):    0.000ns
    Discrete Jitter          (DJ):    0.000ns
    Phase Error              (PE):    0.000ns

    Location             Delay type                Incr(ns)  Path(ns)    Netlist Resource(s)
  -------------------------------------------------------------------    -------------------
                         (clock clk_pin rise edge)    0.000     0.000 r  
                         input delay                  0.500     0.500    
    U18                                               0.000     0.500 f  reset (IN)
                         net (fo=0)                   0.000     0.500    reset
    U18                  IBUF (Prop_ibuf_I_O)         1.371     1.871 f  reset_IBUF_inst/O
                         net (fo=21, routed)          3.339     5.210    clock30/AR[0]
    SLICE_X3Y7           FDCE                                         f  clock30/counter_reg[3]/CLR
  -------------------------------------------------------------------    -------------------

                         (clock clk_pin rise edge)    0.000     0.000 r  
    W5                                                0.000     0.000 r  clk (IN)
                         net (fo=0)                   0.000     0.000    clk
    W5                   IBUF (Prop_ibuf_I_O)         1.458     1.458 r  clk_IBUF_inst/O
                         net (fo=1, routed)           1.967     3.425    clk_IBUF
    BUFGCTRL_X0Y0        BUFG (Prop_bufg_I_O)         0.096     3.521 r  clk_IBUF_BUFG_inst/O
                         net (fo=165, routed)         1.637     5.158    clock30/sclockdiv_reg_0
    SLICE_X3Y7           FDCE                                         r  clock30/counter_reg[3]/C
                         clock pessimism              0.000     5.158    
                         clock uncertainty            0.035     5.194    
    SLICE_X3Y7           FDCE (Remov_fdce_C_CLR)     -0.208     4.986    clock30/counter_reg[3]
  -------------------------------------------------------------------
                         required time                         -4.986    
                         arrival time                           5.210    
  -------------------------------------------------------------------
                         slack                                  0.225    

Slack (MET) :             0.225ns  (arrival time - required time)
  Source:                 reset
                            (input port clocked by clk_pin  {rise@0.000ns fall@5.000ns period=10.000ns})
  Destination:            clock30/counter_reg[4]/CLR
                            (removal check against rising-edge clock clk_pin  {rise@0.000ns fall@5.000ns period=10.000ns})
  Path Group:             **async_default**
  Path Type:              Removal (Min at Slow Process Corner)
  Requirement:            0.000ns  (clk_pin rise@0.000ns - clk_pin rise@0.000ns)
  Data Path Delay:        4.710ns  (logic 1.371ns (29.110%)  route 3.339ns (70.890%))
  Logic Levels:           1  (IBUF=1)
  Input Delay:            0.500ns
  Clock Path Skew:        5.158ns (DCD - SCD - CPR)
    Destination Clock Delay (DCD):    5.158ns
    Source Clock Delay      (SCD):    0.000ns
    Clock Pessimism Removal (CPR):    -0.000ns
  Clock Uncertainty:      0.035ns  ((TSJ^2 + TIJ^2)^1/2 + DJ) / 2 + PE
    Total System Jitter     (TSJ):    0.071ns
    Total Input Jitter      (TIJ):    0.000ns
    Discrete Jitter          (DJ):    0.000ns
    Phase Error              (PE):    0.000ns

    Location             Delay type                Incr(ns)  Path(ns)    Netlist Resource(s)
  -------------------------------------------------------------------    -------------------
                         (clock clk_pin rise edge)    0.000     0.000 r  
                         input delay                  0.500     0.500    
    U18                                               0.000     0.500 f  reset (IN)
                         net (fo=0)                   0.000     0.500    reset
    U18                  IBUF (Prop_ibuf_I_O)         1.371     1.871 f  reset_IBUF_inst/O
                         net (fo=21, routed)          3.339     5.210    clock30/AR[0]
    SLICE_X3Y7           FDCE                                         f  clock30/counter_reg[4]/CLR
  -------------------------------------------------------------------    -------------------

                         (clock clk_pin rise edge)    0.000     0.000 r  
    W5                                                0.000     0.000 r  clk (IN)
                         net (fo=0)                   0.000     0.000    clk
    W5                   IBUF (Prop_ibuf_I_O)         1.458     1.458 r  clk_IBUF_inst/O
                         net (fo=1, routed)           1.967     3.425    clk_IBUF
    BUFGCTRL_X0Y0        BUFG (Prop_bufg_I_O)         0.096     3.521 r  clk_IBUF_BUFG_inst/O
                         net (fo=165, routed)         1.637     5.158    clock30/sclockdiv_reg_0
    SLICE_X3Y7           FDCE                                         r  clock30/counter_reg[4]/C
                         clock pessimism              0.000     5.158    
                         clock uncertainty            0.035     5.194    
    SLICE_X3Y7           FDCE (Remov_fdce_C_CLR)     -0.208     4.986    clock30/counter_reg[4]
  -------------------------------------------------------------------
                         required time                         -4.986    
                         arrival time                           5.210    
  -------------------------------------------------------------------
                         slack                                  0.225    

Slack (MET) :             0.225ns  (arrival time - required time)
  Source:                 reset
                            (input port clocked by clk_pin  {rise@0.000ns fall@5.000ns period=10.000ns})
  Destination:            clock30/counter_reg[6]/CLR
                            (removal check against rising-edge clock clk_pin  {rise@0.000ns fall@5.000ns period=10.000ns})
  Path Group:             **async_default**
  Path Type:              Removal (Min at Slow Process Corner)
  Requirement:            0.000ns  (clk_pin rise@0.000ns - clk_pin rise@0.000ns)
  Data Path Delay:        4.710ns  (logic 1.371ns (29.110%)  route 3.339ns (70.890%))
  Logic Levels:           1  (IBUF=1)
  Input Delay:            0.500ns
  Clock Path Skew:        5.158ns (DCD - SCD - CPR)
    Destination Clock Delay (DCD):    5.158ns
    Source Clock Delay      (SCD):    0.000ns
    Clock Pessimism Removal (CPR):    -0.000ns
  Clock Uncertainty:      0.035ns  ((TSJ^2 + TIJ^2)^1/2 + DJ) / 2 + PE
    Total System Jitter     (TSJ):    0.071ns
    Total Input Jitter      (TIJ):    0.000ns
    Discrete Jitter          (DJ):    0.000ns
    Phase Error              (PE):    0.000ns

    Location             Delay type                Incr(ns)  Path(ns)    Netlist Resource(s)
  -------------------------------------------------------------------    -------------------
                         (clock clk_pin rise edge)    0.000     0.000 r  
                         input delay                  0.500     0.500    
    U18                                               0.000     0.500 f  reset (IN)
                         net (fo=0)                   0.000     0.500    reset
    U18                  IBUF (Prop_ibuf_I_O)         1.371     1.871 f  reset_IBUF_inst/O
                         net (fo=21, routed)          3.339     5.210    clock30/AR[0]
    SLICE_X3Y7           FDCE                                         f  clock30/counter_reg[6]/CLR
  -------------------------------------------------------------------    -------------------

                         (clock clk_pin rise edge)    0.000     0.000 r  
    W5                                                0.000     0.000 r  clk (IN)
                         net (fo=0)                   0.000     0.000    clk
    W5                   IBUF (Prop_ibuf_I_O)         1.458     1.458 r  clk_IBUF_inst/O
                         net (fo=1, routed)           1.967     3.425    clk_IBUF
    BUFGCTRL_X0Y0        BUFG (Prop_bufg_I_O)         0.096     3.521 r  clk_IBUF_BUFG_inst/O
                         net (fo=165, routed)         1.637     5.158    clock30/sclockdiv_reg_0
    SLICE_X3Y7           FDCE                                         r  clock30/counter_reg[6]/C
                         clock pessimism              0.000     5.158    
                         clock uncertainty            0.035     5.194    
    SLICE_X3Y7           FDCE (Remov_fdce_C_CLR)     -0.208     4.986    clock30/counter_reg[6]
  -------------------------------------------------------------------
                         required time                         -4.986    
                         arrival time                           5.210    
  -------------------------------------------------------------------
                         slack                                  0.225    

Slack (MET) :             0.225ns  (arrival time - required time)
  Source:                 reset
                            (input port clocked by clk_pin  {rise@0.000ns fall@5.000ns period=10.000ns})
  Destination:            clock30/counter_reg[8]/CLR
                            (removal check against rising-edge clock clk_pin  {rise@0.000ns fall@5.000ns period=10.000ns})
  Path Group:             **async_default**
  Path Type:              Removal (Min at Slow Process Corner)
  Requirement:            0.000ns  (clk_pin rise@0.000ns - clk_pin rise@0.000ns)
  Data Path Delay:        4.710ns  (logic 1.371ns (29.110%)  route 3.339ns (70.890%))
  Logic Levels:           1  (IBUF=1)
  Input Delay:            0.500ns
  Clock Path Skew:        5.158ns (DCD - SCD - CPR)
    Destination Clock Delay (DCD):    5.158ns
    Source Clock Delay      (SCD):    0.000ns
    Clock Pessimism Removal (CPR):    -0.000ns
  Clock Uncertainty:      0.035ns  ((TSJ^2 + TIJ^2)^1/2 + DJ) / 2 + PE
    Total System Jitter     (TSJ):    0.071ns
    Total Input Jitter      (TIJ):    0.000ns
    Discrete Jitter          (DJ):    0.000ns
    Phase Error              (PE):    0.000ns

    Location             Delay type                Incr(ns)  Path(ns)    Netlist Resource(s)
  -------------------------------------------------------------------    -------------------
                         (clock clk_pin rise edge)    0.000     0.000 r  
                         input delay                  0.500     0.500    
    U18                                               0.000     0.500 f  reset (IN)
                         net (fo=0)                   0.000     0.500    reset
    U18                  IBUF (Prop_ibuf_I_O)         1.371     1.871 f  reset_IBUF_inst/O
                         net (fo=21, routed)          3.339     5.210    clock30/AR[0]
    SLICE_X3Y7           FDCE                                         f  clock30/counter_reg[8]/CLR
  -------------------------------------------------------------------    -------------------

                         (clock clk_pin rise edge)    0.000     0.000 r  
    W5                                                0.000     0.000 r  clk (IN)
                         net (fo=0)                   0.000     0.000    clk
    W5                   IBUF (Prop_ibuf_I_O)         1.458     1.458 r  clk_IBUF_inst/O
                         net (fo=1, routed)           1.967     3.425    clk_IBUF
    BUFGCTRL_X0Y0        BUFG (Prop_bufg_I_O)         0.096     3.521 r  clk_IBUF_BUFG_inst/O
                         net (fo=165, routed)         1.637     5.158    clock30/sclockdiv_reg_0
    SLICE_X3Y7           FDCE                                         r  clock30/counter_reg[8]/C
                         clock pessimism              0.000     5.158    
                         clock uncertainty            0.035     5.194    
    SLICE_X3Y7           FDCE (Remov_fdce_C_CLR)     -0.208     4.986    clock30/counter_reg[8]
  -------------------------------------------------------------------
                         required time                         -4.986    
                         arrival time                           5.210    
  -------------------------------------------------------------------
                         slack                                  0.225    

Slack (MET) :             0.253ns  (arrival time - required time)
  Source:                 reset
                            (input port clocked by clk_pin  {rise@0.000ns fall@5.000ns period=10.000ns})
  Destination:            clock30/counter_reg[11]/CLR
                            (removal check against rising-edge clock clk_pin  {rise@0.000ns fall@5.000ns period=10.000ns})
  Path Group:             **async_default**
  Path Type:              Removal (Min at Slow Process Corner)
  Requirement:            0.000ns  (clk_pin rise@0.000ns - clk_pin rise@0.000ns)
  Data Path Delay:        4.736ns  (logic 1.371ns (28.951%)  route 3.365ns (71.049%))
  Logic Levels:           1  (IBUF=1)
  Input Delay:            0.500ns
  Clock Path Skew:        5.155ns (DCD - SCD - CPR)
    Destination Clock Delay (DCD):    5.155ns
    Source Clock Delay      (SCD):    0.000ns
    Clock Pessimism Removal (CPR):    -0.000ns
  Clock Uncertainty:      0.035ns  ((TSJ^2 + TIJ^2)^1/2 + DJ) / 2 + PE
    Total System Jitter     (TSJ):    0.071ns
    Total Input Jitter      (TIJ):    0.000ns
    Discrete Jitter          (DJ):    0.000ns
    Phase Error              (PE):    0.000ns

    Location             Delay type                Incr(ns)  Path(ns)    Netlist Resource(s)
  -------------------------------------------------------------------    -------------------
                         (clock clk_pin rise edge)    0.000     0.000 r  
                         input delay                  0.500     0.500    
    U18                                               0.000     0.500 f  reset (IN)
                         net (fo=0)                   0.000     0.500    reset
    U18                  IBUF (Prop_ibuf_I_O)         1.371     1.871 f  reset_IBUF_inst/O
                         net (fo=21, routed)          3.365     5.236    clock30/AR[0]
    SLICE_X4Y8           FDCE                                         f  clock30/counter_reg[11]/CLR
  -------------------------------------------------------------------    -------------------

                         (clock clk_pin rise edge)    0.000     0.000 r  
    W5                                                0.000     0.000 r  clk (IN)
                         net (fo=0)                   0.000     0.000    clk
    W5                   IBUF (Prop_ibuf_I_O)         1.458     1.458 r  clk_IBUF_inst/O
                         net (fo=1, routed)           1.967     3.425    clk_IBUF
    BUFGCTRL_X0Y0        BUFG (Prop_bufg_I_O)         0.096     3.521 r  clk_IBUF_BUFG_inst/O
                         net (fo=165, routed)         1.634     5.155    clock30/sclockdiv_reg_0
    SLICE_X4Y8           FDCE                                         r  clock30/counter_reg[11]/C
                         clock pessimism              0.000     5.155    
                         clock uncertainty            0.035     5.191    
    SLICE_X4Y8           FDCE (Remov_fdce_C_CLR)     -0.208     4.983    clock30/counter_reg[11]
  -------------------------------------------------------------------
                         required time                         -4.983    
                         arrival time                           5.236    
  -------------------------------------------------------------------
                         slack                                  0.253    





--------------------------------------------------------------------------------------
Path Group:  (none)
From Clock:  
  To Clock:  

Max Delay           124 Endpoints
Min Delay           124 Endpoints
--------------------------------------------------------------------------------------


Max Delay Paths
--------------------------------------------------------------------------------------
Slack:                    inf
  Source:                 sanodo_reg[2]/C
                            (rising edge-triggered cell FDRE)
  Destination:            an[2]
                            (output port)
  Path Group:             (none)
  Path Type:              Max at Slow Process Corner
  Data Path Delay:        7.834ns  (logic 4.041ns (51.584%)  route 3.793ns (48.416%))
  Logic Levels:           2  (FDRE=1 OBUF=1)

    Location             Delay type                Incr(ns)  Path(ns)    Netlist Resource(s)
  -------------------------------------------------------------------    -------------------
    SLICE_X10Y12         FDRE                         0.000     0.000 r  sanodo_reg[2]/C
    SLICE_X10Y12         FDRE (Prop_fdre_C_Q)         0.518     0.518 r  sanodo_reg[2]/Q
                         net (fo=1, routed)           3.793     4.311    an_OBUF[2]
    V4                   OBUF (Prop_obuf_I_O)         3.523     7.834 r  an_OBUF[2]_inst/O
                         net (fo=0)                   0.000     7.834    an[2]
    V4                                                                r  an[2] (OUT)
  -------------------------------------------------------------------    -------------------

Slack:                    inf
  Source:                 sanodo_reg[1]/C
                            (rising edge-triggered cell FDRE)
  Destination:            an[1]
                            (output port)
  Path Group:             (none)
  Path Type:              Max at Slow Process Corner
  Data Path Delay:        7.810ns  (logic 4.017ns (51.434%)  route 3.793ns (48.566%))
  Logic Levels:           2  (FDRE=1 OBUF=1)

    Location             Delay type                Incr(ns)  Path(ns)    Netlist Resource(s)
  -------------------------------------------------------------------    -------------------
    SLICE_X8Y12          FDRE                         0.000     0.000 r  sanodo_reg[1]/C
    SLICE_X8Y12          FDRE (Prop_fdre_C_Q)         0.518     0.518 r  sanodo_reg[1]/Q
                         net (fo=1, routed)           3.793     4.311    an_OBUF[1]
    U4                   OBUF (Prop_obuf_I_O)         3.499     7.810 r  an_OBUF[1]_inst/O
                         net (fo=0)                   0.000     7.810    an[1]
    U4                                                                r  an[1] (OUT)
  -------------------------------------------------------------------    -------------------

Slack:                    inf
  Source:                 seg_reg[1]/C
                            (rising edge-triggered cell FDRE)
  Destination:            seg[1]
                            (output port)
  Path Group:             (none)
  Path Type:              Max at Slow Process Corner
  Data Path Delay:        7.646ns  (logic 4.047ns (52.932%)  route 3.599ns (47.068%))
  Logic Levels:           2  (FDRE=1 OBUF=1)

    Location             Delay type                Incr(ns)  Path(ns)    Netlist Resource(s)
  -------------------------------------------------------------------    -------------------
    SLICE_X8Y11          FDRE                         0.000     0.000 r  seg_reg[1]/C
    SLICE_X8Y11          FDRE (Prop_fdre_C_Q)         0.518     0.518 r  seg_reg[1]/Q
                         net (fo=1, routed)           3.599     4.117    seg_OBUF[1]
    W6                   OBUF (Prop_obuf_I_O)         3.529     7.646 r  seg_OBUF[1]_inst/O
                         net (fo=0)                   0.000     7.646    seg[1]
    W6                                                                r  seg[1] (OUT)
  -------------------------------------------------------------------    -------------------

Slack:                    inf
  Source:                 seg_reg[2]/C
                            (rising edge-triggered cell FDRE)
  Destination:            seg[2]
                            (output port)
  Path Group:             (none)
  Path Type:              Max at Slow Process Corner
  Data Path Delay:        7.554ns  (logic 3.991ns (52.837%)  route 3.563ns (47.163%))
  Logic Levels:           2  (FDRE=1 OBUF=1)

    Location             Delay type                Incr(ns)  Path(ns)    Netlist Resource(s)
  -------------------------------------------------------------------    -------------------
    SLICE_X9Y12          FDRE                         0.000     0.000 r  seg_reg[2]/C
    SLICE_X9Y12          FDRE (Prop_fdre_C_Q)         0.456     0.456 r  seg_reg[2]/Q
                         net (fo=1, routed)           3.563     4.019    seg_OBUF[2]
    U8                   OBUF (Prop_obuf_I_O)         3.535     7.554 r  seg_OBUF[2]_inst/O
                         net (fo=0)                   0.000     7.554    seg[2]
    U8                                                                r  seg[2] (OUT)
  -------------------------------------------------------------------    -------------------

Slack:                    inf
  Source:                 seg_reg[3]/C
                            (rising edge-triggered cell FDRE)
  Destination:            seg[3]
                            (output port)
  Path Group:             (none)
  Path Type:              Max at Slow Process Corner
  Data Path Delay:        7.407ns  (logic 3.992ns (53.891%)  route 3.415ns (46.109%))
  Logic Levels:           2  (FDRE=1 OBUF=1)

    Location             Delay type                Incr(ns)  Path(ns)    Netlist Resource(s)
  -------------------------------------------------------------------    -------------------
    SLICE_X9Y12          FDRE                         0.000     0.000 r  seg_reg[3]/C
    SLICE_X9Y12          FDRE (Prop_fdre_C_Q)         0.456     0.456 r  seg_reg[3]/Q
                         net (fo=1, routed)           3.415     3.871    seg_OBUF[3]
    V8                   OBUF (Prop_obuf_I_O)         3.536     7.407 r  seg_OBUF[3]_inst/O
                         net (fo=0)                   0.000     7.407    seg[3]
    V8                                                                r  seg[3] (OUT)
  -------------------------------------------------------------------    -------------------

Slack:                    inf
  Source:                 seg_reg[6]/C
                            (rising edge-triggered cell FDRE)
  Destination:            seg[6]
                            (output port)
  Path Group:             (none)
  Path Type:              Max at Slow Process Corner
  Data Path Delay:        7.392ns  (logic 4.049ns (54.781%)  route 3.343ns (45.219%))
  Logic Levels:           2  (FDRE=1 OBUF=1)

    Location             Delay type                Incr(ns)  Path(ns)    Netlist Resource(s)
  -------------------------------------------------------------------    -------------------
    SLICE_X8Y11          FDRE                         0.000     0.000 r  seg_reg[6]/C
    SLICE_X8Y11          FDRE (Prop_fdre_C_Q)         0.518     0.518 r  seg_reg[6]/Q
                         net (fo=1, routed)           3.343     3.861    seg_OBUF[6]
    U7                   OBUF (Prop_obuf_I_O)         3.531     7.392 r  seg_OBUF[6]_inst/O
                         net (fo=0)                   0.000     7.392    seg[6]
    U7                                                                r  seg[6] (OUT)
  -------------------------------------------------------------------    -------------------

Slack:                    inf
  Source:                 seg_reg[4]/C
                            (rising edge-triggered cell FDRE)
  Destination:            seg[4]
                            (output port)
  Path Group:             (none)
  Path Type:              Max at Slow Process Corner
  Data Path Delay:        7.389ns  (logic 3.976ns (53.811%)  route 3.413ns (46.189%))
  Logic Levels:           2  (FDRE=1 OBUF=1)

    Location             Delay type                Incr(ns)  Path(ns)    Netlist Resource(s)
  -------------------------------------------------------------------    -------------------
    SLICE_X9Y12          FDRE                         0.000     0.000 r  seg_reg[4]/C
    SLICE_X9Y12          FDRE (Prop_fdre_C_Q)         0.456     0.456 r  seg_reg[4]/Q
                         net (fo=1, routed)           3.413     3.869    seg_OBUF[4]
    U5                   OBUF (Prop_obuf_I_O)         3.520     7.389 r  seg_OBUF[4]_inst/O
                         net (fo=0)                   0.000     7.389    seg[4]
    U5                                                                r  seg[4] (OUT)
  -------------------------------------------------------------------    -------------------

Slack:                    inf
  Source:                 seg_reg[5]/C
                            (rising edge-triggered cell FDRE)
  Destination:            seg[5]
                            (output port)
  Path Group:             (none)
  Path Type:              Max at Slow Process Corner
  Data Path Delay:        7.281ns  (logic 4.022ns (55.242%)  route 3.259ns (44.758%))
  Logic Levels:           2  (FDRE=1 OBUF=1)

    Location             Delay type                Incr(ns)  Path(ns)    Netlist Resource(s)
  -------------------------------------------------------------------    -------------------
    SLICE_X8Y11          FDRE                         0.000     0.000 r  seg_reg[5]/C
    SLICE_X8Y11          FDRE (Prop_fdre_C_Q)         0.518     0.518 r  seg_reg[5]/Q
                         net (fo=1, routed)           3.259     3.777    seg_OBUF[5]
    V5                   OBUF (Prop_obuf_I_O)         3.504     7.281 r  seg_OBUF[5]_inst/O
                         net (fo=0)                   0.000     7.281    seg[5]
    V5                                                                r  seg[5] (OUT)
  -------------------------------------------------------------------    -------------------

Slack:                    inf
  Source:                 seg_reg[0]/C
                            (rising edge-triggered cell FDRE)
  Destination:            seg[0]
                            (output port)
  Path Group:             (none)
  Path Type:              Max at Slow Process Corner
  Data Path Delay:        6.954ns  (logic 3.967ns (57.038%)  route 2.988ns (42.962%))
  Logic Levels:           2  (FDRE=1 OBUF=1)

    Location             Delay type                Incr(ns)  Path(ns)    Netlist Resource(s)
  -------------------------------------------------------------------    -------------------
    SLICE_X9Y12          FDRE                         0.000     0.000 r  seg_reg[0]/C
    SLICE_X9Y12          FDRE (Prop_fdre_C_Q)         0.456     0.456 r  seg_reg[0]/Q
                         net (fo=1, routed)           2.988     3.444    seg_OBUF[0]
    W7                   OBUF (Prop_obuf_I_O)         3.511     6.954 r  seg_OBUF[0]_inst/O
                         net (fo=0)                   0.000     6.954    seg[0]
    W7                                                                r  seg[0] (OUT)
  -------------------------------------------------------------------    -------------------

Slack:                    inf
  Source:                 program_rom/ram_2k_generate.akv7.kcpsm6_rom/CLKBWRCLK
                            (rising edge-triggered cell RAMB36E1)
  Destination:            program_rom/instantiate_loader.jtag_loader_6_inst/jtag_loader_gen.jtag_din_int_reg[13]/D
  Path Group:             (none)
  Path Type:              Max at Slow Process Corner
  Data Path Delay:        3.942ns  (logic 2.578ns (65.397%)  route 1.364ns (34.603%))
  Logic Levels:           2  (LUT6=1 RAMB36E1=1)

    Location             Delay type                Incr(ns)  Path(ns)    Netlist Resource(s)
  -------------------------------------------------------------------    -------------------
    RAMB36_X0Y0          RAMB36E1                     0.000     0.000 r  program_rom/ram_2k_generate.akv7.kcpsm6_rom/CLKBWRCLK
    RAMB36_X0Y0          RAMB36E1 (Prop_ramb36e1_CLKBWRCLK_DOBDO[13])
                                                      2.454     2.454 r  program_rom/ram_2k_generate.akv7.kcpsm6_rom/DOBDO[13]
                         net (fo=1, routed)           1.364     3.818    program_rom/instantiate_loader.jtag_loader_6_inst/jtag_dout_0[13]
    SLICE_X8Y2           LUT6 (Prop_lut6_I1_O)        0.124     3.942 r  program_rom/instantiate_loader.jtag_loader_6_inst/jtag_loader_gen.jtag_din_int[13]_i_1/O
                         net (fo=1, routed)           0.000     3.942    program_rom/instantiate_loader.jtag_loader_6_inst/jtag_loader_gen.jtag_din_int[13]_i_1_n_0
    SLICE_X8Y2           FDRE                                         r  program_rom/instantiate_loader.jtag_loader_6_inst/jtag_loader_gen.jtag_din_int_reg[13]/D
  -------------------------------------------------------------------    -------------------





Min Delay Paths
--------------------------------------------------------------------------------------
Slack:                    inf
  Source:                 program_rom/instantiate_loader.jtag_loader_6_inst/jtag_loader_gen.jtag_din_int_reg[9]/C
                            (rising edge-triggered cell FDRE)
  Destination:            program_rom/instantiate_loader.jtag_loader_6_inst/jtag_loader_gen.jtag_din_int_reg[10]/D
  Path Group:             (none)
  Path Type:              Min at Fast Process Corner
  Data Path Delay:        0.254ns  (logic 0.186ns (73.141%)  route 0.068ns (26.859%))
  Logic Levels:           2  (FDRE=1 LUT6=1)

    Location             Delay type                Incr(ns)  Path(ns)    Netlist Resource(s)
  -------------------------------------------------------------------    -------------------
    SLICE_X9Y1           FDRE                         0.000     0.000 r  program_rom/instantiate_loader.jtag_loader_6_inst/jtag_loader_gen.jtag_din_int_reg[9]/C
    SLICE_X9Y1           FDRE (Prop_fdre_C_Q)         0.141     0.141 r  program_rom/instantiate_loader.jtag_loader_6_inst/jtag_loader_gen.jtag_din_int_reg[9]/Q
                         net (fo=2, routed)           0.068     0.209    program_rom/instantiate_loader.jtag_loader_6_inst/Q[9]
    SLICE_X8Y1           LUT6 (Prop_lut6_I5_O)        0.045     0.254 r  program_rom/instantiate_loader.jtag_loader_6_inst/jtag_loader_gen.jtag_din_int[10]_i_1/O
                         net (fo=1, routed)           0.000     0.254    program_rom/instantiate_loader.jtag_loader_6_inst/jtag_loader_gen.jtag_din_int[10]_i_1_n_0
    SLICE_X8Y1           FDRE                                         r  program_rom/instantiate_loader.jtag_loader_6_inst/jtag_loader_gen.jtag_din_int_reg[10]/D
  -------------------------------------------------------------------    -------------------

Slack:                    inf
  Source:                 program_rom/instantiate_loader.jtag_loader_6_inst/jtag_loader_gen.jtag_din_int_reg[8]/C
                            (rising edge-triggered cell FDRE)
  Destination:            program_rom/ram_2k_generate.akv7.kcpsm6_rom/DIBDI[8]
  Path Group:             (none)
  Path Type:              Min at Fast Process Corner
  Data Path Delay:        0.259ns  (logic 0.141ns (54.501%)  route 0.118ns (45.499%))
  Logic Levels:           1  (FDRE=1)

    Location             Delay type                Incr(ns)  Path(ns)    Netlist Resource(s)
  -------------------------------------------------------------------    -------------------
    SLICE_X9Y1           FDRE                         0.000     0.000 r  program_rom/instantiate_loader.jtag_loader_6_inst/jtag_loader_gen.jtag_din_int_reg[8]/C
    SLICE_X9Y1           FDRE (Prop_fdre_C_Q)         0.141     0.141 r  program_rom/instantiate_loader.jtag_loader_6_inst/jtag_loader_gen.jtag_din_int_reg[8]/Q
                         net (fo=2, routed)           0.118     0.259    program_rom/DIBDI[8]
    RAMB36_X0Y0          RAMB36E1                                     r  program_rom/ram_2k_generate.akv7.kcpsm6_rom/DIBDI[8]
  -------------------------------------------------------------------    -------------------

Slack:                    inf
  Source:                 program_rom/instantiate_loader.jtag_loader_6_inst/jtag_loader_gen.jtag_din_int_reg[2]/C
                            (rising edge-triggered cell FDRE)
  Destination:            program_rom/ram_2k_generate.akv7.kcpsm6_rom/DIBDI[2]
  Path Group:             (none)
  Path Type:              Min at Fast Process Corner
  Data Path Delay:        0.260ns  (logic 0.141ns (54.248%)  route 0.119ns (45.752%))
  Logic Levels:           1  (FDRE=1)

    Location             Delay type                Incr(ns)  Path(ns)    Netlist Resource(s)
  -------------------------------------------------------------------    -------------------
    SLICE_X9Y0           FDRE                         0.000     0.000 r  program_rom/instantiate_loader.jtag_loader_6_inst/jtag_loader_gen.jtag_din_int_reg[2]/C
    SLICE_X9Y0           FDRE (Prop_fdre_C_Q)         0.141     0.141 r  program_rom/instantiate_loader.jtag_loader_6_inst/jtag_loader_gen.jtag_din_int_reg[2]/Q
                         net (fo=2, routed)           0.119     0.260    program_rom/DIBDI[2]
    RAMB36_X0Y0          RAMB36E1                                     r  program_rom/ram_2k_generate.akv7.kcpsm6_rom/DIBDI[2]
  -------------------------------------------------------------------    -------------------

Slack:                    inf
  Source:                 program_rom/instantiate_loader.jtag_loader_6_inst/jtag_loader_gen.jtag_din_int_reg[4]/C
                            (rising edge-triggered cell FDRE)
  Destination:            program_rom/ram_2k_generate.akv7.kcpsm6_rom/DIBDI[4]
  Path Group:             (none)
  Path Type:              Min at Fast Process Corner
  Data Path Delay:        0.283ns  (logic 0.164ns (58.010%)  route 0.119ns (41.990%))
  Logic Levels:           1  (FDRE=1)

    Location             Delay type                Incr(ns)  Path(ns)    Netlist Resource(s)
  -------------------------------------------------------------------    -------------------
    SLICE_X8Y0           FDRE                         0.000     0.000 r  program_rom/instantiate_loader.jtag_loader_6_inst/jtag_loader_gen.jtag_din_int_reg[4]/C
    SLICE_X8Y0           FDRE (Prop_fdre_C_Q)         0.164     0.164 r  program_rom/instantiate_loader.jtag_loader_6_inst/jtag_loader_gen.jtag_din_int_reg[4]/Q
                         net (fo=2, routed)           0.119     0.283    program_rom/DIBDI[4]
    RAMB36_X0Y0          RAMB36E1                                     r  program_rom/ram_2k_generate.akv7.kcpsm6_rom/DIBDI[4]
  -------------------------------------------------------------------    -------------------

Slack:                    inf
  Source:                 program_rom/instantiate_loader.jtag_loader_6_inst/jtag_loader_gen.jtag_din_int_reg[2]/C
                            (rising edge-triggered cell FDRE)
  Destination:            program_rom/instantiate_loader.jtag_loader_6_inst/jtag_loader_gen.jtag_din_int_reg[3]/D
  Path Group:             (none)
  Path Type:              Min at Fast Process Corner
  Data Path Delay:        0.285ns  (logic 0.186ns (65.209%)  route 0.099ns (34.791%))
  Logic Levels:           2  (FDRE=1 LUT6=1)

    Location             Delay type                Incr(ns)  Path(ns)    Netlist Resource(s)
  -------------------------------------------------------------------    -------------------
    SLICE_X9Y0           FDRE                         0.000     0.000 r  program_rom/instantiate_loader.jtag_loader_6_inst/jtag_loader_gen.jtag_din_int_reg[2]/C
    SLICE_X9Y0           FDRE (Prop_fdre_C_Q)         0.141     0.141 r  program_rom/instantiate_loader.jtag_loader_6_inst/jtag_loader_gen.jtag_din_int_reg[2]/Q
                         net (fo=2, routed)           0.099     0.240    program_rom/instantiate_loader.jtag_loader_6_inst/Q[2]
    SLICE_X8Y0           LUT6 (Prop_lut6_I5_O)        0.045     0.285 r  program_rom/instantiate_loader.jtag_loader_6_inst/jtag_loader_gen.jtag_din_int[3]_i_1/O
                         net (fo=1, routed)           0.000     0.285    program_rom/instantiate_loader.jtag_loader_6_inst/jtag_loader_gen.jtag_din_int[3]_i_1_n_0
    SLICE_X8Y0           FDRE                                         r  program_rom/instantiate_loader.jtag_loader_6_inst/jtag_loader_gen.jtag_din_int_reg[3]/D
  -------------------------------------------------------------------    -------------------

Slack:                    inf
  Source:                 program_rom/instantiate_loader.jtag_loader_6_inst/jtag_loader_gen.jtag_addr_int_reg[3]/C
                            (rising edge-triggered cell FDRE)
  Destination:            program_rom/instantiate_loader.jtag_loader_6_inst/jtag_loader_gen.jtag_addr_int_reg[4]/D
  Path Group:             (none)
  Path Type:              Min at Fast Process Corner
  Data Path Delay:        0.292ns  (logic 0.128ns (43.898%)  route 0.164ns (56.102%))
  Logic Levels:           1  (FDRE=1)

    Location             Delay type                Incr(ns)  Path(ns)    Netlist Resource(s)
  -------------------------------------------------------------------    -------------------
    SLICE_X9Y3           FDRE                         0.000     0.000 r  program_rom/instantiate_loader.jtag_loader_6_inst/jtag_loader_gen.jtag_addr_int_reg[3]/C
    SLICE_X9Y3           FDRE (Prop_fdre_C_Q)         0.128     0.128 r  program_rom/instantiate_loader.jtag_loader_6_inst/jtag_loader_gen.jtag_addr_int_reg[3]/Q
                         net (fo=6, routed)           0.164     0.292    program_rom/instantiate_loader.jtag_loader_6_inst/D[4]
    SLICE_X9Y5           FDRE                                         r  program_rom/instantiate_loader.jtag_loader_6_inst/jtag_loader_gen.jtag_addr_int_reg[4]/D
  -------------------------------------------------------------------    -------------------

Slack:                    inf
  Source:                 sop_reg/C
                            (rising edge-triggered cell FDRE)
  Destination:            seg_reg[4]/D
  Path Group:             (none)
  Path Type:              Min at Fast Process Corner
  Data Path Delay:        0.304ns  (logic 0.209ns (68.852%)  route 0.095ns (31.148%))
  Logic Levels:           2  (FDRE=1 LUT6=1)

    Location             Delay type                Incr(ns)  Path(ns)    Netlist Resource(s)
  -------------------------------------------------------------------    -------------------
    SLICE_X8Y12          FDRE                         0.000     0.000 r  sop_reg/C
    SLICE_X8Y12          FDRE (Prop_fdre_C_Q)         0.164     0.164 r  sop_reg/Q
                         net (fo=15, routed)          0.095     0.259    sop
    SLICE_X9Y12          LUT6 (Prop_lut6_I0_O)        0.045     0.304 r  seg[4]_i_1/O
                         net (fo=1, routed)           0.000     0.304    seg[4]_i_1_n_0
    SLICE_X9Y12          FDRE                                         r  seg_reg[4]/D
  -------------------------------------------------------------------    -------------------

Slack:                    inf
  Source:                 sop_reg/C
                            (rising edge-triggered cell FDRE)
  Destination:            seg_reg[0]/D
  Path Group:             (none)
  Path Type:              Min at Fast Process Corner
  Data Path Delay:        0.307ns  (logic 0.209ns (68.178%)  route 0.098ns (31.822%))
  Logic Levels:           2  (FDRE=1 LUT6=1)

    Location             Delay type                Incr(ns)  Path(ns)    Netlist Resource(s)
  -------------------------------------------------------------------    -------------------
    SLICE_X8Y12          FDRE                         0.000     0.000 r  sop_reg/C
    SLICE_X8Y12          FDRE (Prop_fdre_C_Q)         0.164     0.164 r  sop_reg/Q
                         net (fo=15, routed)          0.098     0.262    sop
    SLICE_X9Y12          LUT6 (Prop_lut6_I0_O)        0.045     0.307 r  seg[0]_i_1/O
                         net (fo=1, routed)           0.000     0.307    seg[0]_i_1_n_0
    SLICE_X9Y12          FDRE                                         r  seg_reg[0]/D
  -------------------------------------------------------------------    -------------------

Slack:                    inf
  Source:                 program_rom/instantiate_loader.jtag_loader_6_inst/jtag_loader_gen.jtag_addr_int_reg[10]/C
                            (rising edge-triggered cell FDRE)
  Destination:            program_rom/ram_2k_generate.akv7.kcpsm6_rom/ADDRBWRADDR[14]
  Path Group:             (none)
  Path Type:              Min at Fast Process Corner
  Data Path Delay:        0.311ns  (logic 0.141ns (45.351%)  route 0.170ns (54.649%))
  Logic Levels:           1  (FDRE=1)

    Location             Delay type                Incr(ns)  Path(ns)    Netlist Resource(s)
  -------------------------------------------------------------------    -------------------
    SLICE_X9Y3           FDRE                         0.000     0.000 r  program_rom/instantiate_loader.jtag_loader_6_inst/jtag_loader_gen.jtag_addr_int_reg[10]/C
    SLICE_X9Y3           FDRE (Prop_fdre_C_Q)         0.141     0.141 r  program_rom/instantiate_loader.jtag_loader_6_inst/jtag_loader_gen.jtag_addr_int_reg[10]/Q
                         net (fo=2, routed)           0.170     0.311    program_rom/ADDRBWRADDR[14]
    RAMB36_X0Y0          RAMB36E1                                     r  program_rom/ram_2k_generate.akv7.kcpsm6_rom/ADDRBWRADDR[14]
  -------------------------------------------------------------------    -------------------

Slack:                    inf
  Source:                 program_rom/instantiate_loader.jtag_loader_6_inst/jtag_loader_gen.jtag_addr_int_reg[7]/C
                            (rising edge-triggered cell FDRE)
  Destination:            program_rom/instantiate_loader.jtag_loader_6_inst/jtag_loader_gen.jtag_addr_int_reg[8]/D
  Path Group:             (none)
  Path Type:              Min at Fast Process Corner
  Data Path Delay:        0.317ns  (logic 0.141ns (44.468%)  route 0.176ns (55.532%))
  Logic Levels:           1  (FDRE=1)

    Location             Delay type                Incr(ns)  Path(ns)    Netlist Resource(s)
  -------------------------------------------------------------------    -------------------
    SLICE_X9Y5           FDRE                         0.000     0.000 r  program_rom/instantiate_loader.jtag_loader_6_inst/jtag_loader_gen.jtag_addr_int_reg[7]/C
    SLICE_X9Y5           FDRE (Prop_fdre_C_Q)         0.141     0.141 r  program_rom/instantiate_loader.jtag_loader_6_inst/jtag_loader_gen.jtag_addr_int_reg[7]/Q
                         net (fo=2, routed)           0.176     0.317    program_rom/instantiate_loader.jtag_loader_6_inst/D[8]
    SLICE_X8Y7           FDRE                                         r  program_rom/instantiate_loader.jtag_loader_6_inst/jtag_loader_gen.jtag_addr_int_reg[8]/D
  -------------------------------------------------------------------    -------------------





--------------------------------------------------------------------------------------
Path Group:  (none)
From Clock:  clk_pin
  To Clock:  

Max Delay             7 Endpoints
Min Delay             7 Endpoints
--------------------------------------------------------------------------------------


Max Delay Paths
--------------------------------------------------------------------------------------
Slack:                    inf
  Source:                 led_reg[1]/C
                            (rising edge-triggered cell FDRE clocked by clk_pin  {rise@0.000ns fall@5.000ns period=10.000ns})
  Destination:            seg_reg[3]/D
  Path Group:             (none)
  Path Type:              Max at Slow Process Corner
  Data Path Delay:        3.148ns  (logic 1.018ns (32.335%)  route 2.130ns (67.665%))
  Logic Levels:           2  (LUT5=1 LUT6=1)
  Clock Uncertainty:      0.025ns  ((TSJ^2 + TIJ^2)^1/2 + DJ) / 2 + PE
    Total System Jitter     (TSJ):    0.050ns
    Total Input Jitter      (TIJ):    0.000ns
    Discrete Jitter          (DJ):    0.000ns
    Phase Error              (PE):    0.000ns

    Location             Delay type                Incr(ns)  Path(ns)    Netlist Resource(s)
  -------------------------------------------------------------------    -------------------
                         (clock clk_pin rise edge)    0.000     0.000 r  
    W5                                                0.000     0.000 r  clk (IN)
                         net (fo=0)                   0.000     0.000    clk
    W5                   IBUF (Prop_ibuf_I_O)         1.458     1.458 r  clk_IBUF_inst/O
                         net (fo=1, routed)           1.967     3.425    clk_IBUF
    BUFGCTRL_X0Y0        BUFG (Prop_bufg_I_O)         0.096     3.521 r  clk_IBUF_BUFG_inst/O
                         net (fo=165, routed)         1.632     5.153    clk_IBUF_BUFG
    SLICE_X6Y11          FDRE                                         r  led_reg[1]/C
  -------------------------------------------------------------------    -------------------
    SLICE_X6Y11          FDRE (Prop_fdre_C_Q)         0.518     5.671 r  led_reg[1]/Q
                         net (fo=7, routed)           0.968     6.639    led_OBUF[1]
    SLICE_X6Y11          LUT5 (Prop_lut5_I1_O)        0.152     6.791 f  seg[3]_i_2/O
                         net (fo=1, routed)           1.162     7.954    seg[3]_i_2_n_0
    SLICE_X9Y12          LUT6 (Prop_lut6_I5_O)        0.348     8.302 r  seg[3]_i_1/O
                         net (fo=1, routed)           0.000     8.302    seg[3]_i_1_n_0
    SLICE_X9Y12          FDRE                                         r  seg_reg[3]/D
  -------------------------------------------------------------------    -------------------

Slack:                    inf
  Source:                 led_reg[0]/C
                            (rising edge-triggered cell FDRE clocked by clk_pin  {rise@0.000ns fall@5.000ns period=10.000ns})
  Destination:            seg_reg[5]/D
  Path Group:             (none)
  Path Type:              Max at Slow Process Corner
  Data Path Delay:        2.962ns  (logic 1.002ns (33.831%)  route 1.960ns (66.169%))
  Logic Levels:           2  (LUT5=1 LUT6=1)
  Clock Uncertainty:      0.025ns  ((TSJ^2 + TIJ^2)^1/2 + DJ) / 2 + PE
    Total System Jitter     (TSJ):    0.050ns
    Total Input Jitter      (TIJ):    0.000ns
    Discrete Jitter          (DJ):    0.000ns
    Phase Error              (PE):    0.000ns

    Location             Delay type                Incr(ns)  Path(ns)    Netlist Resource(s)
  -------------------------------------------------------------------    -------------------
                         (clock clk_pin rise edge)    0.000     0.000 r  
    W5                                                0.000     0.000 r  clk (IN)
                         net (fo=0)                   0.000     0.000    clk
    W5                   IBUF (Prop_ibuf_I_O)         1.458     1.458 r  clk_IBUF_inst/O
                         net (fo=1, routed)           1.967     3.425    clk_IBUF
    BUFGCTRL_X0Y0        BUFG (Prop_bufg_I_O)         0.096     3.521 r  clk_IBUF_BUFG_inst/O
                         net (fo=165, routed)         1.636     5.157    clk_IBUF_BUFG
    SLICE_X2Y9           FDRE                                         r  led_reg[0]/C
  -------------------------------------------------------------------    -------------------
    SLICE_X2Y9           FDRE (Prop_fdre_C_Q)         0.518     5.675 r  led_reg[0]/Q
                         net (fo=7, routed)           0.989     6.664    led_OBUF[0]
    SLICE_X6Y11          LUT5 (Prop_lut5_I1_O)        0.153     6.817 f  seg[5]_i_2/O
                         net (fo=1, routed)           0.971     7.788    seg[5]_i_2_n_0
    SLICE_X8Y11          LUT6 (Prop_lut6_I5_O)        0.331     8.119 r  seg[5]_i_1/O
                         net (fo=1, routed)           0.000     8.119    seg[5]_i_1_n_0
    SLICE_X8Y11          FDRE                                         r  seg_reg[5]/D
  -------------------------------------------------------------------    -------------------

Slack:                    inf
  Source:                 led_reg[1]/C
                            (rising edge-triggered cell FDRE clocked by clk_pin  {rise@0.000ns fall@5.000ns period=10.000ns})
  Destination:            seg_reg[0]/D
  Path Group:             (none)
  Path Type:              Max at Slow Process Corner
  Data Path Delay:        2.790ns  (logic 0.996ns (35.696%)  route 1.794ns (64.304%))
  Logic Levels:           2  (LUT5=1 LUT6=1)
  Clock Uncertainty:      0.025ns  ((TSJ^2 + TIJ^2)^1/2 + DJ) / 2 + PE
    Total System Jitter     (TSJ):    0.050ns
    Total Input Jitter      (TIJ):    0.000ns
    Discrete Jitter          (DJ):    0.000ns
    Phase Error              (PE):    0.000ns

    Location             Delay type                Incr(ns)  Path(ns)    Netlist Resource(s)
  -------------------------------------------------------------------    -------------------
                         (clock clk_pin rise edge)    0.000     0.000 r  
    W5                                                0.000     0.000 r  clk (IN)
                         net (fo=0)                   0.000     0.000    clk
    W5                   IBUF (Prop_ibuf_I_O)         1.458     1.458 r  clk_IBUF_inst/O
                         net (fo=1, routed)           1.967     3.425    clk_IBUF
    BUFGCTRL_X0Y0        BUFG (Prop_bufg_I_O)         0.096     3.521 r  clk_IBUF_BUFG_inst/O
                         net (fo=165, routed)         1.632     5.153    clk_IBUF_BUFG
    SLICE_X6Y11          FDRE                                         r  led_reg[1]/C
  -------------------------------------------------------------------    -------------------
    SLICE_X6Y11          FDRE (Prop_fdre_C_Q)         0.518     5.671 f  led_reg[1]/Q
                         net (fo=7, routed)           0.978     6.649    led_OBUF[1]
    SLICE_X6Y11          LUT5 (Prop_lut5_I1_O)        0.150     6.799 f  seg[0]_i_2/O
                         net (fo=1, routed)           0.816     7.616    seg[0]_i_2_n_0
    SLICE_X9Y12          LUT6 (Prop_lut6_I5_O)        0.328     7.944 r  seg[0]_i_1/O
                         net (fo=1, routed)           0.000     7.944    seg[0]_i_1_n_0
    SLICE_X9Y12          FDRE                                         r  seg_reg[0]/D
  -------------------------------------------------------------------    -------------------

Slack:                    inf
  Source:                 led_reg[1]/C
                            (rising edge-triggered cell FDRE clocked by clk_pin  {rise@0.000ns fall@5.000ns period=10.000ns})
  Destination:            seg_reg[1]/D
  Path Group:             (none)
  Path Type:              Max at Slow Process Corner
  Data Path Delay:        2.768ns  (logic 0.766ns (27.676%)  route 2.002ns (72.324%))
  Logic Levels:           2  (LUT5=1 LUT6=1)
  Clock Uncertainty:      0.025ns  ((TSJ^2 + TIJ^2)^1/2 + DJ) / 2 + PE
    Total System Jitter     (TSJ):    0.050ns
    Total Input Jitter      (TIJ):    0.000ns
    Discrete Jitter          (DJ):    0.000ns
    Phase Error              (PE):    0.000ns

    Location             Delay type                Incr(ns)  Path(ns)    Netlist Resource(s)
  -------------------------------------------------------------------    -------------------
                         (clock clk_pin rise edge)    0.000     0.000 r  
    W5                                                0.000     0.000 r  clk (IN)
                         net (fo=0)                   0.000     0.000    clk
    W5                   IBUF (Prop_ibuf_I_O)         1.458     1.458 r  clk_IBUF_inst/O
                         net (fo=1, routed)           1.967     3.425    clk_IBUF
    BUFGCTRL_X0Y0        BUFG (Prop_bufg_I_O)         0.096     3.521 r  clk_IBUF_BUFG_inst/O
                         net (fo=165, routed)         1.632     5.153    clk_IBUF_BUFG
    SLICE_X6Y11          FDRE                                         r  led_reg[1]/C
  -------------------------------------------------------------------    -------------------
    SLICE_X6Y11          FDRE (Prop_fdre_C_Q)         0.518     5.671 r  led_reg[1]/Q
                         net (fo=7, routed)           0.978     6.649    led_OBUF[1]
    SLICE_X6Y11          LUT5 (Prop_lut5_I2_O)        0.124     6.773 f  seg[1]_i_2/O
                         net (fo=1, routed)           1.024     7.797    seg[1]_i_2_n_0
    SLICE_X8Y11          LUT6 (Prop_lut6_I5_O)        0.124     7.921 r  seg[1]_i_1/O
                         net (fo=1, routed)           0.000     7.921    seg[1]_i_1_n_0
    SLICE_X8Y11          FDRE                                         r  seg_reg[1]/D
  -------------------------------------------------------------------    -------------------

Slack:                    inf
  Source:                 led_reg[0]/C
                            (rising edge-triggered cell FDRE clocked by clk_pin  {rise@0.000ns fall@5.000ns period=10.000ns})
  Destination:            seg_reg[6]/D
  Path Group:             (none)
  Path Type:              Max at Slow Process Corner
  Data Path Delay:        2.745ns  (logic 1.029ns (37.492%)  route 1.716ns (62.508%))
  Logic Levels:           2  (LUT5=1 LUT6=1)
  Clock Uncertainty:      0.025ns  ((TSJ^2 + TIJ^2)^1/2 + DJ) / 2 + PE
    Total System Jitter     (TSJ):    0.050ns
    Total Input Jitter      (TIJ):    0.000ns
    Discrete Jitter          (DJ):    0.000ns
    Phase Error              (PE):    0.000ns

    Location             Delay type                Incr(ns)  Path(ns)    Netlist Resource(s)
  -------------------------------------------------------------------    -------------------
                         (clock clk_pin rise edge)    0.000     0.000 r  
    W5                                                0.000     0.000 r  clk (IN)
                         net (fo=0)                   0.000     0.000    clk
    W5                   IBUF (Prop_ibuf_I_O)         1.458     1.458 r  clk_IBUF_inst/O
                         net (fo=1, routed)           1.967     3.425    clk_IBUF
    BUFGCTRL_X0Y0        BUFG (Prop_bufg_I_O)         0.096     3.521 r  clk_IBUF_BUFG_inst/O
                         net (fo=165, routed)         1.636     5.157    clk_IBUF_BUFG
    SLICE_X2Y9           FDRE                                         r  led_reg[0]/C
  -------------------------------------------------------------------    -------------------
    SLICE_X2Y9           FDRE (Prop_fdre_C_Q)         0.518     5.675 r  led_reg[0]/Q
                         net (fo=7, routed)           1.008     6.683    led_OBUF[0]
    SLICE_X6Y11          LUT5 (Prop_lut5_I3_O)        0.156     6.839 f  seg[6]_i_2/O
                         net (fo=1, routed)           0.707     7.547    seg[6]_i_2_n_0
    SLICE_X8Y11          LUT6 (Prop_lut6_I5_O)        0.355     7.902 r  seg[6]_i_1/O
                         net (fo=1, routed)           0.000     7.902    seg[6]_i_1_n_0
    SLICE_X8Y11          FDRE                                         r  seg_reg[6]/D
  -------------------------------------------------------------------    -------------------

Slack:                    inf
  Source:                 led_reg[0]/C
                            (rising edge-triggered cell FDRE clocked by clk_pin  {rise@0.000ns fall@5.000ns period=10.000ns})
  Destination:            seg_reg[4]/D
  Path Group:             (none)
  Path Type:              Max at Slow Process Corner
  Data Path Delay:        2.553ns  (logic 0.766ns (29.999%)  route 1.787ns (70.001%))
  Logic Levels:           2  (LUT5=1 LUT6=1)
  Clock Uncertainty:      0.025ns  ((TSJ^2 + TIJ^2)^1/2 + DJ) / 2 + PE
    Total System Jitter     (TSJ):    0.050ns
    Total Input Jitter      (TIJ):    0.000ns
    Discrete Jitter          (DJ):    0.000ns
    Phase Error              (PE):    0.000ns

    Location             Delay type                Incr(ns)  Path(ns)    Netlist Resource(s)
  -------------------------------------------------------------------    -------------------
                         (clock clk_pin rise edge)    0.000     0.000 r  
    W5                                                0.000     0.000 r  clk (IN)
                         net (fo=0)                   0.000     0.000    clk
    W5                   IBUF (Prop_ibuf_I_O)         1.458     1.458 r  clk_IBUF_inst/O
                         net (fo=1, routed)           1.967     3.425    clk_IBUF
    BUFGCTRL_X0Y0        BUFG (Prop_bufg_I_O)         0.096     3.521 r  clk_IBUF_BUFG_inst/O
                         net (fo=165, routed)         1.636     5.157    clk_IBUF_BUFG
    SLICE_X2Y9           FDRE                                         r  led_reg[0]/C
  -------------------------------------------------------------------    -------------------
    SLICE_X2Y9           FDRE (Prop_fdre_C_Q)         0.518     5.675 r  led_reg[0]/Q
                         net (fo=7, routed)           0.989     6.664    led_OBUF[0]
    SLICE_X6Y11          LUT5 (Prop_lut5_I1_O)        0.124     6.788 f  seg[4]_i_2/O
                         net (fo=1, routed)           0.798     7.587    seg[4]_i_2_n_0
    SLICE_X9Y12          LUT6 (Prop_lut6_I5_O)        0.124     7.711 r  seg[4]_i_1/O
                         net (fo=1, routed)           0.000     7.711    seg[4]_i_1_n_0
    SLICE_X9Y12          FDRE                                         r  seg_reg[4]/D
  -------------------------------------------------------------------    -------------------

Slack:                    inf
  Source:                 led_reg[1]/C
                            (rising edge-triggered cell FDRE clocked by clk_pin  {rise@0.000ns fall@5.000ns period=10.000ns})
  Destination:            seg_reg[2]/D
  Path Group:             (none)
  Path Type:              Max at Slow Process Corner
  Data Path Delay:        2.268ns  (logic 0.766ns (33.780%)  route 1.502ns (66.220%))
  Logic Levels:           2  (LUT5=1 LUT6=1)
  Clock Uncertainty:      0.025ns  ((TSJ^2 + TIJ^2)^1/2 + DJ) / 2 + PE
    Total System Jitter     (TSJ):    0.050ns
    Total Input Jitter      (TIJ):    0.000ns
    Discrete Jitter          (DJ):    0.000ns
    Phase Error              (PE):    0.000ns

    Location             Delay type                Incr(ns)  Path(ns)    Netlist Resource(s)
  -------------------------------------------------------------------    -------------------
                         (clock clk_pin rise edge)    0.000     0.000 r  
    W5                                                0.000     0.000 r  clk (IN)
                         net (fo=0)                   0.000     0.000    clk
    W5                   IBUF (Prop_ibuf_I_O)         1.458     1.458 r  clk_IBUF_inst/O
                         net (fo=1, routed)           1.967     3.425    clk_IBUF
    BUFGCTRL_X0Y0        BUFG (Prop_bufg_I_O)         0.096     3.521 r  clk_IBUF_BUFG_inst/O
                         net (fo=165, routed)         1.632     5.153    clk_IBUF_BUFG
    SLICE_X6Y11          FDRE                                         r  led_reg[1]/C
  -------------------------------------------------------------------    -------------------
    SLICE_X6Y11          FDRE (Prop_fdre_C_Q)         0.518     5.671 r  led_reg[1]/Q
                         net (fo=7, routed)           0.968     6.639    led_OBUF[1]
    SLICE_X6Y11          LUT5 (Prop_lut5_I3_O)        0.124     6.763 f  seg[2]_i_2/O
                         net (fo=1, routed)           0.533     7.297    seg[2]_i_2_n_0
    SLICE_X9Y12          LUT6 (Prop_lut6_I5_O)        0.124     7.421 r  seg[2]_i_1/O
                         net (fo=1, routed)           0.000     7.421    seg[2]_i_1_n_0
    SLICE_X9Y12          FDRE                                         r  seg_reg[2]/D
  -------------------------------------------------------------------    -------------------





Min Delay Paths
--------------------------------------------------------------------------------------
Slack:                    inf
  Source:                 led_reg[4]/C
                            (rising edge-triggered cell FDRE clocked by clk_pin  {rise@0.000ns fall@5.000ns period=10.000ns})
  Destination:            seg_reg[1]/D
  Path Group:             (none)
  Path Type:              Min at Fast Process Corner
  Data Path Delay:        0.450ns  (logic 0.186ns (41.373%)  route 0.264ns (58.627%))
  Logic Levels:           1  (LUT6=1)
  Clock Uncertainty:      0.025ns  ((TSJ^2 + TIJ^2)^1/2 + DJ) / 2 + PE
    Total System Jitter     (TSJ):    0.050ns
    Total Input Jitter      (TIJ):    0.000ns
    Discrete Jitter          (DJ):    0.000ns
    Phase Error              (PE):    0.000ns

    Location             Delay type                Incr(ns)  Path(ns)    Netlist Resource(s)
  -------------------------------------------------------------------    -------------------
                         (clock clk_pin rise edge)    0.000     0.000 r  
    W5                                                0.000     0.000 r  clk (IN)
                         net (fo=0)                   0.000     0.000    clk
    W5                   IBUF (Prop_ibuf_I_O)         0.226     0.226 r  clk_IBUF_inst/O
                         net (fo=1, routed)           0.631     0.858    clk_IBUF
    BUFGCTRL_X0Y0        BUFG (Prop_bufg_I_O)         0.026     0.884 r  clk_IBUF_BUFG_inst/O
                         net (fo=165, routed)         0.591     1.474    clk_IBUF_BUFG
    SLICE_X7Y11          FDRE                                         r  led_reg[4]/C
  -------------------------------------------------------------------    -------------------
    SLICE_X7Y11          FDRE (Prop_fdre_C_Q)         0.141     1.615 r  led_reg[4]/Q
                         net (fo=7, routed)           0.264     1.879    led_OBUF[4]
    SLICE_X8Y11          LUT6 (Prop_lut6_I4_O)        0.045     1.924 r  seg[1]_i_1/O
                         net (fo=1, routed)           0.000     1.924    seg[1]_i_1_n_0
    SLICE_X8Y11          FDRE                                         r  seg_reg[1]/D
  -------------------------------------------------------------------    -------------------

Slack:                    inf
  Source:                 led_reg[4]/C
                            (rising edge-triggered cell FDRE clocked by clk_pin  {rise@0.000ns fall@5.000ns period=10.000ns})
  Destination:            seg_reg[5]/D
  Path Group:             (none)
  Path Type:              Min at Fast Process Corner
  Data Path Delay:        0.454ns  (logic 0.186ns (41.008%)  route 0.268ns (58.992%))
  Logic Levels:           1  (LUT6=1)
  Clock Uncertainty:      0.025ns  ((TSJ^2 + TIJ^2)^1/2 + DJ) / 2 + PE
    Total System Jitter     (TSJ):    0.050ns
    Total Input Jitter      (TIJ):    0.000ns
    Discrete Jitter          (DJ):    0.000ns
    Phase Error              (PE):    0.000ns

    Location             Delay type                Incr(ns)  Path(ns)    Netlist Resource(s)
  -------------------------------------------------------------------    -------------------
                         (clock clk_pin rise edge)    0.000     0.000 r  
    W5                                                0.000     0.000 r  clk (IN)
                         net (fo=0)                   0.000     0.000    clk
    W5                   IBUF (Prop_ibuf_I_O)         0.226     0.226 r  clk_IBUF_inst/O
                         net (fo=1, routed)           0.631     0.858    clk_IBUF
    BUFGCTRL_X0Y0        BUFG (Prop_bufg_I_O)         0.026     0.884 r  clk_IBUF_BUFG_inst/O
                         net (fo=165, routed)         0.591     1.474    clk_IBUF_BUFG
    SLICE_X7Y11          FDRE                                         r  led_reg[4]/C
  -------------------------------------------------------------------    -------------------
    SLICE_X7Y11          FDRE (Prop_fdre_C_Q)         0.141     1.615 r  led_reg[4]/Q
                         net (fo=7, routed)           0.268     1.883    led_OBUF[4]
    SLICE_X8Y11          LUT6 (Prop_lut6_I4_O)        0.045     1.928 r  seg[5]_i_1/O
                         net (fo=1, routed)           0.000     1.928    seg[5]_i_1_n_0
    SLICE_X8Y11          FDRE                                         r  seg_reg[5]/D
  -------------------------------------------------------------------    -------------------

Slack:                    inf
  Source:                 led_reg[6]/C
                            (rising edge-triggered cell FDRE clocked by clk_pin  {rise@0.000ns fall@5.000ns period=10.000ns})
  Destination:            seg_reg[6]/D
  Path Group:             (none)
  Path Type:              Min at Fast Process Corner
  Data Path Delay:        0.505ns  (logic 0.186ns (36.831%)  route 0.319ns (63.169%))
  Logic Levels:           1  (LUT6=1)
  Clock Uncertainty:      0.025ns  ((TSJ^2 + TIJ^2)^1/2 + DJ) / 2 + PE
    Total System Jitter     (TSJ):    0.050ns
    Total Input Jitter      (TIJ):    0.000ns
    Discrete Jitter          (DJ):    0.000ns
    Phase Error              (PE):    0.000ns

    Location             Delay type                Incr(ns)  Path(ns)    Netlist Resource(s)
  -------------------------------------------------------------------    -------------------
                         (clock clk_pin rise edge)    0.000     0.000 r  
    W5                                                0.000     0.000 r  clk (IN)
                         net (fo=0)                   0.000     0.000    clk
    W5                   IBUF (Prop_ibuf_I_O)         0.226     0.226 r  clk_IBUF_inst/O
                         net (fo=1, routed)           0.631     0.858    clk_IBUF
    BUFGCTRL_X0Y0        BUFG (Prop_bufg_I_O)         0.026     0.884 r  clk_IBUF_BUFG_inst/O
                         net (fo=165, routed)         0.592     1.475    clk_IBUF_BUFG
    SLICE_X7Y8           FDRE                                         r  led_reg[6]/C
  -------------------------------------------------------------------    -------------------
    SLICE_X7Y8           FDRE (Prop_fdre_C_Q)         0.141     1.616 r  led_reg[6]/Q
                         net (fo=7, routed)           0.319     1.935    led_OBUF[6]
    SLICE_X8Y11          LUT6 (Prop_lut6_I3_O)        0.045     1.980 r  seg[6]_i_1/O
                         net (fo=1, routed)           0.000     1.980    seg[6]_i_1_n_0
    SLICE_X8Y11          FDRE                                         r  seg_reg[6]/D
  -------------------------------------------------------------------    -------------------

Slack:                    inf
  Source:                 led_reg[4]/C
                            (rising edge-triggered cell FDRE clocked by clk_pin  {rise@0.000ns fall@5.000ns period=10.000ns})
  Destination:            seg_reg[2]/D
  Path Group:             (none)
  Path Type:              Min at Fast Process Corner
  Data Path Delay:        0.527ns  (logic 0.186ns (35.313%)  route 0.341ns (64.687%))
  Logic Levels:           1  (LUT6=1)
  Clock Uncertainty:      0.025ns  ((TSJ^2 + TIJ^2)^1/2 + DJ) / 2 + PE
    Total System Jitter     (TSJ):    0.050ns
    Total Input Jitter      (TIJ):    0.000ns
    Discrete Jitter          (DJ):    0.000ns
    Phase Error              (PE):    0.000ns

    Location             Delay type                Incr(ns)  Path(ns)    Netlist Resource(s)
  -------------------------------------------------------------------    -------------------
                         (clock clk_pin rise edge)    0.000     0.000 r  
    W5                                                0.000     0.000 r  clk (IN)
                         net (fo=0)                   0.000     0.000    clk
    W5                   IBUF (Prop_ibuf_I_O)         0.226     0.226 r  clk_IBUF_inst/O
                         net (fo=1, routed)           0.631     0.858    clk_IBUF
    BUFGCTRL_X0Y0        BUFG (Prop_bufg_I_O)         0.026     0.884 r  clk_IBUF_BUFG_inst/O
                         net (fo=165, routed)         0.591     1.474    clk_IBUF_BUFG
    SLICE_X7Y11          FDRE                                         r  led_reg[4]/C
  -------------------------------------------------------------------    -------------------
    SLICE_X7Y11          FDRE (Prop_fdre_C_Q)         0.141     1.615 f  led_reg[4]/Q
                         net (fo=7, routed)           0.341     1.956    led_OBUF[4]
    SLICE_X9Y12          LUT6 (Prop_lut6_I3_O)        0.045     2.001 r  seg[2]_i_1/O
                         net (fo=1, routed)           0.000     2.001    seg[2]_i_1_n_0
    SLICE_X9Y12          FDRE                                         r  seg_reg[2]/D
  -------------------------------------------------------------------    -------------------

Slack:                    inf
  Source:                 led_reg[4]/C
                            (rising edge-triggered cell FDRE clocked by clk_pin  {rise@0.000ns fall@5.000ns period=10.000ns})
  Destination:            seg_reg[3]/D
  Path Group:             (none)
  Path Type:              Min at Fast Process Corner
  Data Path Delay:        0.528ns  (logic 0.186ns (35.246%)  route 0.342ns (64.754%))
  Logic Levels:           1  (LUT6=1)
  Clock Uncertainty:      0.025ns  ((TSJ^2 + TIJ^2)^1/2 + DJ) / 2 + PE
    Total System Jitter     (TSJ):    0.050ns
    Total Input Jitter      (TIJ):    0.000ns
    Discrete Jitter          (DJ):    0.000ns
    Phase Error              (PE):    0.000ns

    Location             Delay type                Incr(ns)  Path(ns)    Netlist Resource(s)
  -------------------------------------------------------------------    -------------------
                         (clock clk_pin rise edge)    0.000     0.000 r  
    W5                                                0.000     0.000 r  clk (IN)
                         net (fo=0)                   0.000     0.000    clk
    W5                   IBUF (Prop_ibuf_I_O)         0.226     0.226 r  clk_IBUF_inst/O
                         net (fo=1, routed)           0.631     0.858    clk_IBUF
    BUFGCTRL_X0Y0        BUFG (Prop_bufg_I_O)         0.026     0.884 r  clk_IBUF_BUFG_inst/O
                         net (fo=165, routed)         0.591     1.474    clk_IBUF_BUFG
    SLICE_X7Y11          FDRE                                         r  led_reg[4]/C
  -------------------------------------------------------------------    -------------------
    SLICE_X7Y11          FDRE (Prop_fdre_C_Q)         0.141     1.615 r  led_reg[4]/Q
                         net (fo=7, routed)           0.342     1.957    led_OBUF[4]
    SLICE_X9Y12          LUT6 (Prop_lut6_I3_O)        0.045     2.002 r  seg[3]_i_1/O
                         net (fo=1, routed)           0.000     2.002    seg[3]_i_1_n_0
    SLICE_X9Y12          FDRE                                         r  seg_reg[3]/D
  -------------------------------------------------------------------    -------------------

Slack:                    inf
  Source:                 led_reg[5]/C
                            (rising edge-triggered cell FDRE clocked by clk_pin  {rise@0.000ns fall@5.000ns period=10.000ns})
  Destination:            seg_reg[0]/D
  Path Group:             (none)
  Path Type:              Min at Fast Process Corner
  Data Path Delay:        0.542ns  (logic 0.186ns (34.314%)  route 0.356ns (65.686%))
  Logic Levels:           1  (LUT6=1)
  Clock Uncertainty:      0.025ns  ((TSJ^2 + TIJ^2)^1/2 + DJ) / 2 + PE
    Total System Jitter     (TSJ):    0.050ns
    Total Input Jitter      (TIJ):    0.000ns
    Discrete Jitter          (DJ):    0.000ns
    Phase Error              (PE):    0.000ns

    Location             Delay type                Incr(ns)  Path(ns)    Netlist Resource(s)
  -------------------------------------------------------------------    -------------------
                         (clock clk_pin rise edge)    0.000     0.000 r  
    W5                                                0.000     0.000 r  clk (IN)
                         net (fo=0)                   0.000     0.000    clk
    W5                   IBUF (Prop_ibuf_I_O)         0.226     0.226 r  clk_IBUF_inst/O
                         net (fo=1, routed)           0.631     0.858    clk_IBUF
    BUFGCTRL_X0Y0        BUFG (Prop_bufg_I_O)         0.026     0.884 r  clk_IBUF_BUFG_inst/O
                         net (fo=165, routed)         0.592     1.475    clk_IBUF_BUFG
    SLICE_X7Y8           FDRE                                         r  led_reg[5]/C
  -------------------------------------------------------------------    -------------------
    SLICE_X7Y8           FDRE (Prop_fdre_C_Q)         0.141     1.616 f  led_reg[5]/Q
                         net (fo=7, routed)           0.356     1.972    led_OBUF[5]
    SLICE_X9Y12          LUT6 (Prop_lut6_I4_O)        0.045     2.017 r  seg[0]_i_1/O
                         net (fo=1, routed)           0.000     2.017    seg[0]_i_1_n_0
    SLICE_X9Y12          FDRE                                         r  seg_reg[0]/D
  -------------------------------------------------------------------    -------------------

Slack:                    inf
  Source:                 led_reg[5]/C
                            (rising edge-triggered cell FDRE clocked by clk_pin  {rise@0.000ns fall@5.000ns period=10.000ns})
  Destination:            seg_reg[4]/D
  Path Group:             (none)
  Path Type:              Min at Fast Process Corner
  Data Path Delay:        0.542ns  (logic 0.186ns (34.314%)  route 0.356ns (65.686%))
  Logic Levels:           1  (LUT6=1)
  Clock Uncertainty:      0.025ns  ((TSJ^2 + TIJ^2)^1/2 + DJ) / 2 + PE
    Total System Jitter     (TSJ):    0.050ns
    Total Input Jitter      (TIJ):    0.000ns
    Discrete Jitter          (DJ):    0.000ns
    Phase Error              (PE):    0.000ns

    Location             Delay type                Incr(ns)  Path(ns)    Netlist Resource(s)
  -------------------------------------------------------------------    -------------------
                         (clock clk_pin rise edge)    0.000     0.000 r  
    W5                                                0.000     0.000 r  clk (IN)
                         net (fo=0)                   0.000     0.000    clk
    W5                   IBUF (Prop_ibuf_I_O)         0.226     0.226 r  clk_IBUF_inst/O
                         net (fo=1, routed)           0.631     0.858    clk_IBUF
    BUFGCTRL_X0Y0        BUFG (Prop_bufg_I_O)         0.026     0.884 r  clk_IBUF_BUFG_inst/O
                         net (fo=165, routed)         0.592     1.475    clk_IBUF_BUFG
    SLICE_X7Y8           FDRE                                         r  led_reg[5]/C
  -------------------------------------------------------------------    -------------------
    SLICE_X7Y8           FDRE (Prop_fdre_C_Q)         0.141     1.616 r  led_reg[5]/Q
                         net (fo=7, routed)           0.356     1.972    led_OBUF[5]
    SLICE_X9Y12          LUT6 (Prop_lut6_I2_O)        0.045     2.017 r  seg[4]_i_1/O
                         net (fo=1, routed)           0.000     2.017    seg[4]_i_1_n_0
    SLICE_X9Y12          FDRE                                         r  seg_reg[4]/D
  -------------------------------------------------------------------    -------------------





--------------------------------------------------------------------------------------
Path Group:  (none)
From Clock:  
  To Clock:  clk_pin

Max Delay             2 Endpoints
Min Delay             2 Endpoints
--------------------------------------------------------------------------------------


Max Delay Paths
--------------------------------------------------------------------------------------
Slack:                    inf
  Source:                 program_rom/instantiate_loader.jtag_loader_6_inst/jtag_loader_gen.picoblaze_reset_int_reg[0]/C
                            (rising edge-triggered cell FDRE)
  Destination:            processor/internal_reset_flop/D
                            (rising edge-triggered cell FDRE clocked by clk_pin  {rise@0.000ns fall@5.000ns period=10.000ns})
  Path Group:             (none)
  Path Type:              Setup (Max at Slow Process Corner)
  Data Path Delay:        2.784ns  (logic 0.704ns (25.289%)  route 2.080ns (74.711%))
  Logic Levels:           3  (FDRE=1 LUT2=1 LUT6=1)
  Clock Uncertainty:      0.025ns  ((TSJ^2 + TIJ^2)^1/2 + DJ) / 2 + PE
    Total System Jitter     (TSJ):    0.050ns
    Total Input Jitter      (TIJ):    0.000ns
    Discrete Jitter          (DJ):    0.000ns
    Phase Error              (PE):    0.000ns

    Location             Delay type                Incr(ns)  Path(ns)    Netlist Resource(s)
  -------------------------------------------------------------------    -------------------
    SLICE_X9Y4           FDRE                         0.000     0.000 r  program_rom/instantiate_loader.jtag_loader_6_inst/jtag_loader_gen.picoblaze_reset_int_reg[0]/C
    SLICE_X9Y4           FDRE (Prop_fdre_C_Q)         0.456     0.456 r  program_rom/instantiate_loader.jtag_loader_6_inst/jtag_loader_gen.picoblaze_reset_int_reg[0]/Q
                         net (fo=3, routed)           0.477     0.933    program_rom/instantiate_loader.jtag_loader_6_inst/rdl
    SLICE_X8Y8           LUT2 (Prop_lut2_I1_O)        0.124     1.057 r  program_rom/instantiate_loader.jtag_loader_6_inst/reset_lut_i_1/O
                         net (fo=2, routed)           1.603     2.660    processor/reset_lut/I4
    SLICE_X11Y8          LUT6 (Prop_lut6_I4_O)        0.124     2.784 r  processor/reset_lut/LUT6/O
                         net (fo=1, routed)           0.000     2.784    processor/internal_reset_value
    SLICE_X11Y8          FDRE                                         r  processor/internal_reset_flop/D
  -------------------------------------------------------------------    -------------------

                         (clock clk_pin rise edge)    0.000     0.000 r  
    W5                                                0.000     0.000 r  clk (IN)
                         net (fo=0)                   0.000     0.000    clk
    W5                   IBUF (Prop_ibuf_I_O)         1.388     1.388 r  clk_IBUF_inst/O
                         net (fo=1, routed)           1.862     3.250    clk_IBUF
    BUFGCTRL_X0Y0        BUFG (Prop_bufg_I_O)         0.091     3.341 r  clk_IBUF_BUFG_inst/O
                         net (fo=165, routed)         1.450     4.791    processor/CLK
    SLICE_X11Y8          FDRE                                         r  processor/internal_reset_flop/C

Slack:                    inf
  Source:                 program_rom/instantiate_loader.jtag_loader_6_inst/jtag_loader_gen.picoblaze_reset_int_reg[0]/C
                            (rising edge-triggered cell FDRE)
  Destination:            processor/run_flop/D
                            (rising edge-triggered cell FDRE clocked by clk_pin  {rise@0.000ns fall@5.000ns period=10.000ns})
  Path Group:             (none)
  Path Type:              Setup (Max at Slow Process Corner)
  Data Path Delay:        2.778ns  (logic 0.698ns (25.127%)  route 2.080ns (74.873%))
  Logic Levels:           3  (FDRE=1 LUT2=1 LUT5=1)
  Clock Uncertainty:      0.025ns  ((TSJ^2 + TIJ^2)^1/2 + DJ) / 2 + PE
    Total System Jitter     (TSJ):    0.050ns
    Total Input Jitter      (TIJ):    0.000ns
    Discrete Jitter          (DJ):    0.000ns
    Phase Error              (PE):    0.000ns

    Location             Delay type                Incr(ns)  Path(ns)    Netlist Resource(s)
  -------------------------------------------------------------------    -------------------
    SLICE_X9Y4           FDRE                         0.000     0.000 r  program_rom/instantiate_loader.jtag_loader_6_inst/jtag_loader_gen.picoblaze_reset_int_reg[0]/C
    SLICE_X9Y4           FDRE (Prop_fdre_C_Q)         0.456     0.456 f  program_rom/instantiate_loader.jtag_loader_6_inst/jtag_loader_gen.picoblaze_reset_int_reg[0]/Q
                         net (fo=3, routed)           0.477     0.933    program_rom/instantiate_loader.jtag_loader_6_inst/rdl
    SLICE_X8Y8           LUT2 (Prop_lut2_I1_O)        0.124     1.057 f  program_rom/instantiate_loader.jtag_loader_6_inst/reset_lut_i_1/O
                         net (fo=2, routed)           1.603     2.660    processor/reset_lut/I4
    SLICE_X11Y8          LUT5 (Prop_lut5_I4_O)        0.118     2.778 r  processor/reset_lut/LUT5/O
                         net (fo=1, routed)           0.000     2.778    processor/run_value
    SLICE_X11Y8          FDRE                                         r  processor/run_flop/D
  -------------------------------------------------------------------    -------------------

                         (clock clk_pin rise edge)    0.000     0.000 r  
    W5                                                0.000     0.000 r  clk (IN)
                         net (fo=0)                   0.000     0.000    clk
    W5                   IBUF (Prop_ibuf_I_O)         1.388     1.388 r  clk_IBUF_inst/O
                         net (fo=1, routed)           1.862     3.250    clk_IBUF
    BUFGCTRL_X0Y0        BUFG (Prop_bufg_I_O)         0.091     3.341 r  clk_IBUF_BUFG_inst/O
                         net (fo=165, routed)         1.450     4.791    processor/CLK
    SLICE_X11Y8          FDRE                                         r  processor/run_flop/C





Min Delay Paths
--------------------------------------------------------------------------------------
Slack:                    inf
  Source:                 program_rom/instantiate_loader.jtag_loader_6_inst/jtag_loader_gen.picoblaze_reset_int_reg[0]/C
                            (rising edge-triggered cell FDRE)
  Destination:            processor/internal_reset_flop/D
                            (rising edge-triggered cell FDRE clocked by clk_pin  {rise@0.000ns fall@5.000ns period=10.000ns})
  Path Group:             (none)
  Path Type:              Hold (Min at Fast Process Corner)
  Data Path Delay:        1.026ns  (logic 0.231ns (22.518%)  route 0.795ns (77.482%))
  Logic Levels:           3  (FDRE=1 LUT2=1 LUT6=1)
  Clock Uncertainty:      0.025ns  ((TSJ^2 + TIJ^2)^1/2 + DJ) / 2 + PE
    Total System Jitter     (TSJ):    0.050ns
    Total Input Jitter      (TIJ):    0.000ns
    Discrete Jitter          (DJ):    0.000ns
    Phase Error              (PE):    0.000ns

    Location             Delay type                Incr(ns)  Path(ns)    Netlist Resource(s)
  -------------------------------------------------------------------    -------------------
    SLICE_X9Y4           FDRE                         0.000     0.000 r  program_rom/instantiate_loader.jtag_loader_6_inst/jtag_loader_gen.picoblaze_reset_int_reg[0]/C
    SLICE_X9Y4           FDRE (Prop_fdre_C_Q)         0.141     0.141 r  program_rom/instantiate_loader.jtag_loader_6_inst/jtag_loader_gen.picoblaze_reset_int_reg[0]/Q
                         net (fo=3, routed)           0.202     0.343    program_rom/instantiate_loader.jtag_loader_6_inst/rdl
    SLICE_X8Y8           LUT2 (Prop_lut2_I1_O)        0.045     0.388 r  program_rom/instantiate_loader.jtag_loader_6_inst/reset_lut_i_1/O
                         net (fo=2, routed)           0.593     0.981    processor/reset_lut/I4
    SLICE_X11Y8          LUT6 (Prop_lut6_I4_O)        0.045     1.026 r  processor/reset_lut/LUT6/O
                         net (fo=1, routed)           0.000     1.026    processor/internal_reset_value
    SLICE_X11Y8          FDRE                                         r  processor/internal_reset_flop/D
  -------------------------------------------------------------------    -------------------

                         (clock clk_pin rise edge)    0.000     0.000 r  
    W5                                                0.000     0.000 r  clk (IN)
                         net (fo=0)                   0.000     0.000    clk
    W5                   IBUF (Prop_ibuf_I_O)         0.414     0.414 r  clk_IBUF_inst/O
                         net (fo=1, routed)           0.685     1.099    clk_IBUF
    BUFGCTRL_X0Y0        BUFG (Prop_bufg_I_O)         0.029     1.128 r  clk_IBUF_BUFG_inst/O
                         net (fo=165, routed)         0.835     1.962    processor/CLK
    SLICE_X11Y8          FDRE                                         r  processor/internal_reset_flop/C

Slack:                    inf
  Source:                 program_rom/instantiate_loader.jtag_loader_6_inst/jtag_loader_gen.picoblaze_reset_int_reg[0]/C
                            (rising edge-triggered cell FDRE)
  Destination:            processor/run_flop/D
                            (rising edge-triggered cell FDRE clocked by clk_pin  {rise@0.000ns fall@5.000ns period=10.000ns})
  Path Group:             (none)
  Path Type:              Hold (Min at Fast Process Corner)
  Data Path Delay:        1.029ns  (logic 0.234ns (22.744%)  route 0.795ns (77.256%))
  Logic Levels:           3  (FDRE=1 LUT2=1 LUT5=1)
  Clock Uncertainty:      0.025ns  ((TSJ^2 + TIJ^2)^1/2 + DJ) / 2 + PE
    Total System Jitter     (TSJ):    0.050ns
    Total Input Jitter      (TIJ):    0.000ns
    Discrete Jitter          (DJ):    0.000ns
    Phase Error              (PE):    0.000ns

    Location             Delay type                Incr(ns)  Path(ns)    Netlist Resource(s)
  -------------------------------------------------------------------    -------------------
    SLICE_X9Y4           FDRE                         0.000     0.000 r  program_rom/instantiate_loader.jtag_loader_6_inst/jtag_loader_gen.picoblaze_reset_int_reg[0]/C
    SLICE_X9Y4           FDRE (Prop_fdre_C_Q)         0.141     0.141 f  program_rom/instantiate_loader.jtag_loader_6_inst/jtag_loader_gen.picoblaze_reset_int_reg[0]/Q
                         net (fo=3, routed)           0.202     0.343    program_rom/instantiate_loader.jtag_loader_6_inst/rdl
    SLICE_X8Y8           LUT2 (Prop_lut2_I1_O)        0.045     0.388 f  program_rom/instantiate_loader.jtag_loader_6_inst/reset_lut_i_1/O
                         net (fo=2, routed)           0.593     0.981    processor/reset_lut/I4
    SLICE_X11Y8          LUT5 (Prop_lut5_I4_O)        0.048     1.029 r  processor/reset_lut/LUT5/O
                         net (fo=1, routed)           0.000     1.029    processor/run_value
    SLICE_X11Y8          FDRE                                         r  processor/run_flop/D
  -------------------------------------------------------------------    -------------------

                         (clock clk_pin rise edge)    0.000     0.000 r  
    W5                                                0.000     0.000 r  clk (IN)
                         net (fo=0)                   0.000     0.000    clk
    W5                   IBUF (Prop_ibuf_I_O)         0.414     0.414 r  clk_IBUF_inst/O
                         net (fo=1, routed)           0.685     1.099    clk_IBUF
    BUFGCTRL_X0Y0        BUFG (Prop_bufg_I_O)         0.029     1.128 r  clk_IBUF_BUFG_inst/O
                         net (fo=165, routed)         0.835     1.962    processor/CLK
    SLICE_X11Y8          FDRE                                         r  processor/run_flop/C





