Copyright 1986-2022 Xilinx, Inc. All Rights Reserved. Copyright 2022-2023 Advanced Micro Devices, Inc. All Rights Reserved.
---------------------------------------------------------------------------------------------------------------------------------------------------------------------------------------------------------------------
| Tool Version : Vivado v.2023.1 (win64) Build 3865809 Sun May  7 15:05:29 MDT 2023
| Date         : Tue Oct 31 19:05:51 2023
| Host         : Oct running 64-bit major release  (build 9200)
| Command      : report_timing_summary -max_paths 10 -report_unconstrained -file Top_modu_timing_summary_routed.rpt -pb Top_modu_timing_summary_routed.pb -rpx Top_modu_timing_summary_routed.rpx -warn_on_violation
| Design       : Top_modu
| Device       : 7a35t-cpg236
| Speed File   : -1  PRODUCTION 1.23 2018-06-13
| Design State : Routed
---------------------------------------------------------------------------------------------------------------------------------------------------------------------------------------------------------------------

Timing Summary Report

------------------------------------------------------------------------------------------------
| Timer Settings
| --------------
------------------------------------------------------------------------------------------------

  Enable Multi Corner Analysis               :  Yes
  Enable Pessimism Removal                   :  Yes
  Pessimism Removal Resolution               :  Nearest Common Node
  Enable Input Delay Default Clock           :  No
  Enable Preset / Clear Arcs                 :  No
  Disable Flight Delays                      :  No
  Ignore I/O Paths                           :  No
  Timing Early Launch at Borrowing Latches   :  No
  Borrow Time for Max Delay Exceptions       :  Yes
  Merge Timing Exceptions                    :  Yes

  Corner  Analyze    Analyze    
  Name    Max Paths  Min Paths  
  ------  ---------  ---------  
  Slow    Yes        Yes        
  Fast    Yes        Yes        


------------------------------------------------------------------------------------------------
| Report Methodology
| ------------------
------------------------------------------------------------------------------------------------

Rule       Severity  Description                               Violations  
---------  --------  ----------------------------------------  ----------  
TIMING-16  Warning   Large setup violation                     9           
XDCH-2     Warning   Same min and max delay values on IO port  10          

Note: This report is based on the most recent report_methodology run and may not be up-to-date. Run report_methodology on the current design for the latest report.



check_timing report

Table of Contents
-----------------
1. checking no_clock (0)
2. checking constant_clock (0)
3. checking pulse_width_clock (0)
4. checking unconstrained_internal_endpoints (0)
5. checking no_input_delay (0)
6. checking no_output_delay (0)
7. checking multiple_clock (0)
8. checking generated_clocks (0)
9. checking loops (0)
10. checking partial_input_delay (0)
11. checking partial_output_delay (0)
12. checking latch_loops (0)

1. checking no_clock (0)
------------------------
 There are 0 register/latch pins with no clock.


2. checking constant_clock (0)
------------------------------
 There are 0 register/latch pins with constant_clock.


3. checking pulse_width_clock (0)
---------------------------------
 There are 0 register/latch pins which need pulse_width check


4. checking unconstrained_internal_endpoints (0)
------------------------------------------------
 There are 0 pins that are not constrained for maximum delay.

 There are 0 pins that are not constrained for maximum delay due to constant clock.


5. checking no_input_delay (0)
------------------------------
 There are 0 input ports with no input delay specified.

 There are 0 input ports with no input delay but user has a false path constraint.


6. checking no_output_delay (0)
-------------------------------
 There are 0 ports with no output delay specified.

 There are 0 ports with no output delay but user has a false path constraint

 There are 0 ports with no output delay but with a timing clock defined on it or propagating through it


7. checking multiple_clock (0)
------------------------------
 There are 0 register/latch pins with multiple clocks.


8. checking generated_clocks (0)
--------------------------------
 There are 0 generated clocks that are not connected to a clock source.


9. checking loops (0)
---------------------
 There are 0 combinational loops in the design.


10. checking partial_input_delay (0)
------------------------------------
 There are 0 input ports with partial input delay specified.


11. checking partial_output_delay (0)
-------------------------------------
 There are 0 ports with partial output delay specified.


12. checking latch_loops (0)
----------------------------
 There are 0 combinational latch loops in the design through latch input



------------------------------------------------------------------------------------------------
| Design Timing Summary
| ---------------------
------------------------------------------------------------------------------------------------

    WNS(ns)      TNS(ns)  TNS Failing Endpoints  TNS Total Endpoints      WHS(ns)      THS(ns)  THS Failing Endpoints  THS Total Endpoints     WPWS(ns)     TPWS(ns)  TPWS Failing Endpoints  TPWS Total Endpoints  
    -------      -------  ---------------------  -------------------      -------      -------  ---------------------  -------------------     --------     --------  ----------------------  --------------------  
     -2.703      -24.197                      9                  350        0.060        0.000                      0                  350        4.500        0.000                       0                   129  


Timing constraints are not met.


------------------------------------------------------------------------------------------------
| Clock Summary
| -------------
------------------------------------------------------------------------------------------------

Clock          Waveform(ns)       Period(ns)      Frequency(MHz)
-----          ------------       ----------      --------------
sys_clk_pin    {0.000 5.000}      10.000          100.000         
virtual_clock  {0.000 5.000}      10.000          100.000         


------------------------------------------------------------------------------------------------
| Intra Clock Table
| -----------------
------------------------------------------------------------------------------------------------

Clock             WNS(ns)      TNS(ns)  TNS Failing Endpoints  TNS Total Endpoints      WHS(ns)      THS(ns)  THS Failing Endpoints  THS Total Endpoints     WPWS(ns)     TPWS(ns)  TPWS Failing Endpoints  TPWS Total Endpoints  
-----             -------      -------  ---------------------  -------------------      -------      -------  ---------------------  -------------------     --------     --------  ----------------------  --------------------  
sys_clk_pin         1.918        0.000                      0                  213        0.192        0.000                      0                  213        4.500        0.000                       0                   129  


------------------------------------------------------------------------------------------------
| Inter Clock Table
| -----------------
------------------------------------------------------------------------------------------------

From Clock     To Clock           WNS(ns)      TNS(ns)  TNS Failing Endpoints  TNS Total Endpoints      WHS(ns)      THS(ns)  THS Failing Endpoints  THS Total Endpoints  
----------     --------           -------      -------  ---------------------  -------------------      -------      -------  ---------------------  -------------------  
virtual_clock  sys_clk_pin          5.846        0.000                      0                   12        0.060        0.000                      0                   12  
sys_clk_pin    virtual_clock       -2.703      -24.197                      9                   10        0.464        0.000                      0                   10  


------------------------------------------------------------------------------------------------
| Other Path Groups Table
| -----------------------
------------------------------------------------------------------------------------------------

Path Group         From Clock         To Clock               WNS(ns)      TNS(ns)  TNS Failing Endpoints  TNS Total Endpoints      WHS(ns)      THS(ns)  THS Failing Endpoints  THS Total Endpoints  
----------         ----------         --------               -------      -------  ---------------------  -------------------      -------      -------  ---------------------  -------------------  
**async_default**  sys_clk_pin        sys_clk_pin              2.822        0.000                      0                  119        0.517        0.000                      0                  119  


------------------------------------------------------------------------------------------------
| User Ignored Path Table
| -----------------------
------------------------------------------------------------------------------------------------

Path Group    From Clock    To Clock    
----------    ----------    --------    


------------------------------------------------------------------------------------------------
| Unconstrained Path Table
| ------------------------
------------------------------------------------------------------------------------------------

Path Group    From Clock    To Clock    
----------    ----------    --------    


------------------------------------------------------------------------------------------------
| Timing Details
| --------------
------------------------------------------------------------------------------------------------


---------------------------------------------------------------------------------------------------
From Clock:  sys_clk_pin
  To Clock:  sys_clk_pin

Setup :            0  Failing Endpoints,  Worst Slack        1.918ns,  Total Violation        0.000ns
Hold  :            0  Failing Endpoints,  Worst Slack        0.192ns,  Total Violation        0.000ns
PW    :            0  Failing Endpoints,  Worst Slack        4.500ns,  Total Violation        0.000ns
---------------------------------------------------------------------------------------------------


Max Delay Paths
--------------------------------------------------------------------------------------
Slack (MET) :             1.918ns  (required time - arrival time)
  Source:                 Controle/FSM_onehot_estado_atual_reg[2]/C
                            (rising edge-triggered cell FDCE clocked by sys_clk_pin  {rise@0.000ns fall@5.000ns period=10.000ns})
  Destination:            Controle/FSM_onehot_estado_atual_reg[2]/D
                            (rising edge-triggered cell FDCE clocked by sys_clk_pin  {rise@0.000ns fall@5.000ns period=10.000ns})
  Path Group:             sys_clk_pin
  Path Type:              Setup (Max at Slow Process Corner)
  Requirement:            10.000ns  (sys_clk_pin rise@10.000ns - sys_clk_pin rise@0.000ns)
  Data Path Delay:        7.966ns  (logic 0.580ns (7.281%)  route 7.386ns (92.719%))
  Logic Levels:           1  (LUT4=1)
  Clock Path Skew:        0.000ns (DCD - SCD + CPR)
    Destination Clock Delay (DCD):    4.846ns = ( 14.846 - 10.000 ) 
    Source Clock Delay      (SCD):    5.143ns
    Clock Pessimism Removal (CPR):    0.297ns
  Clock Uncertainty:      0.035ns  ((TSJ^2 + TIJ^2)^1/2 + DJ) / 2 + PE
    Total System Jitter     (TSJ):    0.071ns
    Total Input Jitter      (TIJ):    0.000ns
    Discrete Jitter          (DJ):    0.000ns
    Phase Error              (PE):    0.000ns

    Location             Delay type                Incr(ns)  Path(ns)    Netlist Resource(s)
  -------------------------------------------------------------------    -------------------
                         (clock sys_clk_pin rise edge)
                                                      0.000     0.000 r  
    W5                                                0.000     0.000 r  clk (IN)
                         net (fo=0)                   0.000     0.000    clk
    W5                   IBUF (Prop_ibuf_I_O)         1.458     1.458 r  clk_IBUF_inst/O
                         net (fo=1, routed)           1.967     3.425    clk_IBUF
    BUFGCTRL_X0Y0        BUFG (Prop_bufg_I_O)         0.096     3.521 r  clk_IBUF_BUFG_inst/O
                         net (fo=128, routed)         1.622     5.143    Controle/CLK
    SLICE_X65Y87         FDCE                                         r  Controle/FSM_onehot_estado_atual_reg[2]/C
  -------------------------------------------------------------------    -------------------
    SLICE_X65Y87         FDCE (Prop_fdce_C_Q)         0.456     5.599 r  Controle/FSM_onehot_estado_atual_reg[2]/Q
                         net (fo=4, routed)           3.734     9.333    Controle/Q[2]
    SLICE_X1Y19          LUT4 (Prop_lut4_I1_O)        0.124     9.457 r  Controle/FSM_onehot_estado_atual[2]_i_1/O
                         net (fo=1, routed)           3.652    13.108    Controle/FSM_onehot_estado_atual[2]_i_1_n_0
    SLICE_X65Y87         FDCE                                         r  Controle/FSM_onehot_estado_atual_reg[2]/D
  -------------------------------------------------------------------    -------------------

                         (clock sys_clk_pin rise edge)
                                                     10.000    10.000 r  
    W5                                                0.000    10.000 r  clk (IN)
                         net (fo=0)                   0.000    10.000    clk
    W5                   IBUF (Prop_ibuf_I_O)         1.388    11.388 r  clk_IBUF_inst/O
                         net (fo=1, routed)           1.862    13.250    clk_IBUF
    BUFGCTRL_X0Y0        BUFG (Prop_bufg_I_O)         0.091    13.341 r  clk_IBUF_BUFG_inst/O
                         net (fo=128, routed)         1.505    14.846    Controle/CLK
    SLICE_X65Y87         FDCE                                         r  Controle/FSM_onehot_estado_atual_reg[2]/C
                         clock pessimism              0.297    15.143    
                         clock uncertainty           -0.035    15.108    
    SLICE_X65Y87         FDCE (Setup_fdce_C_D)       -0.081    15.027    Controle/FSM_onehot_estado_atual_reg[2]
  -------------------------------------------------------------------
                         required time                         15.027    
                         arrival time                         -13.108    
  -------------------------------------------------------------------
                         slack                                  1.918    

Slack (MET) :             4.268ns  (required time - arrival time)
  Source:                 Controle/FSM_onehot_estado_atual_reg[2]/C
                            (rising edge-triggered cell FDCE clocked by sys_clk_pin  {rise@0.000ns fall@5.000ns period=10.000ns})
  Destination:            BlocoOpera/regx_reg[0]/CE
                            (rising edge-triggered cell FDRE clocked by sys_clk_pin  {rise@0.000ns fall@5.000ns period=10.000ns})
  Path Group:             sys_clk_pin
  Path Type:              Setup (Max at Slow Process Corner)
  Requirement:            10.000ns  (sys_clk_pin rise@10.000ns - sys_clk_pin rise@0.000ns)
  Data Path Delay:        5.182ns  (logic 0.574ns (11.078%)  route 4.608ns (88.922%))
  Logic Levels:           1  (LUT3=1)
  Clock Path Skew:        -0.108ns (DCD - SCD + CPR)
    Destination Clock Delay (DCD):    4.855ns = ( 14.855 - 10.000 ) 
    Source Clock Delay      (SCD):    5.143ns
    Clock Pessimism Removal (CPR):    0.180ns
  Clock Uncertainty:      0.035ns  ((TSJ^2 + TIJ^2)^1/2 + DJ) / 2 + PE
    Total System Jitter     (TSJ):    0.071ns
    Total Input Jitter      (TIJ):    0.000ns
    Discrete Jitter          (DJ):    0.000ns
    Phase Error              (PE):    0.000ns

    Location             Delay type                Incr(ns)  Path(ns)    Netlist Resource(s)
  -------------------------------------------------------------------    -------------------
                         (clock sys_clk_pin rise edge)
                                                      0.000     0.000 r  
    W5                                                0.000     0.000 r  clk (IN)
                         net (fo=0)                   0.000     0.000    clk
    W5                   IBUF (Prop_ibuf_I_O)         1.458     1.458 r  clk_IBUF_inst/O
                         net (fo=1, routed)           1.967     3.425    clk_IBUF
    BUFGCTRL_X0Y0        BUFG (Prop_bufg_I_O)         0.096     3.521 r  clk_IBUF_BUFG_inst/O
                         net (fo=128, routed)         1.622     5.143    Controle/CLK
    SLICE_X65Y87         FDCE                                         r  Controle/FSM_onehot_estado_atual_reg[2]/C
  -------------------------------------------------------------------    -------------------
    SLICE_X65Y87         FDCE (Prop_fdce_C_Q)         0.456     5.599 r  Controle/FSM_onehot_estado_atual_reg[2]/Q
                         net (fo=4, routed)           3.734     9.333    Controle/Q[2]
    SLICE_X1Y19          LUT3 (Prop_lut3_I2_O)        0.118     9.451 r  Controle//i_/O
                         net (fo=8, routed)           0.874    10.325    BlocoOpera/E[0]
    SLICE_X1Y13          FDRE                                         r  BlocoOpera/regx_reg[0]/CE
  -------------------------------------------------------------------    -------------------

                         (clock sys_clk_pin rise edge)
                                                     10.000    10.000 r  
    W5                                                0.000    10.000 r  clk (IN)
                         net (fo=0)                   0.000    10.000    clk
    W5                   IBUF (Prop_ibuf_I_O)         1.388    11.388 r  clk_IBUF_inst/O
                         net (fo=1, routed)           1.862    13.250    clk_IBUF
    BUFGCTRL_X0Y0        BUFG (Prop_bufg_I_O)         0.091    13.341 r  clk_IBUF_BUFG_inst/O
                         net (fo=128, routed)         1.514    14.855    BlocoOpera/clk_IBUF_BUFG
    SLICE_X1Y13          FDRE                                         r  BlocoOpera/regx_reg[0]/C
                         clock pessimism              0.180    15.035    
                         clock uncertainty           -0.035    15.000    
    SLICE_X1Y13          FDRE (Setup_fdre_C_CE)      -0.407    14.593    BlocoOpera/regx_reg[0]
  -------------------------------------------------------------------
                         required time                         14.593    
                         arrival time                         -10.325    
  -------------------------------------------------------------------
                         slack                                  4.268    

Slack (MET) :             4.268ns  (required time - arrival time)
  Source:                 Controle/FSM_onehot_estado_atual_reg[2]/C
                            (rising edge-triggered cell FDCE clocked by sys_clk_pin  {rise@0.000ns fall@5.000ns period=10.000ns})
  Destination:            BlocoOpera/regx_reg[1]/CE
                            (rising edge-triggered cell FDRE clocked by sys_clk_pin  {rise@0.000ns fall@5.000ns period=10.000ns})
  Path Group:             sys_clk_pin
  Path Type:              Setup (Max at Slow Process Corner)
  Requirement:            10.000ns  (sys_clk_pin rise@10.000ns - sys_clk_pin rise@0.000ns)
  Data Path Delay:        5.182ns  (logic 0.574ns (11.078%)  route 4.608ns (88.922%))
  Logic Levels:           1  (LUT3=1)
  Clock Path Skew:        -0.108ns (DCD - SCD + CPR)
    Destination Clock Delay (DCD):    4.855ns = ( 14.855 - 10.000 ) 
    Source Clock Delay      (SCD):    5.143ns
    Clock Pessimism Removal (CPR):    0.180ns
  Clock Uncertainty:      0.035ns  ((TSJ^2 + TIJ^2)^1/2 + DJ) / 2 + PE
    Total System Jitter     (TSJ):    0.071ns
    Total Input Jitter      (TIJ):    0.000ns
    Discrete Jitter          (DJ):    0.000ns
    Phase Error              (PE):    0.000ns

    Location             Delay type                Incr(ns)  Path(ns)    Netlist Resource(s)
  -------------------------------------------------------------------    -------------------
                         (clock sys_clk_pin rise edge)
                                                      0.000     0.000 r  
    W5                                                0.000     0.000 r  clk (IN)
                         net (fo=0)                   0.000     0.000    clk
    W5                   IBUF (Prop_ibuf_I_O)         1.458     1.458 r  clk_IBUF_inst/O
                         net (fo=1, routed)           1.967     3.425    clk_IBUF
    BUFGCTRL_X0Y0        BUFG (Prop_bufg_I_O)         0.096     3.521 r  clk_IBUF_BUFG_inst/O
                         net (fo=128, routed)         1.622     5.143    Controle/CLK
    SLICE_X65Y87         FDCE                                         r  Controle/FSM_onehot_estado_atual_reg[2]/C
  -------------------------------------------------------------------    -------------------
    SLICE_X65Y87         FDCE (Prop_fdce_C_Q)         0.456     5.599 r  Controle/FSM_onehot_estado_atual_reg[2]/Q
                         net (fo=4, routed)           3.734     9.333    Controle/Q[2]
    SLICE_X1Y19          LUT3 (Prop_lut3_I2_O)        0.118     9.451 r  Controle//i_/O
                         net (fo=8, routed)           0.874    10.325    BlocoOpera/E[0]
    SLICE_X1Y13          FDRE                                         r  BlocoOpera/regx_reg[1]/CE
  -------------------------------------------------------------------    -------------------

                         (clock sys_clk_pin rise edge)
                                                     10.000    10.000 r  
    W5                                                0.000    10.000 r  clk (IN)
                         net (fo=0)                   0.000    10.000    clk
    W5                   IBUF (Prop_ibuf_I_O)         1.388    11.388 r  clk_IBUF_inst/O
                         net (fo=1, routed)           1.862    13.250    clk_IBUF
    BUFGCTRL_X0Y0        BUFG (Prop_bufg_I_O)         0.091    13.341 r  clk_IBUF_BUFG_inst/O
                         net (fo=128, routed)         1.514    14.855    BlocoOpera/clk_IBUF_BUFG
    SLICE_X1Y13          FDRE                                         r  BlocoOpera/regx_reg[1]/C
                         clock pessimism              0.180    15.035    
                         clock uncertainty           -0.035    15.000    
    SLICE_X1Y13          FDRE (Setup_fdre_C_CE)      -0.407    14.593    BlocoOpera/regx_reg[1]
  -------------------------------------------------------------------
                         required time                         14.593    
                         arrival time                         -10.325    
  -------------------------------------------------------------------
                         slack                                  4.268    

Slack (MET) :             4.368ns  (required time - arrival time)
  Source:                 Controle/FSM_onehot_estado_atual_reg[2]/C
                            (rising edge-triggered cell FDCE clocked by sys_clk_pin  {rise@0.000ns fall@5.000ns period=10.000ns})
  Destination:            BlocoOpera/regx_reg[2]/CE
                            (rising edge-triggered cell FDRE clocked by sys_clk_pin  {rise@0.000ns fall@5.000ns period=10.000ns})
  Path Group:             sys_clk_pin
  Path Type:              Setup (Max at Slow Process Corner)
  Requirement:            10.000ns  (sys_clk_pin rise@10.000ns - sys_clk_pin rise@0.000ns)
  Data Path Delay:        5.081ns  (logic 0.574ns (11.298%)  route 4.507ns (88.702%))
  Logic Levels:           1  (LUT3=1)
  Clock Path Skew:        -0.109ns (DCD - SCD + CPR)
    Destination Clock Delay (DCD):    4.854ns = ( 14.854 - 10.000 ) 
    Source Clock Delay      (SCD):    5.143ns
    Clock Pessimism Removal (CPR):    0.180ns
  Clock Uncertainty:      0.035ns  ((TSJ^2 + TIJ^2)^1/2 + DJ) / 2 + PE
    Total System Jitter     (TSJ):    0.071ns
    Total Input Jitter      (TIJ):    0.000ns
    Discrete Jitter          (DJ):    0.000ns
    Phase Error              (PE):    0.000ns

    Location             Delay type                Incr(ns)  Path(ns)    Netlist Resource(s)
  -------------------------------------------------------------------    -------------------
                         (clock sys_clk_pin rise edge)
                                                      0.000     0.000 r  
    W5                                                0.000     0.000 r  clk (IN)
                         net (fo=0)                   0.000     0.000    clk
    W5                   IBUF (Prop_ibuf_I_O)         1.458     1.458 r  clk_IBUF_inst/O
                         net (fo=1, routed)           1.967     3.425    clk_IBUF
    BUFGCTRL_X0Y0        BUFG (Prop_bufg_I_O)         0.096     3.521 r  clk_IBUF_BUFG_inst/O
                         net (fo=128, routed)         1.622     5.143    Controle/CLK
    SLICE_X65Y87         FDCE                                         r  Controle/FSM_onehot_estado_atual_reg[2]/C
  -------------------------------------------------------------------    -------------------
    SLICE_X65Y87         FDCE (Prop_fdce_C_Q)         0.456     5.599 r  Controle/FSM_onehot_estado_atual_reg[2]/Q
                         net (fo=4, routed)           3.734     9.333    Controle/Q[2]
    SLICE_X1Y19          LUT3 (Prop_lut3_I2_O)        0.118     9.451 r  Controle//i_/O
                         net (fo=8, routed)           0.773    10.223    BlocoOpera/E[0]
    SLICE_X1Y15          FDRE                                         r  BlocoOpera/regx_reg[2]/CE
  -------------------------------------------------------------------    -------------------

                         (clock sys_clk_pin rise edge)
                                                     10.000    10.000 r  
    W5                                                0.000    10.000 r  clk (IN)
                         net (fo=0)                   0.000    10.000    clk
    W5                   IBUF (Prop_ibuf_I_O)         1.388    11.388 r  clk_IBUF_inst/O
                         net (fo=1, routed)           1.862    13.250    clk_IBUF
    BUFGCTRL_X0Y0        BUFG (Prop_bufg_I_O)         0.091    13.341 r  clk_IBUF_BUFG_inst/O
                         net (fo=128, routed)         1.513    14.854    BlocoOpera/clk_IBUF_BUFG
    SLICE_X1Y15          FDRE                                         r  BlocoOpera/regx_reg[2]/C
                         clock pessimism              0.180    15.034    
                         clock uncertainty           -0.035    14.999    
    SLICE_X1Y15          FDRE (Setup_fdre_C_CE)      -0.407    14.592    BlocoOpera/regx_reg[2]
  -------------------------------------------------------------------
                         required time                         14.592    
                         arrival time                         -10.223    
  -------------------------------------------------------------------
                         slack                                  4.368    

Slack (MET) :             4.368ns  (required time - arrival time)
  Source:                 Controle/FSM_onehot_estado_atual_reg[2]/C
                            (rising edge-triggered cell FDCE clocked by sys_clk_pin  {rise@0.000ns fall@5.000ns period=10.000ns})
  Destination:            BlocoOpera/regx_reg[3]/CE
                            (rising edge-triggered cell FDRE clocked by sys_clk_pin  {rise@0.000ns fall@5.000ns period=10.000ns})
  Path Group:             sys_clk_pin
  Path Type:              Setup (Max at Slow Process Corner)
  Requirement:            10.000ns  (sys_clk_pin rise@10.000ns - sys_clk_pin rise@0.000ns)
  Data Path Delay:        5.081ns  (logic 0.574ns (11.298%)  route 4.507ns (88.702%))
  Logic Levels:           1  (LUT3=1)
  Clock Path Skew:        -0.109ns (DCD - SCD + CPR)
    Destination Clock Delay (DCD):    4.854ns = ( 14.854 - 10.000 ) 
    Source Clock Delay      (SCD):    5.143ns
    Clock Pessimism Removal (CPR):    0.180ns
  Clock Uncertainty:      0.035ns  ((TSJ^2 + TIJ^2)^1/2 + DJ) / 2 + PE
    Total System Jitter     (TSJ):    0.071ns
    Total Input Jitter      (TIJ):    0.000ns
    Discrete Jitter          (DJ):    0.000ns
    Phase Error              (PE):    0.000ns

    Location             Delay type                Incr(ns)  Path(ns)    Netlist Resource(s)
  -------------------------------------------------------------------    -------------------
                         (clock sys_clk_pin rise edge)
                                                      0.000     0.000 r  
    W5                                                0.000     0.000 r  clk (IN)
                         net (fo=0)                   0.000     0.000    clk
    W5                   IBUF (Prop_ibuf_I_O)         1.458     1.458 r  clk_IBUF_inst/O
                         net (fo=1, routed)           1.967     3.425    clk_IBUF
    BUFGCTRL_X0Y0        BUFG (Prop_bufg_I_O)         0.096     3.521 r  clk_IBUF_BUFG_inst/O
                         net (fo=128, routed)         1.622     5.143    Controle/CLK
    SLICE_X65Y87         FDCE                                         r  Controle/FSM_onehot_estado_atual_reg[2]/C
  -------------------------------------------------------------------    -------------------
    SLICE_X65Y87         FDCE (Prop_fdce_C_Q)         0.456     5.599 r  Controle/FSM_onehot_estado_atual_reg[2]/Q
                         net (fo=4, routed)           3.734     9.333    Controle/Q[2]
    SLICE_X1Y19          LUT3 (Prop_lut3_I2_O)        0.118     9.451 r  Controle//i_/O
                         net (fo=8, routed)           0.773    10.223    BlocoOpera/E[0]
    SLICE_X1Y15          FDRE                                         r  BlocoOpera/regx_reg[3]/CE
  -------------------------------------------------------------------    -------------------

                         (clock sys_clk_pin rise edge)
                                                     10.000    10.000 r  
    W5                                                0.000    10.000 r  clk (IN)
                         net (fo=0)                   0.000    10.000    clk
    W5                   IBUF (Prop_ibuf_I_O)         1.388    11.388 r  clk_IBUF_inst/O
                         net (fo=1, routed)           1.862    13.250    clk_IBUF
    BUFGCTRL_X0Y0        BUFG (Prop_bufg_I_O)         0.091    13.341 r  clk_IBUF_BUFG_inst/O
                         net (fo=128, routed)         1.513    14.854    BlocoOpera/clk_IBUF_BUFG
    SLICE_X1Y15          FDRE                                         r  BlocoOpera/regx_reg[3]/C
                         clock pessimism              0.180    15.034    
                         clock uncertainty           -0.035    14.999    
    SLICE_X1Y15          FDRE (Setup_fdre_C_CE)      -0.407    14.592    BlocoOpera/regx_reg[3]
  -------------------------------------------------------------------
                         required time                         14.592    
                         arrival time                         -10.223    
  -------------------------------------------------------------------
                         slack                                  4.368    

Slack (MET) :             4.368ns  (required time - arrival time)
  Source:                 Controle/FSM_onehot_estado_atual_reg[2]/C
                            (rising edge-triggered cell FDCE clocked by sys_clk_pin  {rise@0.000ns fall@5.000ns period=10.000ns})
  Destination:            BlocoOpera/regx_reg[4]/CE
                            (rising edge-triggered cell FDRE clocked by sys_clk_pin  {rise@0.000ns fall@5.000ns period=10.000ns})
  Path Group:             sys_clk_pin
  Path Type:              Setup (Max at Slow Process Corner)
  Requirement:            10.000ns  (sys_clk_pin rise@10.000ns - sys_clk_pin rise@0.000ns)
  Data Path Delay:        5.081ns  (logic 0.574ns (11.298%)  route 4.507ns (88.702%))
  Logic Levels:           1  (LUT3=1)
  Clock Path Skew:        -0.109ns (DCD - SCD + CPR)
    Destination Clock Delay (DCD):    4.854ns = ( 14.854 - 10.000 ) 
    Source Clock Delay      (SCD):    5.143ns
    Clock Pessimism Removal (CPR):    0.180ns
  Clock Uncertainty:      0.035ns  ((TSJ^2 + TIJ^2)^1/2 + DJ) / 2 + PE
    Total System Jitter     (TSJ):    0.071ns
    Total Input Jitter      (TIJ):    0.000ns
    Discrete Jitter          (DJ):    0.000ns
    Phase Error              (PE):    0.000ns

    Location             Delay type                Incr(ns)  Path(ns)    Netlist Resource(s)
  -------------------------------------------------------------------    -------------------
                         (clock sys_clk_pin rise edge)
                                                      0.000     0.000 r  
    W5                                                0.000     0.000 r  clk (IN)
                         net (fo=0)                   0.000     0.000    clk
    W5                   IBUF (Prop_ibuf_I_O)         1.458     1.458 r  clk_IBUF_inst/O
                         net (fo=1, routed)           1.967     3.425    clk_IBUF
    BUFGCTRL_X0Y0        BUFG (Prop_bufg_I_O)         0.096     3.521 r  clk_IBUF_BUFG_inst/O
                         net (fo=128, routed)         1.622     5.143    Controle/CLK
    SLICE_X65Y87         FDCE                                         r  Controle/FSM_onehot_estado_atual_reg[2]/C
  -------------------------------------------------------------------    -------------------
    SLICE_X65Y87         FDCE (Prop_fdce_C_Q)         0.456     5.599 r  Controle/FSM_onehot_estado_atual_reg[2]/Q
                         net (fo=4, routed)           3.734     9.333    Controle/Q[2]
    SLICE_X1Y19          LUT3 (Prop_lut3_I2_O)        0.118     9.451 r  Controle//i_/O
                         net (fo=8, routed)           0.773    10.223    BlocoOpera/E[0]
    SLICE_X1Y15          FDRE                                         r  BlocoOpera/regx_reg[4]/CE
  -------------------------------------------------------------------    -------------------

                         (clock sys_clk_pin rise edge)
                                                     10.000    10.000 r  
    W5                                                0.000    10.000 r  clk (IN)
                         net (fo=0)                   0.000    10.000    clk
    W5                   IBUF (Prop_ibuf_I_O)         1.388    11.388 r  clk_IBUF_inst/O
                         net (fo=1, routed)           1.862    13.250    clk_IBUF
    BUFGCTRL_X0Y0        BUFG (Prop_bufg_I_O)         0.091    13.341 r  clk_IBUF_BUFG_inst/O
                         net (fo=128, routed)         1.513    14.854    BlocoOpera/clk_IBUF_BUFG
    SLICE_X1Y15          FDRE                                         r  BlocoOpera/regx_reg[4]/C
                         clock pessimism              0.180    15.034    
                         clock uncertainty           -0.035    14.999    
    SLICE_X1Y15          FDRE (Setup_fdre_C_CE)      -0.407    14.592    BlocoOpera/regx_reg[4]
  -------------------------------------------------------------------
                         required time                         14.592    
                         arrival time                         -10.223    
  -------------------------------------------------------------------
                         slack                                  4.368    

Slack (MET) :             4.368ns  (required time - arrival time)
  Source:                 Controle/FSM_onehot_estado_atual_reg[2]/C
                            (rising edge-triggered cell FDCE clocked by sys_clk_pin  {rise@0.000ns fall@5.000ns period=10.000ns})
  Destination:            BlocoOpera/regx_reg[5]/CE
                            (rising edge-triggered cell FDRE clocked by sys_clk_pin  {rise@0.000ns fall@5.000ns period=10.000ns})
  Path Group:             sys_clk_pin
  Path Type:              Setup (Max at Slow Process Corner)
  Requirement:            10.000ns  (sys_clk_pin rise@10.000ns - sys_clk_pin rise@0.000ns)
  Data Path Delay:        5.081ns  (logic 0.574ns (11.298%)  route 4.507ns (88.702%))
  Logic Levels:           1  (LUT3=1)
  Clock Path Skew:        -0.109ns (DCD - SCD + CPR)
    Destination Clock Delay (DCD):    4.854ns = ( 14.854 - 10.000 ) 
    Source Clock Delay      (SCD):    5.143ns
    Clock Pessimism Removal (CPR):    0.180ns
  Clock Uncertainty:      0.035ns  ((TSJ^2 + TIJ^2)^1/2 + DJ) / 2 + PE
    Total System Jitter     (TSJ):    0.071ns
    Total Input Jitter      (TIJ):    0.000ns
    Discrete Jitter          (DJ):    0.000ns
    Phase Error              (PE):    0.000ns

    Location             Delay type                Incr(ns)  Path(ns)    Netlist Resource(s)
  -------------------------------------------------------------------    -------------------
                         (clock sys_clk_pin rise edge)
                                                      0.000     0.000 r  
    W5                                                0.000     0.000 r  clk (IN)
                         net (fo=0)                   0.000     0.000    clk
    W5                   IBUF (Prop_ibuf_I_O)         1.458     1.458 r  clk_IBUF_inst/O
                         net (fo=1, routed)           1.967     3.425    clk_IBUF
    BUFGCTRL_X0Y0        BUFG (Prop_bufg_I_O)         0.096     3.521 r  clk_IBUF_BUFG_inst/O
                         net (fo=128, routed)         1.622     5.143    Controle/CLK
    SLICE_X65Y87         FDCE                                         r  Controle/FSM_onehot_estado_atual_reg[2]/C
  -------------------------------------------------------------------    -------------------
    SLICE_X65Y87         FDCE (Prop_fdce_C_Q)         0.456     5.599 r  Controle/FSM_onehot_estado_atual_reg[2]/Q
                         net (fo=4, routed)           3.734     9.333    Controle/Q[2]
    SLICE_X1Y19          LUT3 (Prop_lut3_I2_O)        0.118     9.451 r  Controle//i_/O
                         net (fo=8, routed)           0.773    10.223    BlocoOpera/E[0]
    SLICE_X1Y15          FDRE                                         r  BlocoOpera/regx_reg[5]/CE
  -------------------------------------------------------------------    -------------------

                         (clock sys_clk_pin rise edge)
                                                     10.000    10.000 r  
    W5                                                0.000    10.000 r  clk (IN)
                         net (fo=0)                   0.000    10.000    clk
    W5                   IBUF (Prop_ibuf_I_O)         1.388    11.388 r  clk_IBUF_inst/O
                         net (fo=1, routed)           1.862    13.250    clk_IBUF
    BUFGCTRL_X0Y0        BUFG (Prop_bufg_I_O)         0.091    13.341 r  clk_IBUF_BUFG_inst/O
                         net (fo=128, routed)         1.513    14.854    BlocoOpera/clk_IBUF_BUFG
    SLICE_X1Y15          FDRE                                         r  BlocoOpera/regx_reg[5]/C
                         clock pessimism              0.180    15.034    
                         clock uncertainty           -0.035    14.999    
    SLICE_X1Y15          FDRE (Setup_fdre_C_CE)      -0.407    14.592    BlocoOpera/regx_reg[5]
  -------------------------------------------------------------------
                         required time                         14.592    
                         arrival time                         -10.223    
  -------------------------------------------------------------------
                         slack                                  4.368    

Slack (MET) :             4.368ns  (required time - arrival time)
  Source:                 Controle/FSM_onehot_estado_atual_reg[2]/C
                            (rising edge-triggered cell FDCE clocked by sys_clk_pin  {rise@0.000ns fall@5.000ns period=10.000ns})
  Destination:            BlocoOpera/regx_reg[6]/CE
                            (rising edge-triggered cell FDRE clocked by sys_clk_pin  {rise@0.000ns fall@5.000ns period=10.000ns})
  Path Group:             sys_clk_pin
  Path Type:              Setup (Max at Slow Process Corner)
  Requirement:            10.000ns  (sys_clk_pin rise@10.000ns - sys_clk_pin rise@0.000ns)
  Data Path Delay:        5.081ns  (logic 0.574ns (11.298%)  route 4.507ns (88.702%))
  Logic Levels:           1  (LUT3=1)
  Clock Path Skew:        -0.109ns (DCD - SCD + CPR)
    Destination Clock Delay (DCD):    4.854ns = ( 14.854 - 10.000 ) 
    Source Clock Delay      (SCD):    5.143ns
    Clock Pessimism Removal (CPR):    0.180ns
  Clock Uncertainty:      0.035ns  ((TSJ^2 + TIJ^2)^1/2 + DJ) / 2 + PE
    Total System Jitter     (TSJ):    0.071ns
    Total Input Jitter      (TIJ):    0.000ns
    Discrete Jitter          (DJ):    0.000ns
    Phase Error              (PE):    0.000ns

    Location             Delay type                Incr(ns)  Path(ns)    Netlist Resource(s)
  -------------------------------------------------------------------    -------------------
                         (clock sys_clk_pin rise edge)
                                                      0.000     0.000 r  
    W5                                                0.000     0.000 r  clk (IN)
                         net (fo=0)                   0.000     0.000    clk
    W5                   IBUF (Prop_ibuf_I_O)         1.458     1.458 r  clk_IBUF_inst/O
                         net (fo=1, routed)           1.967     3.425    clk_IBUF
    BUFGCTRL_X0Y0        BUFG (Prop_bufg_I_O)         0.096     3.521 r  clk_IBUF_BUFG_inst/O
                         net (fo=128, routed)         1.622     5.143    Controle/CLK
    SLICE_X65Y87         FDCE                                         r  Controle/FSM_onehot_estado_atual_reg[2]/C
  -------------------------------------------------------------------    -------------------
    SLICE_X65Y87         FDCE (Prop_fdce_C_Q)         0.456     5.599 r  Controle/FSM_onehot_estado_atual_reg[2]/Q
                         net (fo=4, routed)           3.734     9.333    Controle/Q[2]
    SLICE_X1Y19          LUT3 (Prop_lut3_I2_O)        0.118     9.451 r  Controle//i_/O
                         net (fo=8, routed)           0.773    10.223    BlocoOpera/E[0]
    SLICE_X1Y15          FDRE                                         r  BlocoOpera/regx_reg[6]/CE
  -------------------------------------------------------------------    -------------------

                         (clock sys_clk_pin rise edge)
                                                     10.000    10.000 r  
    W5                                                0.000    10.000 r  clk (IN)
                         net (fo=0)                   0.000    10.000    clk
    W5                   IBUF (Prop_ibuf_I_O)         1.388    11.388 r  clk_IBUF_inst/O
                         net (fo=1, routed)           1.862    13.250    clk_IBUF
    BUFGCTRL_X0Y0        BUFG (Prop_bufg_I_O)         0.091    13.341 r  clk_IBUF_BUFG_inst/O
                         net (fo=128, routed)         1.513    14.854    BlocoOpera/clk_IBUF_BUFG
    SLICE_X1Y15          FDRE                                         r  BlocoOpera/regx_reg[6]/C
                         clock pessimism              0.180    15.034    
                         clock uncertainty           -0.035    14.999    
    SLICE_X1Y15          FDRE (Setup_fdre_C_CE)      -0.407    14.592    BlocoOpera/regx_reg[6]
  -------------------------------------------------------------------
                         required time                         14.592    
                         arrival time                         -10.223    
  -------------------------------------------------------------------
                         slack                                  4.368    

Slack (MET) :             4.368ns  (required time - arrival time)
  Source:                 Controle/FSM_onehot_estado_atual_reg[2]/C
                            (rising edge-triggered cell FDCE clocked by sys_clk_pin  {rise@0.000ns fall@5.000ns period=10.000ns})
  Destination:            BlocoOpera/regx_reg[7]/CE
                            (rising edge-triggered cell FDRE clocked by sys_clk_pin  {rise@0.000ns fall@5.000ns period=10.000ns})
  Path Group:             sys_clk_pin
  Path Type:              Setup (Max at Slow Process Corner)
  Requirement:            10.000ns  (sys_clk_pin rise@10.000ns - sys_clk_pin rise@0.000ns)
  Data Path Delay:        5.081ns  (logic 0.574ns (11.298%)  route 4.507ns (88.702%))
  Logic Levels:           1  (LUT3=1)
  Clock Path Skew:        -0.109ns (DCD - SCD + CPR)
    Destination Clock Delay (DCD):    4.854ns = ( 14.854 - 10.000 ) 
    Source Clock Delay      (SCD):    5.143ns
    Clock Pessimism Removal (CPR):    0.180ns
  Clock Uncertainty:      0.035ns  ((TSJ^2 + TIJ^2)^1/2 + DJ) / 2 + PE
    Total System Jitter     (TSJ):    0.071ns
    Total Input Jitter      (TIJ):    0.000ns
    Discrete Jitter          (DJ):    0.000ns
    Phase Error              (PE):    0.000ns

    Location             Delay type                Incr(ns)  Path(ns)    Netlist Resource(s)
  -------------------------------------------------------------------    -------------------
                         (clock sys_clk_pin rise edge)
                                                      0.000     0.000 r  
    W5                                                0.000     0.000 r  clk (IN)
                         net (fo=0)                   0.000     0.000    clk
    W5                   IBUF (Prop_ibuf_I_O)         1.458     1.458 r  clk_IBUF_inst/O
                         net (fo=1, routed)           1.967     3.425    clk_IBUF
    BUFGCTRL_X0Y0        BUFG (Prop_bufg_I_O)         0.096     3.521 r  clk_IBUF_BUFG_inst/O
                         net (fo=128, routed)         1.622     5.143    Controle/CLK
    SLICE_X65Y87         FDCE                                         r  Controle/FSM_onehot_estado_atual_reg[2]/C
  -------------------------------------------------------------------    -------------------
    SLICE_X65Y87         FDCE (Prop_fdce_C_Q)         0.456     5.599 r  Controle/FSM_onehot_estado_atual_reg[2]/Q
                         net (fo=4, routed)           3.734     9.333    Controle/Q[2]
    SLICE_X1Y19          LUT3 (Prop_lut3_I2_O)        0.118     9.451 r  Controle//i_/O
                         net (fo=8, routed)           0.773    10.223    BlocoOpera/E[0]
    SLICE_X1Y15          FDRE                                         r  BlocoOpera/regx_reg[7]/CE
  -------------------------------------------------------------------    -------------------

                         (clock sys_clk_pin rise edge)
                                                     10.000    10.000 r  
    W5                                                0.000    10.000 r  clk (IN)
                         net (fo=0)                   0.000    10.000    clk
    W5                   IBUF (Prop_ibuf_I_O)         1.388    11.388 r  clk_IBUF_inst/O
                         net (fo=1, routed)           1.862    13.250    clk_IBUF
    BUFGCTRL_X0Y0        BUFG (Prop_bufg_I_O)         0.091    13.341 r  clk_IBUF_BUFG_inst/O
                         net (fo=128, routed)         1.513    14.854    BlocoOpera/clk_IBUF_BUFG
    SLICE_X1Y15          FDRE                                         r  BlocoOpera/regx_reg[7]/C
                         clock pessimism              0.180    15.034    
                         clock uncertainty           -0.035    14.999    
    SLICE_X1Y15          FDRE (Setup_fdre_C_CE)      -0.407    14.592    BlocoOpera/regx_reg[7]
  -------------------------------------------------------------------
                         required time                         14.592    
                         arrival time                         -10.223    
  -------------------------------------------------------------------
                         slack                                  4.368    

Slack (MET) :             4.740ns  (required time - arrival time)
  Source:                 BlocoOpera/avg_reg[0]/C
                            (rising edge-triggered cell FDCE clocked by sys_clk_pin  {rise@0.000ns fall@5.000ns period=10.000ns})
  Destination:            BlocoOpera/avg_reg[7]/D
                            (rising edge-triggered cell FDCE clocked by sys_clk_pin  {rise@0.000ns fall@5.000ns period=10.000ns})
  Path Group:             sys_clk_pin
  Path Type:              Setup (Max at Slow Process Corner)
  Requirement:            10.000ns  (sys_clk_pin rise@10.000ns - sys_clk_pin rise@0.000ns)
  Data Path Delay:        4.951ns  (logic 1.425ns (28.780%)  route 3.526ns (71.220%))
  Logic Levels:           3  (CARRY4=2 LUT4=1)
  Clock Path Skew:        -0.024ns (DCD - SCD + CPR)
    Destination Clock Delay (DCD):    4.861ns = ( 14.861 - 10.000 ) 
    Source Clock Delay      (SCD):    5.159ns
    Clock Pessimism Removal (CPR):    0.274ns
  Clock Uncertainty:      0.035ns  ((TSJ^2 + TIJ^2)^1/2 + DJ) / 2 + PE
    Total System Jitter     (TSJ):    0.071ns
    Total Input Jitter      (TIJ):    0.000ns
    Discrete Jitter          (DJ):    0.000ns
    Phase Error              (PE):    0.000ns

    Location             Delay type                Incr(ns)  Path(ns)    Netlist Resource(s)
  -------------------------------------------------------------------    -------------------
                         (clock sys_clk_pin rise edge)
                                                      0.000     0.000 r  
    W5                                                0.000     0.000 r  clk (IN)
                         net (fo=0)                   0.000     0.000    clk
    W5                   IBUF (Prop_ibuf_I_O)         1.458     1.458 r  clk_IBUF_inst/O
                         net (fo=1, routed)           1.967     3.425    clk_IBUF
    BUFGCTRL_X0Y0        BUFG (Prop_bufg_I_O)         0.096     3.521 r  clk_IBUF_BUFG_inst/O
                         net (fo=128, routed)         1.638     5.159    BlocoOpera/clk_IBUF_BUFG
    SLICE_X1Y3           FDCE                                         r  BlocoOpera/avg_reg[0]/C
  -------------------------------------------------------------------    -------------------
    SLICE_X1Y3           FDCE (Prop_fdce_C_Q)         0.456     5.615 r  BlocoOpera/avg_reg[0]/Q
                         net (fo=3, routed)           1.999     7.614    BlocoOpera/Q[0]
    SLICE_X0Y26          LUT4 (Prop_lut4_I0_O)        0.124     7.738 r  BlocoOpera/avg_carry_i_8/O
                         net (fo=1, routed)           0.000     7.738    BlocoOpera/avg_carry_i_8_n_0
    SLICE_X0Y26          CARRY4 (Prop_carry4_S[0]_CO[3])
                                                      0.532     8.270 r  BlocoOpera/avg_carry/CO[3]
                         net (fo=1, routed)           0.000     8.270    BlocoOpera/avg_carry_n_0
    SLICE_X0Y27          CARRY4 (Prop_carry4_CI_O[3])
                                                      0.313     8.583 r  BlocoOpera/avg_carry__0/O[3]
                         net (fo=1, routed)           1.528    10.111    BlocoOpera/avg_carry__0_n_4
    SLICE_X1Y1           FDCE                                         r  BlocoOpera/avg_reg[7]/D
  -------------------------------------------------------------------    -------------------

                         (clock sys_clk_pin rise edge)
                                                     10.000    10.000 r  
    W5                                                0.000    10.000 r  clk (IN)
                         net (fo=0)                   0.000    10.000    clk
    W5                   IBUF (Prop_ibuf_I_O)         1.388    11.388 r  clk_IBUF_inst/O
                         net (fo=1, routed)           1.862    13.250    clk_IBUF
    BUFGCTRL_X0Y0        BUFG (Prop_bufg_I_O)         0.091    13.341 r  clk_IBUF_BUFG_inst/O
                         net (fo=128, routed)         1.520    14.861    BlocoOpera/clk_IBUF_BUFG
    SLICE_X1Y1           FDCE                                         r  BlocoOpera/avg_reg[7]/C
                         clock pessimism              0.274    15.135    
                         clock uncertainty           -0.035    15.100    
    SLICE_X1Y1           FDCE (Setup_fdce_C_D)       -0.249    14.851    BlocoOpera/avg_reg[7]
  -------------------------------------------------------------------
                         required time                         14.851    
                         arrival time                         -10.111    
  -------------------------------------------------------------------
                         slack                                  4.740    





Min Delay Paths
--------------------------------------------------------------------------------------
Slack (MET) :             0.192ns  (arrival time - required time)
  Source:                 BlocoOpera/regx_reg[2]/C
                            (rising edge-triggered cell FDRE clocked by sys_clk_pin  {rise@0.000ns fall@5.000ns period=10.000ns})
  Destination:            BlocoOpera/regamostras_reg[2][2]/D
                            (rising edge-triggered cell FDCE clocked by sys_clk_pin  {rise@0.000ns fall@5.000ns period=10.000ns})
  Path Group:             sys_clk_pin
  Path Type:              Hold (Min at Fast Process Corner)
  Requirement:            0.000ns  (sys_clk_pin rise@0.000ns - sys_clk_pin rise@0.000ns)
  Data Path Delay:        0.312ns  (logic 0.189ns (60.654%)  route 0.123ns (39.346%))
  Logic Levels:           1  (LUT3=1)
  Clock Path Skew:        0.013ns (DCD - SCD - CPR)
    Destination Clock Delay (DCD):    1.987ns
    Source Clock Delay      (SCD):    1.474ns
    Clock Pessimism Removal (CPR):    0.500ns

    Location             Delay type                Incr(ns)  Path(ns)    Netlist Resource(s)
  -------------------------------------------------------------------    -------------------
                         (clock sys_clk_pin rise edge)
                                                      0.000     0.000 r  
    W5                                                0.000     0.000 r  clk (IN)
                         net (fo=0)                   0.000     0.000    clk
    W5                   IBUF (Prop_ibuf_I_O)         0.226     0.226 r  clk_IBUF_inst/O
                         net (fo=1, routed)           0.631     0.858    clk_IBUF
    BUFGCTRL_X0Y0        BUFG (Prop_bufg_I_O)         0.026     0.884 r  clk_IBUF_BUFG_inst/O
                         net (fo=128, routed)         0.591     1.474    BlocoOpera/clk_IBUF_BUFG
    SLICE_X1Y15          FDRE                                         r  BlocoOpera/regx_reg[2]/C
  -------------------------------------------------------------------    -------------------
    SLICE_X1Y15          FDRE (Prop_fdre_C_Q)         0.141     1.615 r  BlocoOpera/regx_reg[2]/Q
                         net (fo=11, routed)          0.123     1.738    BlocoOpera/regx[2]
    SLICE_X0Y15          LUT3 (Prop_lut3_I0_O)        0.048     1.786 r  BlocoOpera/regamostras[2][2]_i_1/O
                         net (fo=1, routed)           0.000     1.786    BlocoOpera/regamostras[2][2]_i_1_n_0
    SLICE_X0Y15          FDCE                                         r  BlocoOpera/regamostras_reg[2][2]/D
  -------------------------------------------------------------------    -------------------

                         (clock sys_clk_pin rise edge)
                                                      0.000     0.000 r  
    W5                                                0.000     0.000 r  clk (IN)
                         net (fo=0)                   0.000     0.000    clk
    W5                   IBUF (Prop_ibuf_I_O)         0.414     0.414 r  clk_IBUF_inst/O
                         net (fo=1, routed)           0.685     1.099    clk_IBUF
    BUFGCTRL_X0Y0        BUFG (Prop_bufg_I_O)         0.029     1.128 r  clk_IBUF_BUFG_inst/O
                         net (fo=128, routed)         0.860     1.987    BlocoOpera/clk_IBUF_BUFG
    SLICE_X0Y15          FDCE                                         r  BlocoOpera/regamostras_reg[2][2]/C
                         clock pessimism             -0.500     1.487    
    SLICE_X0Y15          FDCE (Hold_fdce_C_D)         0.107     1.594    BlocoOpera/regamostras_reg[2][2]
  -------------------------------------------------------------------
                         required time                         -1.594    
                         arrival time                           1.786    
  -------------------------------------------------------------------
                         slack                                  0.192    

Slack (MET) :             0.196ns  (arrival time - required time)
  Source:                 BlocoOpera/regx_reg[1]/C
                            (rising edge-triggered cell FDRE clocked by sys_clk_pin  {rise@0.000ns fall@5.000ns period=10.000ns})
  Destination:            BlocoOpera/regamostras_reg[2][1]/D
                            (rising edge-triggered cell FDCE clocked by sys_clk_pin  {rise@0.000ns fall@5.000ns period=10.000ns})
  Path Group:             sys_clk_pin
  Path Type:              Hold (Min at Fast Process Corner)
  Requirement:            0.000ns  (sys_clk_pin rise@0.000ns - sys_clk_pin rise@0.000ns)
  Data Path Delay:        0.342ns  (logic 0.189ns (55.208%)  route 0.153ns (44.792%))
  Logic Levels:           1  (LUT3=1)
  Clock Path Skew:        0.015ns (DCD - SCD - CPR)
    Destination Clock Delay (DCD):    1.988ns
    Source Clock Delay      (SCD):    1.474ns
    Clock Pessimism Removal (CPR):    0.499ns

    Location             Delay type                Incr(ns)  Path(ns)    Netlist Resource(s)
  -------------------------------------------------------------------    -------------------
                         (clock sys_clk_pin rise edge)
                                                      0.000     0.000 r  
    W5                                                0.000     0.000 r  clk (IN)
                         net (fo=0)                   0.000     0.000    clk
    W5                   IBUF (Prop_ibuf_I_O)         0.226     0.226 r  clk_IBUF_inst/O
                         net (fo=1, routed)           0.631     0.858    clk_IBUF
    BUFGCTRL_X0Y0        BUFG (Prop_bufg_I_O)         0.026     0.884 r  clk_IBUF_BUFG_inst/O
                         net (fo=128, routed)         0.591     1.474    BlocoOpera/clk_IBUF_BUFG
    SLICE_X1Y13          FDRE                                         r  BlocoOpera/regx_reg[1]/C
  -------------------------------------------------------------------    -------------------
    SLICE_X1Y13          FDRE (Prop_fdre_C_Q)         0.141     1.615 r  BlocoOpera/regx_reg[1]/Q
                         net (fo=11, routed)          0.153     1.768    BlocoOpera/regx[1]
    SLICE_X2Y13          LUT3 (Prop_lut3_I0_O)        0.048     1.816 r  BlocoOpera/regamostras[2][1]_i_1/O
                         net (fo=1, routed)           0.000     1.816    BlocoOpera/regamostras[2][1]_i_1_n_0
    SLICE_X2Y13          FDCE                                         r  BlocoOpera/regamostras_reg[2][1]/D
  -------------------------------------------------------------------    -------------------

                         (clock sys_clk_pin rise edge)
                                                      0.000     0.000 r  
    W5                                                0.000     0.000 r  clk (IN)
                         net (fo=0)                   0.000     0.000    clk
    W5                   IBUF (Prop_ibuf_I_O)         0.414     0.414 r  clk_IBUF_inst/O
                         net (fo=1, routed)           0.685     1.099    clk_IBUF
    BUFGCTRL_X0Y0        BUFG (Prop_bufg_I_O)         0.029     1.128 r  clk_IBUF_BUFG_inst/O
                         net (fo=128, routed)         0.861     1.988    BlocoOpera/clk_IBUF_BUFG
    SLICE_X2Y13          FDCE                                         r  BlocoOpera/regamostras_reg[2][1]/C
                         clock pessimism             -0.499     1.489    
    SLICE_X2Y13          FDCE (Hold_fdce_C_D)         0.131     1.620    BlocoOpera/regamostras_reg[2][1]
  -------------------------------------------------------------------
                         required time                         -1.620    
                         arrival time                           1.816    
  -------------------------------------------------------------------
                         slack                                  0.196    

Slack (MET) :             0.202ns  (arrival time - required time)
  Source:                 BlocoOpera/regx_reg[5]/C
                            (rising edge-triggered cell FDRE clocked by sys_clk_pin  {rise@0.000ns fall@5.000ns period=10.000ns})
  Destination:            BlocoOpera/regamostras_reg[0][5]/D
                            (rising edge-triggered cell FDCE clocked by sys_clk_pin  {rise@0.000ns fall@5.000ns period=10.000ns})
  Path Group:             sys_clk_pin
  Path Type:              Hold (Min at Fast Process Corner)
  Requirement:            0.000ns  (sys_clk_pin rise@0.000ns - sys_clk_pin rise@0.000ns)
  Data Path Delay:        0.292ns  (logic 0.141ns (48.351%)  route 0.151ns (51.649%))
  Logic Levels:           0  
  Clock Path Skew:        0.014ns (DCD - SCD - CPR)
    Destination Clock Delay (DCD):    1.987ns
    Source Clock Delay      (SCD):    1.474ns
    Clock Pessimism Removal (CPR):    0.499ns

    Location             Delay type                Incr(ns)  Path(ns)    Netlist Resource(s)
  -------------------------------------------------------------------    -------------------
                         (clock sys_clk_pin rise edge)
                                                      0.000     0.000 r  
    W5                                                0.000     0.000 r  clk (IN)
                         net (fo=0)                   0.000     0.000    clk
    W5                   IBUF (Prop_ibuf_I_O)         0.226     0.226 r  clk_IBUF_inst/O
                         net (fo=1, routed)           0.631     0.858    clk_IBUF
    BUFGCTRL_X0Y0        BUFG (Prop_bufg_I_O)         0.026     0.884 r  clk_IBUF_BUFG_inst/O
                         net (fo=128, routed)         0.591     1.474    BlocoOpera/clk_IBUF_BUFG
    SLICE_X1Y15          FDRE                                         r  BlocoOpera/regx_reg[5]/C
  -------------------------------------------------------------------    -------------------
    SLICE_X1Y15          FDRE (Prop_fdre_C_Q)         0.141     1.615 r  BlocoOpera/regx_reg[5]/Q
                         net (fo=11, routed)          0.151     1.766    BlocoOpera/regx[5]
    SLICE_X2Y15          FDCE                                         r  BlocoOpera/regamostras_reg[0][5]/D
  -------------------------------------------------------------------    -------------------

                         (clock sys_clk_pin rise edge)
                                                      0.000     0.000 r  
    W5                                                0.000     0.000 r  clk (IN)
                         net (fo=0)                   0.000     0.000    clk
    W5                   IBUF (Prop_ibuf_I_O)         0.414     0.414 r  clk_IBUF_inst/O
                         net (fo=1, routed)           0.685     1.099    clk_IBUF
    BUFGCTRL_X0Y0        BUFG (Prop_bufg_I_O)         0.029     1.128 r  clk_IBUF_BUFG_inst/O
                         net (fo=128, routed)         0.860     1.987    BlocoOpera/clk_IBUF_BUFG
    SLICE_X2Y15          FDCE                                         r  BlocoOpera/regamostras_reg[0][5]/C
                         clock pessimism             -0.499     1.488    
    SLICE_X2Y15          FDCE (Hold_fdce_C_D)         0.076     1.564    BlocoOpera/regamostras_reg[0][5]
  -------------------------------------------------------------------
                         required time                         -1.564    
                         arrival time                           1.766    
  -------------------------------------------------------------------
                         slack                                  0.202    

Slack (MET) :             0.203ns  (arrival time - required time)
  Source:                 BlocoOpera/regamostras_reg[7][6]/C
                            (rising edge-triggered cell FDCE clocked by sys_clk_pin  {rise@0.000ns fall@5.000ns period=10.000ns})
  Destination:            BlocoOpera/sub_reg[6]/D
                            (rising edge-triggered cell FDCE clocked by sys_clk_pin  {rise@0.000ns fall@5.000ns period=10.000ns})
  Path Group:             sys_clk_pin
  Path Type:              Hold (Min at Fast Process Corner)
  Requirement:            0.000ns  (sys_clk_pin rise@0.000ns - sys_clk_pin rise@0.000ns)
  Data Path Delay:        0.351ns  (logic 0.251ns (71.475%)  route 0.100ns (28.525%))
  Logic Levels:           2  (CARRY4=1 LUT2=1)
  Clock Path Skew:        0.014ns (DCD - SCD - CPR)
    Destination Clock Delay (DCD):    1.985ns
    Source Clock Delay      (SCD):    1.472ns
    Clock Pessimism Removal (CPR):    0.499ns

    Location             Delay type                Incr(ns)  Path(ns)    Netlist Resource(s)
  -------------------------------------------------------------------    -------------------
                         (clock sys_clk_pin rise edge)
                                                      0.000     0.000 r  
    W5                                                0.000     0.000 r  clk (IN)
                         net (fo=0)                   0.000     0.000    clk
    W5                   IBUF (Prop_ibuf_I_O)         0.226     0.226 r  clk_IBUF_inst/O
                         net (fo=1, routed)           0.631     0.858    clk_IBUF
    BUFGCTRL_X0Y0        BUFG (Prop_bufg_I_O)         0.026     0.884 r  clk_IBUF_BUFG_inst/O
                         net (fo=128, routed)         0.589     1.472    BlocoOpera/clk_IBUF_BUFG
    SLICE_X1Y17          FDCE                                         r  BlocoOpera/regamostras_reg[7][6]/C
  -------------------------------------------------------------------    -------------------
    SLICE_X1Y17          FDCE (Prop_fdce_C_Q)         0.141     1.613 r  BlocoOpera/regamostras_reg[7][6]/Q
                         net (fo=1, routed)           0.100     1.713    BlocoOpera/regamostras_reg[7][6]
    SLICE_X2Y17          LUT2 (Prop_lut2_I1_O)        0.045     1.758 r  BlocoOpera/sub0_carry__0_i_2/O
                         net (fo=1, routed)           0.000     1.758    BlocoOpera/sub0_carry__0_i_2_n_0
    SLICE_X2Y17          CARRY4 (Prop_carry4_S[2]_O[2])
                                                      0.065     1.823 r  BlocoOpera/sub0_carry__0/O[2]
                         net (fo=1, routed)           0.000     1.823    BlocoOpera/sub0[6]
    SLICE_X2Y17          FDCE                                         r  BlocoOpera/sub_reg[6]/D
  -------------------------------------------------------------------    -------------------

                         (clock sys_clk_pin rise edge)
                                                      0.000     0.000 r  
    W5                                                0.000     0.000 r  clk (IN)
                         net (fo=0)                   0.000     0.000    clk
    W5                   IBUF (Prop_ibuf_I_O)         0.414     0.414 r  clk_IBUF_inst/O
                         net (fo=1, routed)           0.685     1.099    clk_IBUF
    BUFGCTRL_X0Y0        BUFG (Prop_bufg_I_O)         0.029     1.128 r  clk_IBUF_BUFG_inst/O
                         net (fo=128, routed)         0.858     1.985    BlocoOpera/clk_IBUF_BUFG
    SLICE_X2Y17          FDCE                                         r  BlocoOpera/sub_reg[6]/C
                         clock pessimism             -0.499     1.486    
    SLICE_X2Y17          FDCE (Hold_fdce_C_D)         0.134     1.620    BlocoOpera/sub_reg[6]
  -------------------------------------------------------------------
                         required time                         -1.620    
                         arrival time                           1.823    
  -------------------------------------------------------------------
                         slack                                  0.203    

Slack (MET) :             0.204ns  (arrival time - required time)
  Source:                 BlocoOpera/regx_reg[1]/C
                            (rising edge-triggered cell FDRE clocked by sys_clk_pin  {rise@0.000ns fall@5.000ns period=10.000ns})
  Destination:            BlocoOpera/regamostras_reg[1][1]/D
                            (rising edge-triggered cell FDCE clocked by sys_clk_pin  {rise@0.000ns fall@5.000ns period=10.000ns})
  Path Group:             sys_clk_pin
  Path Type:              Hold (Min at Fast Process Corner)
  Requirement:            0.000ns  (sys_clk_pin rise@0.000ns - sys_clk_pin rise@0.000ns)
  Data Path Delay:        0.339ns  (logic 0.186ns (54.812%)  route 0.153ns (45.188%))
  Logic Levels:           1  (LUT3=1)
  Clock Path Skew:        0.015ns (DCD - SCD - CPR)
    Destination Clock Delay (DCD):    1.988ns
    Source Clock Delay      (SCD):    1.474ns
    Clock Pessimism Removal (CPR):    0.499ns

    Location             Delay type                Incr(ns)  Path(ns)    Netlist Resource(s)
  -------------------------------------------------------------------    -------------------
                         (clock sys_clk_pin rise edge)
                                                      0.000     0.000 r  
    W5                                                0.000     0.000 r  clk (IN)
                         net (fo=0)                   0.000     0.000    clk
    W5                   IBUF (Prop_ibuf_I_O)         0.226     0.226 r  clk_IBUF_inst/O
                         net (fo=1, routed)           0.631     0.858    clk_IBUF
    BUFGCTRL_X0Y0        BUFG (Prop_bufg_I_O)         0.026     0.884 r  clk_IBUF_BUFG_inst/O
                         net (fo=128, routed)         0.591     1.474    BlocoOpera/clk_IBUF_BUFG
    SLICE_X1Y13          FDRE                                         r  BlocoOpera/regx_reg[1]/C
  -------------------------------------------------------------------    -------------------
    SLICE_X1Y13          FDRE (Prop_fdre_C_Q)         0.141     1.615 r  BlocoOpera/regx_reg[1]/Q
                         net (fo=11, routed)          0.153     1.768    BlocoOpera/regx[1]
    SLICE_X2Y13          LUT3 (Prop_lut3_I0_O)        0.045     1.813 r  BlocoOpera/regamostras[1][1]_i_1/O
                         net (fo=1, routed)           0.000     1.813    BlocoOpera/regamostras[1][1]_i_1_n_0
    SLICE_X2Y13          FDCE                                         r  BlocoOpera/regamostras_reg[1][1]/D
  -------------------------------------------------------------------    -------------------

                         (clock sys_clk_pin rise edge)
                                                      0.000     0.000 r  
    W5                                                0.000     0.000 r  clk (IN)
                         net (fo=0)                   0.000     0.000    clk
    W5                   IBUF (Prop_ibuf_I_O)         0.414     0.414 r  clk_IBUF_inst/O
                         net (fo=1, routed)           0.685     1.099    clk_IBUF
    BUFGCTRL_X0Y0        BUFG (Prop_bufg_I_O)         0.029     1.128 r  clk_IBUF_BUFG_inst/O
                         net (fo=128, routed)         0.861     1.988    BlocoOpera/clk_IBUF_BUFG
    SLICE_X2Y13          FDCE                                         r  BlocoOpera/regamostras_reg[1][1]/C
                         clock pessimism             -0.499     1.489    
    SLICE_X2Y13          FDCE (Hold_fdce_C_D)         0.120     1.609    BlocoOpera/regamostras_reg[1][1]
  -------------------------------------------------------------------
                         required time                         -1.609    
                         arrival time                           1.813    
  -------------------------------------------------------------------
                         slack                                  0.204    

Slack (MET) :             0.205ns  (arrival time - required time)
  Source:                 BlocoOpera/regx_reg[2]/C
                            (rising edge-triggered cell FDRE clocked by sys_clk_pin  {rise@0.000ns fall@5.000ns period=10.000ns})
  Destination:            BlocoOpera/regamostras_reg[1][2]/D
                            (rising edge-triggered cell FDCE clocked by sys_clk_pin  {rise@0.000ns fall@5.000ns period=10.000ns})
  Path Group:             sys_clk_pin
  Path Type:              Hold (Min at Fast Process Corner)
  Requirement:            0.000ns  (sys_clk_pin rise@0.000ns - sys_clk_pin rise@0.000ns)
  Data Path Delay:        0.309ns  (logic 0.186ns (60.272%)  route 0.123ns (39.728%))
  Logic Levels:           1  (LUT3=1)
  Clock Path Skew:        0.013ns (DCD - SCD - CPR)
    Destination Clock Delay (DCD):    1.987ns
    Source Clock Delay      (SCD):    1.474ns
    Clock Pessimism Removal (CPR):    0.500ns

    Location             Delay type                Incr(ns)  Path(ns)    Netlist Resource(s)
  -------------------------------------------------------------------    -------------------
                         (clock sys_clk_pin rise edge)
                                                      0.000     0.000 r  
    W5                                                0.000     0.000 r  clk (IN)
                         net (fo=0)                   0.000     0.000    clk
    W5                   IBUF (Prop_ibuf_I_O)         0.226     0.226 r  clk_IBUF_inst/O
                         net (fo=1, routed)           0.631     0.858    clk_IBUF
    BUFGCTRL_X0Y0        BUFG (Prop_bufg_I_O)         0.026     0.884 r  clk_IBUF_BUFG_inst/O
                         net (fo=128, routed)         0.591     1.474    BlocoOpera/clk_IBUF_BUFG
    SLICE_X1Y15          FDRE                                         r  BlocoOpera/regx_reg[2]/C
  -------------------------------------------------------------------    -------------------
    SLICE_X1Y15          FDRE (Prop_fdre_C_Q)         0.141     1.615 r  BlocoOpera/regx_reg[2]/Q
                         net (fo=11, routed)          0.123     1.738    BlocoOpera/regx[2]
    SLICE_X0Y15          LUT3 (Prop_lut3_I0_O)        0.045     1.783 r  BlocoOpera/regamostras[1][2]_i_1/O
                         net (fo=1, routed)           0.000     1.783    BlocoOpera/regamostras[1][2]_i_1_n_0
    SLICE_X0Y15          FDCE                                         r  BlocoOpera/regamostras_reg[1][2]/D
  -------------------------------------------------------------------    -------------------

                         (clock sys_clk_pin rise edge)
                                                      0.000     0.000 r  
    W5                                                0.000     0.000 r  clk (IN)
                         net (fo=0)                   0.000     0.000    clk
    W5                   IBUF (Prop_ibuf_I_O)         0.414     0.414 r  clk_IBUF_inst/O
                         net (fo=1, routed)           0.685     1.099    clk_IBUF
    BUFGCTRL_X0Y0        BUFG (Prop_bufg_I_O)         0.029     1.128 r  clk_IBUF_BUFG_inst/O
                         net (fo=128, routed)         0.860     1.987    BlocoOpera/clk_IBUF_BUFG
    SLICE_X0Y15          FDCE                                         r  BlocoOpera/regamostras_reg[1][2]/C
                         clock pessimism             -0.500     1.487    
    SLICE_X0Y15          FDCE (Hold_fdce_C_D)         0.091     1.578    BlocoOpera/regamostras_reg[1][2]
  -------------------------------------------------------------------
                         required time                         -1.578    
                         arrival time                           1.783    
  -------------------------------------------------------------------
                         slack                                  0.205    

Slack (MET) :             0.205ns  (arrival time - required time)
  Source:                 BlocoOpera/sub_reg[7]/C
                            (rising edge-triggered cell FDCE clocked by sys_clk_pin  {rise@0.000ns fall@5.000ns period=10.000ns})
  Destination:            BlocoOpera/div_reg[4]/D
                            (rising edge-triggered cell FDCE clocked by sys_clk_pin  {rise@0.000ns fall@5.000ns period=10.000ns})
  Path Group:             sys_clk_pin
  Path Type:              Hold (Min at Fast Process Corner)
  Requirement:            0.000ns  (sys_clk_pin rise@0.000ns - sys_clk_pin rise@0.000ns)
  Data Path Delay:        0.280ns  (logic 0.164ns (58.521%)  route 0.116ns (41.479%))
  Logic Levels:           0  
  Clock Path Skew:        0.012ns (DCD - SCD - CPR)
    Destination Clock Delay (DCD):    1.983ns
    Source Clock Delay      (SCD):    1.472ns
    Clock Pessimism Removal (CPR):    0.499ns

    Location             Delay type                Incr(ns)  Path(ns)    Netlist Resource(s)
  -------------------------------------------------------------------    -------------------
                         (clock sys_clk_pin rise edge)
                                                      0.000     0.000 r  
    W5                                                0.000     0.000 r  clk (IN)
                         net (fo=0)                   0.000     0.000    clk
    W5                   IBUF (Prop_ibuf_I_O)         0.226     0.226 r  clk_IBUF_inst/O
                         net (fo=1, routed)           0.631     0.858    clk_IBUF
    BUFGCTRL_X0Y0        BUFG (Prop_bufg_I_O)         0.026     0.884 r  clk_IBUF_BUFG_inst/O
                         net (fo=128, routed)         0.589     1.472    BlocoOpera/clk_IBUF_BUFG
    SLICE_X2Y17          FDCE                                         r  BlocoOpera/sub_reg[7]/C
  -------------------------------------------------------------------    -------------------
    SLICE_X2Y17          FDCE (Prop_fdce_C_Q)         0.164     1.636 r  BlocoOpera/sub_reg[7]/Q
                         net (fo=1, routed)           0.116     1.752    BlocoOpera/sub_reg_n_0_[7]
    SLICE_X2Y19          FDCE                                         r  BlocoOpera/div_reg[4]/D
  -------------------------------------------------------------------    -------------------

                         (clock sys_clk_pin rise edge)
                                                      0.000     0.000 r  
    W5                                                0.000     0.000 r  clk (IN)
                         net (fo=0)                   0.000     0.000    clk
    W5                   IBUF (Prop_ibuf_I_O)         0.414     0.414 r  clk_IBUF_inst/O
                         net (fo=1, routed)           0.685     1.099    clk_IBUF
    BUFGCTRL_X0Y0        BUFG (Prop_bufg_I_O)         0.029     1.128 r  clk_IBUF_BUFG_inst/O
                         net (fo=128, routed)         0.856     1.983    BlocoOpera/clk_IBUF_BUFG
    SLICE_X2Y19          FDCE                                         r  BlocoOpera/div_reg[4]/C
                         clock pessimism             -0.499     1.484    
    SLICE_X2Y19          FDCE (Hold_fdce_C_D)         0.063     1.547    BlocoOpera/div_reg[4]
  -------------------------------------------------------------------
                         required time                         -1.547    
                         arrival time                           1.752    
  -------------------------------------------------------------------
                         slack                                  0.205    

Slack (MET) :             0.209ns  (arrival time - required time)
  Source:                 BlocoOpera/sub_reg[5]/C
                            (rising edge-triggered cell FDCE clocked by sys_clk_pin  {rise@0.000ns fall@5.000ns period=10.000ns})
  Destination:            BlocoOpera/div_reg[2]/D
                            (rising edge-triggered cell FDCE clocked by sys_clk_pin  {rise@0.000ns fall@5.000ns period=10.000ns})
  Path Group:             sys_clk_pin
  Path Type:              Hold (Min at Fast Process Corner)
  Requirement:            0.000ns  (sys_clk_pin rise@0.000ns - sys_clk_pin rise@0.000ns)
  Data Path Delay:        0.280ns  (logic 0.164ns (58.521%)  route 0.116ns (41.479%))
  Logic Levels:           0  
  Clock Path Skew:        0.012ns (DCD - SCD - CPR)
    Destination Clock Delay (DCD):    1.983ns
    Source Clock Delay      (SCD):    1.472ns
    Clock Pessimism Removal (CPR):    0.499ns

    Location             Delay type                Incr(ns)  Path(ns)    Netlist Resource(s)
  -------------------------------------------------------------------    -------------------
                         (clock sys_clk_pin rise edge)
                                                      0.000     0.000 r  
    W5                                                0.000     0.000 r  clk (IN)
                         net (fo=0)                   0.000     0.000    clk
    W5                   IBUF (Prop_ibuf_I_O)         0.226     0.226 r  clk_IBUF_inst/O
                         net (fo=1, routed)           0.631     0.858    clk_IBUF
    BUFGCTRL_X0Y0        BUFG (Prop_bufg_I_O)         0.026     0.884 r  clk_IBUF_BUFG_inst/O
                         net (fo=128, routed)         0.589     1.472    BlocoOpera/clk_IBUF_BUFG
    SLICE_X2Y17          FDCE                                         r  BlocoOpera/sub_reg[5]/C
  -------------------------------------------------------------------    -------------------
    SLICE_X2Y17          FDCE (Prop_fdce_C_Q)         0.164     1.636 r  BlocoOpera/sub_reg[5]/Q
                         net (fo=1, routed)           0.116     1.752    BlocoOpera/sub_reg_n_0_[5]
    SLICE_X2Y19          FDCE                                         r  BlocoOpera/div_reg[2]/D
  -------------------------------------------------------------------    -------------------

                         (clock sys_clk_pin rise edge)
                                                      0.000     0.000 r  
    W5                                                0.000     0.000 r  clk (IN)
                         net (fo=0)                   0.000     0.000    clk
    W5                   IBUF (Prop_ibuf_I_O)         0.414     0.414 r  clk_IBUF_inst/O
                         net (fo=1, routed)           0.685     1.099    clk_IBUF
    BUFGCTRL_X0Y0        BUFG (Prop_bufg_I_O)         0.029     1.128 r  clk_IBUF_BUFG_inst/O
                         net (fo=128, routed)         0.856     1.983    BlocoOpera/clk_IBUF_BUFG
    SLICE_X2Y19          FDCE                                         r  BlocoOpera/div_reg[2]/C
                         clock pessimism             -0.499     1.484    
    SLICE_X2Y19          FDCE (Hold_fdce_C_D)         0.059     1.543    BlocoOpera/div_reg[2]
  -------------------------------------------------------------------
                         required time                         -1.543    
                         arrival time                           1.752    
  -------------------------------------------------------------------
                         slack                                  0.209    

Slack (MET) :             0.211ns  (arrival time - required time)
  Source:                 BlocoOpera/regamostras_reg[6][3]/C
                            (rising edge-triggered cell FDCE clocked by sys_clk_pin  {rise@0.000ns fall@5.000ns period=10.000ns})
  Destination:            BlocoOpera/regamostras_reg[7][3]/D
                            (rising edge-triggered cell FDCE clocked by sys_clk_pin  {rise@0.000ns fall@5.000ns period=10.000ns})
  Path Group:             sys_clk_pin
  Path Type:              Hold (Min at Fast Process Corner)
  Requirement:            0.000ns  (sys_clk_pin rise@0.000ns - sys_clk_pin rise@0.000ns)
  Data Path Delay:        0.318ns  (logic 0.232ns (73.062%)  route 0.086ns (26.938%))
  Logic Levels:           1  (LUT3=1)
  Clock Path Skew:        0.000ns (DCD - SCD - CPR)
    Destination Clock Delay (DCD):    1.986ns
    Source Clock Delay      (SCD):    1.473ns
    Clock Pessimism Removal (CPR):    0.513ns

    Location             Delay type                Incr(ns)  Path(ns)    Netlist Resource(s)
  -------------------------------------------------------------------    -------------------
                         (clock sys_clk_pin rise edge)
                                                      0.000     0.000 r  
    W5                                                0.000     0.000 r  clk (IN)
                         net (fo=0)                   0.000     0.000    clk
    W5                   IBUF (Prop_ibuf_I_O)         0.226     0.226 r  clk_IBUF_inst/O
                         net (fo=1, routed)           0.631     0.858    clk_IBUF
    BUFGCTRL_X0Y0        BUFG (Prop_bufg_I_O)         0.026     0.884 r  clk_IBUF_BUFG_inst/O
                         net (fo=128, routed)         0.590     1.473    BlocoOpera/clk_IBUF_BUFG
    SLICE_X3Y16          FDCE                                         r  BlocoOpera/regamostras_reg[6][3]/C
  -------------------------------------------------------------------    -------------------
    SLICE_X3Y16          FDCE (Prop_fdce_C_Q)         0.128     1.601 r  BlocoOpera/regamostras_reg[6][3]/Q
                         net (fo=1, routed)           0.086     1.687    BlocoOpera/regamostras_reg[6][3]
    SLICE_X3Y16          LUT3 (Prop_lut3_I1_O)        0.104     1.791 r  BlocoOpera/regamostras[7][3]_i_1/O
                         net (fo=1, routed)           0.000     1.791    BlocoOpera/regamostras[7][3]_i_1_n_0
    SLICE_X3Y16          FDCE                                         r  BlocoOpera/regamostras_reg[7][3]/D
  -------------------------------------------------------------------    -------------------

                         (clock sys_clk_pin rise edge)
                                                      0.000     0.000 r  
    W5                                                0.000     0.000 r  clk (IN)
                         net (fo=0)                   0.000     0.000    clk
    W5                   IBUF (Prop_ibuf_I_O)         0.414     0.414 r  clk_IBUF_inst/O
                         net (fo=1, routed)           0.685     1.099    clk_IBUF
    BUFGCTRL_X0Y0        BUFG (Prop_bufg_I_O)         0.029     1.128 r  clk_IBUF_BUFG_inst/O
                         net (fo=128, routed)         0.859     1.986    BlocoOpera/clk_IBUF_BUFG
    SLICE_X3Y16          FDCE                                         r  BlocoOpera/regamostras_reg[7][3]/C
                         clock pessimism             -0.513     1.473    
    SLICE_X3Y16          FDCE (Hold_fdce_C_D)         0.107     1.580    BlocoOpera/regamostras_reg[7][3]
  -------------------------------------------------------------------
                         required time                         -1.580    
                         arrival time                           1.791    
  -------------------------------------------------------------------
                         slack                                  0.211    

Slack (MET) :             0.219ns  (arrival time - required time)
  Source:                 BlocoOpera/regamostras_reg[4][1]/C
                            (rising edge-triggered cell FDCE clocked by sys_clk_pin  {rise@0.000ns fall@5.000ns period=10.000ns})
  Destination:            BlocoOpera/regamostras_reg[5][1]/D
                            (rising edge-triggered cell FDCE clocked by sys_clk_pin  {rise@0.000ns fall@5.000ns period=10.000ns})
  Path Group:             sys_clk_pin
  Path Type:              Hold (Min at Fast Process Corner)
  Requirement:            0.000ns  (sys_clk_pin rise@0.000ns - sys_clk_pin rise@0.000ns)
  Data Path Delay:        0.340ns  (logic 0.247ns (72.697%)  route 0.093ns (27.303%))
  Logic Levels:           1  (LUT3=1)
  Clock Path Skew:        0.000ns (DCD - SCD - CPR)
    Destination Clock Delay (DCD):    1.988ns
    Source Clock Delay      (SCD):    1.474ns
    Clock Pessimism Removal (CPR):    0.514ns

    Location             Delay type                Incr(ns)  Path(ns)    Netlist Resource(s)
  -------------------------------------------------------------------    -------------------
                         (clock sys_clk_pin rise edge)
                                                      0.000     0.000 r  
    W5                                                0.000     0.000 r  clk (IN)
                         net (fo=0)                   0.000     0.000    clk
    W5                   IBUF (Prop_ibuf_I_O)         0.226     0.226 r  clk_IBUF_inst/O
                         net (fo=1, routed)           0.631     0.858    clk_IBUF
    BUFGCTRL_X0Y0        BUFG (Prop_bufg_I_O)         0.026     0.884 r  clk_IBUF_BUFG_inst/O
                         net (fo=128, routed)         0.591     1.474    BlocoOpera/clk_IBUF_BUFG
    SLICE_X2Y13          FDCE                                         r  BlocoOpera/regamostras_reg[4][1]/C
  -------------------------------------------------------------------    -------------------
    SLICE_X2Y13          FDCE (Prop_fdce_C_Q)         0.148     1.622 r  BlocoOpera/regamostras_reg[4][1]/Q
                         net (fo=1, routed)           0.093     1.715    BlocoOpera/regamostras_reg[4][1]
    SLICE_X2Y13          LUT3 (Prop_lut3_I1_O)        0.099     1.814 r  BlocoOpera/regamostras[5][1]_i_1/O
                         net (fo=1, routed)           0.000     1.814    BlocoOpera/regamostras[5][1]_i_1_n_0
    SLICE_X2Y13          FDCE                                         r  BlocoOpera/regamostras_reg[5][1]/D
  -------------------------------------------------------------------    -------------------

                         (clock sys_clk_pin rise edge)
                                                      0.000     0.000 r  
    W5                                                0.000     0.000 r  clk (IN)
                         net (fo=0)                   0.000     0.000    clk
    W5                   IBUF (Prop_ibuf_I_O)         0.414     0.414 r  clk_IBUF_inst/O
                         net (fo=1, routed)           0.685     1.099    clk_IBUF
    BUFGCTRL_X0Y0        BUFG (Prop_bufg_I_O)         0.029     1.128 r  clk_IBUF_BUFG_inst/O
                         net (fo=128, routed)         0.861     1.988    BlocoOpera/clk_IBUF_BUFG
    SLICE_X2Y13          FDCE                                         r  BlocoOpera/regamostras_reg[5][1]/C
                         clock pessimism             -0.514     1.474    
    SLICE_X2Y13          FDCE (Hold_fdce_C_D)         0.121     1.595    BlocoOpera/regamostras_reg[5][1]
  -------------------------------------------------------------------
                         required time                         -1.595    
                         arrival time                           1.814    
  -------------------------------------------------------------------
                         slack                                  0.219    





Pulse Width Checks
--------------------------------------------------------------------------------------
Clock Name:         sys_clk_pin
Waveform(ns):       { 0.000 5.000 }
Period(ns):         10.000
Sources:            { clk }

Check Type        Corner  Lib Pin  Reference Pin  Required(ns)  Actual(ns)  Slack(ns)  Location       Pin
Min Period        n/a     BUFG/I   n/a            2.155         10.000      7.845      BUFGCTRL_X0Y0  clk_IBUF_BUFG_inst/I
Min Period        n/a     FDCE/C   n/a            1.000         10.000      9.000      SLICE_X1Y3     BlocoOpera/avg_reg[0]/C
Min Period        n/a     FDCE/C   n/a            1.000         10.000      9.000      SLICE_X1Y43    BlocoOpera/avg_reg[1]/C
Min Period        n/a     FDCE/C   n/a            1.000         10.000      9.000      SLICE_X0Y43    BlocoOpera/avg_reg[1]_replica/C
Min Period        n/a     FDCE/C   n/a            1.000         10.000      9.000      SLICE_X1Y20    BlocoOpera/avg_reg[2]/C
Min Period        n/a     FDCE/C   n/a            1.000         10.000      9.000      SLICE_X0Y19    BlocoOpera/avg_reg[3]/C
Min Period        n/a     FDCE/C   n/a            1.000         10.000      9.000      SLICE_X0Y18    BlocoOpera/avg_reg[4]/C
Min Period        n/a     FDCE/C   n/a            1.000         10.000      9.000      SLICE_X1Y4     BlocoOpera/avg_reg[5]/C
Min Period        n/a     FDCE/C   n/a            1.000         10.000      9.000      SLICE_X1Y0     BlocoOpera/avg_reg[6]/C
Min Period        n/a     FDCE/C   n/a            1.000         10.000      9.000      SLICE_X1Y1     BlocoOpera/avg_reg[7]/C
Low Pulse Width   Slow    FDCE/C   n/a            0.500         5.000       4.500      SLICE_X1Y3     BlocoOpera/avg_reg[0]/C
Low Pulse Width   Fast    FDCE/C   n/a            0.500         5.000       4.500      SLICE_X1Y3     BlocoOpera/avg_reg[0]/C
Low Pulse Width   Slow    FDCE/C   n/a            0.500         5.000       4.500      SLICE_X1Y43    BlocoOpera/avg_reg[1]/C
Low Pulse Width   Fast    FDCE/C   n/a            0.500         5.000       4.500      SLICE_X1Y43    BlocoOpera/avg_reg[1]/C
Low Pulse Width   Slow    FDCE/C   n/a            0.500         5.000       4.500      SLICE_X0Y43    BlocoOpera/avg_reg[1]_replica/C
Low Pulse Width   Fast    FDCE/C   n/a            0.500         5.000       4.500      SLICE_X0Y43    BlocoOpera/avg_reg[1]_replica/C
Low Pulse Width   Slow    FDCE/C   n/a            0.500         5.000       4.500      SLICE_X1Y20    BlocoOpera/avg_reg[2]/C
Low Pulse Width   Fast    FDCE/C   n/a            0.500         5.000       4.500      SLICE_X1Y20    BlocoOpera/avg_reg[2]/C
Low Pulse Width   Slow    FDCE/C   n/a            0.500         5.000       4.500      SLICE_X0Y19    BlocoOpera/avg_reg[3]/C
Low Pulse Width   Fast    FDCE/C   n/a            0.500         5.000       4.500      SLICE_X0Y19    BlocoOpera/avg_reg[3]/C
High Pulse Width  Slow    FDCE/C   n/a            0.500         5.000       4.500      SLICE_X1Y3     BlocoOpera/avg_reg[0]/C
High Pulse Width  Fast    FDCE/C   n/a            0.500         5.000       4.500      SLICE_X1Y3     BlocoOpera/avg_reg[0]/C
High Pulse Width  Slow    FDCE/C   n/a            0.500         5.000       4.500      SLICE_X1Y43    BlocoOpera/avg_reg[1]/C
High Pulse Width  Fast    FDCE/C   n/a            0.500         5.000       4.500      SLICE_X1Y43    BlocoOpera/avg_reg[1]/C
High Pulse Width  Slow    FDCE/C   n/a            0.500         5.000       4.500      SLICE_X0Y43    BlocoOpera/avg_reg[1]_replica/C
High Pulse Width  Fast    FDCE/C   n/a            0.500         5.000       4.500      SLICE_X0Y43    BlocoOpera/avg_reg[1]_replica/C
High Pulse Width  Slow    FDCE/C   n/a            0.500         5.000       4.500      SLICE_X1Y20    BlocoOpera/avg_reg[2]/C
High Pulse Width  Fast    FDCE/C   n/a            0.500         5.000       4.500      SLICE_X1Y20    BlocoOpera/avg_reg[2]/C
High Pulse Width  Slow    FDCE/C   n/a            0.500         5.000       4.500      SLICE_X0Y19    BlocoOpera/avg_reg[3]/C
High Pulse Width  Fast    FDCE/C   n/a            0.500         5.000       4.500      SLICE_X0Y19    BlocoOpera/avg_reg[3]/C



---------------------------------------------------------------------------------------------------
From Clock:  virtual_clock
  To Clock:  sys_clk_pin

Setup :            0  Failing Endpoints,  Worst Slack        5.846ns,  Total Violation        0.000ns
Hold  :            0  Failing Endpoints,  Worst Slack        0.060ns,  Total Violation        0.000ns
---------------------------------------------------------------------------------------------------


Max Delay Paths
--------------------------------------------------------------------------------------
Slack (MET) :             5.846ns  (required time - arrival time)
  Source:                 update
                            (input port clocked by virtual_clock  {rise@0.000ns fall@5.000ns period=10.000ns})
  Destination:            Controle/FSM_onehot_estado_atual_reg[2]/D
                            (rising edge-triggered cell FDCE clocked by sys_clk_pin  {rise@0.000ns fall@5.000ns period=10.000ns})
  Path Group:             sys_clk_pin
  Path Type:              Setup (Max at Slow Process Corner)
  Requirement:            10.000ns  (sys_clk_pin rise@10.000ns - virtual_clock rise@0.000ns)
  Data Path Delay:        7.394ns  (logic 1.578ns (21.339%)  route 5.816ns (78.661%))
  Logic Levels:           2  (IBUF=1 LUT4=1)
  Input Delay:            1.500ns
  Clock Path Skew:        4.846ns (DCD - SCD + CPR)
    Destination Clock Delay (DCD):    4.846ns = ( 14.846 - 10.000 ) 
    Source Clock Delay      (SCD):    0.000ns
    Clock Pessimism Removal (CPR):    0.000ns
  Clock Uncertainty:      0.025ns  ((TSJ^2 + TIJ^2)^1/2 + DJ) / 2 + PE
    Total System Jitter     (TSJ):    0.050ns
    Total Input Jitter      (TIJ):    0.000ns
    Discrete Jitter          (DJ):    0.000ns
    Phase Error              (PE):    0.000ns
  Clock Domain Crossing:  Inter clock paths are considered valid unless explicitly excluded by timing constraints such as set_clock_groups or set_false_path.

    Location             Delay type                Incr(ns)  Path(ns)    Netlist Resource(s)
  -------------------------------------------------------------------    -------------------
                         (clock virtual_clock rise edge)
                                                      0.000     0.000 r  
                         ideal clock network latency
                                                      0.000     0.000    
                         input delay                  1.500     1.500    
    T18                                               0.000     1.500 f  update (IN)
                         net (fo=0)                   0.000     1.500    update
    T18                  IBUF (Prop_ibuf_I_O)         1.454     2.954 f  update_IBUF_inst/O
                         net (fo=2, routed)           2.164     5.118    Controle/update_IBUF
    SLICE_X1Y19          LUT4 (Prop_lut4_I2_O)        0.124     5.242 r  Controle/FSM_onehot_estado_atual[2]_i_1/O
                         net (fo=1, routed)           3.652     8.894    Controle/FSM_onehot_estado_atual[2]_i_1_n_0
    SLICE_X65Y87         FDCE                                         r  Controle/FSM_onehot_estado_atual_reg[2]/D
  -------------------------------------------------------------------    -------------------

                         (clock sys_clk_pin rise edge)
                                                     10.000    10.000 r  
    W5                                                0.000    10.000 r  clk (IN)
                         net (fo=0)                   0.000    10.000    clk
    W5                   IBUF (Prop_ibuf_I_O)         1.388    11.388 r  clk_IBUF_inst/O
                         net (fo=1, routed)           1.862    13.250    clk_IBUF
    BUFGCTRL_X0Y0        BUFG (Prop_bufg_I_O)         0.091    13.341 r  clk_IBUF_BUFG_inst/O
                         net (fo=128, routed)         1.505    14.846    Controle/CLK
    SLICE_X65Y87         FDCE                                         r  Controle/FSM_onehot_estado_atual_reg[2]/C
                         clock pessimism              0.000    14.846    
                         clock uncertainty           -0.025    14.821    
    SLICE_X65Y87         FDCE (Setup_fdce_C_D)       -0.081    14.740    Controle/FSM_onehot_estado_atual_reg[2]
  -------------------------------------------------------------------
                         required time                         14.740    
                         arrival time                          -8.894    
  -------------------------------------------------------------------
                         slack                                  5.846    

Slack (MET) :             6.813ns  (required time - arrival time)
  Source:                 sw[5]
                            (input port clocked by virtual_clock  {rise@0.000ns fall@5.000ns period=10.000ns})
  Destination:            BlocoOpera/regx_reg[5]/D
                            (rising edge-triggered cell FDRE clocked by sys_clk_pin  {rise@0.000ns fall@5.000ns period=10.000ns})
  Path Group:             sys_clk_pin
  Path Type:              Setup (Max at Slow Process Corner)
  Requirement:            10.000ns  (sys_clk_pin rise@10.000ns - virtual_clock rise@0.000ns)
  Data Path Delay:        6.459ns  (logic 1.466ns (22.698%)  route 4.993ns (77.302%))
  Logic Levels:           1  (IBUF=1)
  Input Delay:            1.500ns
  Clock Path Skew:        4.854ns (DCD - SCD + CPR)
    Destination Clock Delay (DCD):    4.854ns = ( 14.854 - 10.000 ) 
    Source Clock Delay      (SCD):    0.000ns
    Clock Pessimism Removal (CPR):    0.000ns
  Clock Uncertainty:      0.025ns  ((TSJ^2 + TIJ^2)^1/2 + DJ) / 2 + PE
    Total System Jitter     (TSJ):    0.050ns
    Total Input Jitter      (TIJ):    0.000ns
    Discrete Jitter          (DJ):    0.000ns
    Phase Error              (PE):    0.000ns
  Clock Domain Crossing:  Inter clock paths are considered valid unless explicitly excluded by timing constraints such as set_clock_groups or set_false_path.

    Location             Delay type                Incr(ns)  Path(ns)    Netlist Resource(s)
  -------------------------------------------------------------------    -------------------
                         (clock virtual_clock rise edge)
                                                      0.000     0.000 r  
                         ideal clock network latency
                                                      0.000     0.000    
                         input delay                  1.500     1.500    
    V15                                               0.000     1.500 r  sw[5] (IN)
                         net (fo=0)                   0.000     1.500    sw[5]
    V15                  IBUF (Prop_ibuf_I_O)         1.466     2.966 r  sw_IBUF[5]_inst/O
                         net (fo=1, routed)           4.993     7.959    BlocoOpera/D[5]
    SLICE_X1Y15          FDRE                                         r  BlocoOpera/regx_reg[5]/D
  -------------------------------------------------------------------    -------------------

                         (clock sys_clk_pin rise edge)
                                                     10.000    10.000 r  
    W5                                                0.000    10.000 r  clk (IN)
                         net (fo=0)                   0.000    10.000    clk
    W5                   IBUF (Prop_ibuf_I_O)         1.388    11.388 r  clk_IBUF_inst/O
                         net (fo=1, routed)           1.862    13.250    clk_IBUF
    BUFGCTRL_X0Y0        BUFG (Prop_bufg_I_O)         0.091    13.341 r  clk_IBUF_BUFG_inst/O
                         net (fo=128, routed)         1.513    14.854    BlocoOpera/clk_IBUF_BUFG
    SLICE_X1Y15          FDRE                                         r  BlocoOpera/regx_reg[5]/C
                         clock pessimism              0.000    14.854    
                         clock uncertainty           -0.025    14.829    
    SLICE_X1Y15          FDRE (Setup_fdre_C_D)       -0.058    14.771    BlocoOpera/regx_reg[5]
  -------------------------------------------------------------------
                         required time                         14.771    
                         arrival time                          -7.959    
  -------------------------------------------------------------------
                         slack                                  6.813    

Slack (MET) :             6.841ns  (required time - arrival time)
  Source:                 sw[1]
                            (input port clocked by virtual_clock  {rise@0.000ns fall@5.000ns period=10.000ns})
  Destination:            BlocoOpera/regx_reg[1]/D
                            (rising edge-triggered cell FDRE clocked by sys_clk_pin  {rise@0.000ns fall@5.000ns period=10.000ns})
  Path Group:             sys_clk_pin
  Path Type:              Setup (Max at Slow Process Corner)
  Requirement:            10.000ns  (sys_clk_pin rise@10.000ns - virtual_clock rise@0.000ns)
  Data Path Delay:        6.409ns  (logic 1.461ns (22.802%)  route 4.947ns (77.198%))
  Logic Levels:           1  (IBUF=1)
  Input Delay:            1.500ns
  Clock Path Skew:        4.855ns (DCD - SCD + CPR)
    Destination Clock Delay (DCD):    4.855ns = ( 14.855 - 10.000 ) 
    Source Clock Delay      (SCD):    0.000ns
    Clock Pessimism Removal (CPR):    0.000ns
  Clock Uncertainty:      0.025ns  ((TSJ^2 + TIJ^2)^1/2 + DJ) / 2 + PE
    Total System Jitter     (TSJ):    0.050ns
    Total Input Jitter      (TIJ):    0.000ns
    Discrete Jitter          (DJ):    0.000ns
    Phase Error              (PE):    0.000ns
  Clock Domain Crossing:  Inter clock paths are considered valid unless explicitly excluded by timing constraints such as set_clock_groups or set_false_path.

    Location             Delay type                Incr(ns)  Path(ns)    Netlist Resource(s)
  -------------------------------------------------------------------    -------------------
                         (clock virtual_clock rise edge)
                                                      0.000     0.000 r  
                         ideal clock network latency
                                                      0.000     0.000    
                         input delay                  1.500     1.500    
    V16                                               0.000     1.500 r  sw[1] (IN)
                         net (fo=0)                   0.000     1.500    sw[1]
    V16                  IBUF (Prop_ibuf_I_O)         1.461     2.961 r  sw_IBUF[1]_inst/O
                         net (fo=1, routed)           4.947     7.909    BlocoOpera/D[1]
    SLICE_X1Y13          FDRE                                         r  BlocoOpera/regx_reg[1]/D
  -------------------------------------------------------------------    -------------------

                         (clock sys_clk_pin rise edge)
                                                     10.000    10.000 r  
    W5                                                0.000    10.000 r  clk (IN)
                         net (fo=0)                   0.000    10.000    clk
    W5                   IBUF (Prop_ibuf_I_O)         1.388    11.388 r  clk_IBUF_inst/O
                         net (fo=1, routed)           1.862    13.250    clk_IBUF
    BUFGCTRL_X0Y0        BUFG (Prop_bufg_I_O)         0.091    13.341 r  clk_IBUF_BUFG_inst/O
                         net (fo=128, routed)         1.514    14.855    BlocoOpera/clk_IBUF_BUFG
    SLICE_X1Y13          FDRE                                         r  BlocoOpera/regx_reg[1]/C
                         clock pessimism              0.000    14.855    
                         clock uncertainty           -0.025    14.830    
    SLICE_X1Y13          FDRE (Setup_fdre_C_D)       -0.081    14.749    BlocoOpera/regx_reg[1]
  -------------------------------------------------------------------
                         required time                         14.749    
                         arrival time                          -7.909    
  -------------------------------------------------------------------
                         slack                                  6.841    

Slack (MET) :             6.864ns  (required time - arrival time)
  Source:                 sw[2]
                            (input port clocked by virtual_clock  {rise@0.000ns fall@5.000ns period=10.000ns})
  Destination:            BlocoOpera/regx_reg[2]/D
                            (rising edge-triggered cell FDRE clocked by sys_clk_pin  {rise@0.000ns fall@5.000ns period=10.000ns})
  Path Group:             sys_clk_pin
  Path Type:              Setup (Max at Slow Process Corner)
  Requirement:            10.000ns  (sys_clk_pin rise@10.000ns - virtual_clock rise@0.000ns)
  Data Path Delay:        6.371ns  (logic 1.464ns (22.977%)  route 4.907ns (77.023%))
  Logic Levels:           1  (IBUF=1)
  Input Delay:            1.500ns
  Clock Path Skew:        4.854ns (DCD - SCD + CPR)
    Destination Clock Delay (DCD):    4.854ns = ( 14.854 - 10.000 ) 
    Source Clock Delay      (SCD):    0.000ns
    Clock Pessimism Removal (CPR):    0.000ns
  Clock Uncertainty:      0.025ns  ((TSJ^2 + TIJ^2)^1/2 + DJ) / 2 + PE
    Total System Jitter     (TSJ):    0.050ns
    Total Input Jitter      (TIJ):    0.000ns
    Discrete Jitter          (DJ):    0.000ns
    Phase Error              (PE):    0.000ns
  Clock Domain Crossing:  Inter clock paths are considered valid unless explicitly excluded by timing constraints such as set_clock_groups or set_false_path.

    Location             Delay type                Incr(ns)  Path(ns)    Netlist Resource(s)
  -------------------------------------------------------------------    -------------------
                         (clock virtual_clock rise edge)
                                                      0.000     0.000 r  
                         ideal clock network latency
                                                      0.000     0.000    
                         input delay                  1.500     1.500    
    W16                                               0.000     1.500 r  sw[2] (IN)
                         net (fo=0)                   0.000     1.500    sw[2]
    W16                  IBUF (Prop_ibuf_I_O)         1.464     2.964 r  sw_IBUF[2]_inst/O
                         net (fo=1, routed)           4.907     7.871    BlocoOpera/D[2]
    SLICE_X1Y15          FDRE                                         r  BlocoOpera/regx_reg[2]/D
  -------------------------------------------------------------------    -------------------

                         (clock sys_clk_pin rise edge)
                                                     10.000    10.000 r  
    W5                                                0.000    10.000 r  clk (IN)
                         net (fo=0)                   0.000    10.000    clk
    W5                   IBUF (Prop_ibuf_I_O)         1.388    11.388 r  clk_IBUF_inst/O
                         net (fo=1, routed)           1.862    13.250    clk_IBUF
    BUFGCTRL_X0Y0        BUFG (Prop_bufg_I_O)         0.091    13.341 r  clk_IBUF_BUFG_inst/O
                         net (fo=128, routed)         1.513    14.854    BlocoOpera/clk_IBUF_BUFG
    SLICE_X1Y15          FDRE                                         r  BlocoOpera/regx_reg[2]/C
                         clock pessimism              0.000    14.854    
                         clock uncertainty           -0.025    14.829    
    SLICE_X1Y15          FDRE (Setup_fdre_C_D)       -0.095    14.734    BlocoOpera/regx_reg[2]
  -------------------------------------------------------------------
                         required time                         14.734    
                         arrival time                          -7.871    
  -------------------------------------------------------------------
                         slack                                  6.864    

Slack (MET) :             7.353ns  (required time - arrival time)
  Source:                 start
                            (input port clocked by virtual_clock  {rise@0.000ns fall@5.000ns period=10.000ns})
  Destination:            Controle/FSM_onehot_estado_atual_reg[0]/D
                            (rising edge-triggered cell FDPE clocked by sys_clk_pin  {rise@0.000ns fall@5.000ns period=10.000ns})
  Path Group:             sys_clk_pin
  Path Type:              Setup (Max at Fast Process Corner)
  Requirement:            10.000ns  (sys_clk_pin rise@10.000ns - virtual_clock rise@0.000ns)
  Data Path Delay:        2.599ns  (logic 0.468ns (18.003%)  route 2.131ns (81.997%))
  Logic Levels:           2  (IBUF=1 LUT2=1)
  Input Delay:            1.500ns
  Clock Path Skew:        1.464ns (DCD - SCD + CPR)
    Destination Clock Delay (DCD):    1.464ns = ( 11.464 - 10.000 ) 
    Source Clock Delay      (SCD):    0.000ns
    Clock Pessimism Removal (CPR):    0.000ns
  Clock Uncertainty:      0.025ns  ((TSJ^2 + TIJ^2)^1/2 + DJ) / 2 + PE
    Total System Jitter     (TSJ):    0.050ns
    Total Input Jitter      (TIJ):    0.000ns
    Discrete Jitter          (DJ):    0.000ns
    Phase Error              (PE):    0.000ns
  Clock Domain Crossing:  Inter clock paths are considered valid unless explicitly excluded by timing constraints such as set_clock_groups or set_false_path.

    Location             Delay type                Incr(ns)  Path(ns)    Netlist Resource(s)
  -------------------------------------------------------------------    -------------------
                         (clock virtual_clock rise edge)
                                                      0.000     0.000 r  
                         ideal clock network latency
                                                      0.000     0.000    
                         input delay                  1.500     1.500    
    R2                                                0.000     1.500 f  start (IN)
                         net (fo=0)                   0.000     1.500    start
    R2                   IBUF (Prop_ibuf_I_O)         0.412     1.912 f  start_IBUF_inst/O
                         net (fo=2, routed)           2.131     4.043    Controle/start_IBUF
    SLICE_X7Y26          LUT2 (Prop_lut2_I1_O)        0.056     4.099 r  Controle/FSM_onehot_estado_atual[0]_i_1/O
                         net (fo=1, routed)           0.000     4.099    Controle/FSM_onehot_estado_atual[0]_i_1_n_0
    SLICE_X7Y26          FDPE                                         r  Controle/FSM_onehot_estado_atual_reg[0]/D
  -------------------------------------------------------------------    -------------------

                         (clock sys_clk_pin rise edge)
                                                     10.000    10.000 r  
    W5                                                0.000    10.000 r  clk (IN)
                         net (fo=0)                   0.000    10.000    clk
    W5                   IBUF (Prop_ibuf_I_O)         0.226    10.226 r  clk_IBUF_inst/O
                         net (fo=1, routed)           0.631    10.858    clk_IBUF
    BUFGCTRL_X0Y0        BUFG (Prop_bufg_I_O)         0.026    10.884 r  clk_IBUF_BUFG_inst/O
                         net (fo=128, routed)         0.581    11.464    Controle/CLK
    SLICE_X7Y26          FDPE                                         r  Controle/FSM_onehot_estado_atual_reg[0]/C
                         clock pessimism              0.000    11.464    
                         clock uncertainty           -0.025    11.439    
    SLICE_X7Y26          FDPE (Setup_fdpe_C_D)        0.013    11.452    Controle/FSM_onehot_estado_atual_reg[0]
  -------------------------------------------------------------------
                         required time                         11.452    
                         arrival time                          -4.099    
  -------------------------------------------------------------------
                         slack                                  7.353    

Slack (MET) :             7.418ns  (required time - arrival time)
  Source:                 start
                            (input port clocked by virtual_clock  {rise@0.000ns fall@5.000ns period=10.000ns})
  Destination:            Controle/FSM_onehot_estado_atual_reg[1]/D
                            (rising edge-triggered cell FDCE clocked by sys_clk_pin  {rise@0.000ns fall@5.000ns period=10.000ns})
  Path Group:             sys_clk_pin
  Path Type:              Setup (Max at Fast Process Corner)
  Requirement:            10.000ns  (sys_clk_pin rise@10.000ns - virtual_clock rise@0.000ns)
  Data Path Delay:        2.535ns  (logic 0.468ns (18.457%)  route 2.067ns (81.543%))
  Logic Levels:           2  (IBUF=1 LUT2=1)
  Input Delay:            1.500ns
  Clock Path Skew:        1.464ns (DCD - SCD + CPR)
    Destination Clock Delay (DCD):    1.464ns = ( 11.464 - 10.000 ) 
    Source Clock Delay      (SCD):    0.000ns
    Clock Pessimism Removal (CPR):    0.000ns
  Clock Uncertainty:      0.025ns  ((TSJ^2 + TIJ^2)^1/2 + DJ) / 2 + PE
    Total System Jitter     (TSJ):    0.050ns
    Total Input Jitter      (TIJ):    0.000ns
    Discrete Jitter          (DJ):    0.000ns
    Phase Error              (PE):    0.000ns
  Clock Domain Crossing:  Inter clock paths are considered valid unless explicitly excluded by timing constraints such as set_clock_groups or set_false_path.

    Location             Delay type                Incr(ns)  Path(ns)    Netlist Resource(s)
  -------------------------------------------------------------------    -------------------
                         (clock virtual_clock rise edge)
                                                      0.000     0.000 r  
                         ideal clock network latency
                                                      0.000     0.000    
                         input delay                  1.500     1.500    
    R2                                                0.000     1.500 r  start (IN)
                         net (fo=0)                   0.000     1.500    start
    R2                   IBUF (Prop_ibuf_I_O)         0.412     1.912 r  start_IBUF_inst/O
                         net (fo=2, routed)           2.067     3.979    Controle/start_IBUF
    SLICE_X7Y26          LUT2 (Prop_lut2_I1_O)        0.056     4.035 r  Controle/FSM_onehot_estado_atual[1]_i_1/O
                         net (fo=1, routed)           0.000     4.035    Controle/FSM_onehot_estado_atual[1]_i_1_n_0
    SLICE_X7Y26          FDCE                                         r  Controle/FSM_onehot_estado_atual_reg[1]/D
  -------------------------------------------------------------------    -------------------

                         (clock sys_clk_pin rise edge)
                                                     10.000    10.000 r  
    W5                                                0.000    10.000 r  clk (IN)
                         net (fo=0)                   0.000    10.000    clk
    W5                   IBUF (Prop_ibuf_I_O)         0.226    10.226 r  clk_IBUF_inst/O
                         net (fo=1, routed)           0.631    10.858    clk_IBUF
    BUFGCTRL_X0Y0        BUFG (Prop_bufg_I_O)         0.026    10.884 r  clk_IBUF_BUFG_inst/O
                         net (fo=128, routed)         0.581    11.464    Controle/CLK
    SLICE_X7Y26          FDCE                                         r  Controle/FSM_onehot_estado_atual_reg[1]/C
                         clock pessimism              0.000    11.464    
                         clock uncertainty           -0.025    11.439    
    SLICE_X7Y26          FDCE (Setup_fdce_C_D)        0.014    11.453    Controle/FSM_onehot_estado_atual_reg[1]
  -------------------------------------------------------------------
                         required time                         11.453    
                         arrival time                          -4.035    
  -------------------------------------------------------------------
                         slack                                  7.418    

Slack (MET) :             7.453ns  (required time - arrival time)
  Source:                 sw[7]
                            (input port clocked by virtual_clock  {rise@0.000ns fall@5.000ns period=10.000ns})
  Destination:            BlocoOpera/regx_reg[7]/D
                            (rising edge-triggered cell FDRE clocked by sys_clk_pin  {rise@0.000ns fall@5.000ns period=10.000ns})
  Path Group:             sys_clk_pin
  Path Type:              Setup (Max at Fast Process Corner)
  Requirement:            10.000ns  (sys_clk_pin rise@10.000ns - virtual_clock rise@0.000ns)
  Data Path Delay:        2.488ns  (logic 0.415ns (16.666%)  route 2.073ns (83.334%))
  Logic Levels:           1  (IBUF=1)
  Input Delay:            1.500ns
  Clock Path Skew:        1.474ns (DCD - SCD + CPR)
    Destination Clock Delay (DCD):    1.474ns = ( 11.474 - 10.000 ) 
    Source Clock Delay      (SCD):    0.000ns
    Clock Pessimism Removal (CPR):    0.000ns
  Clock Uncertainty:      0.025ns  ((TSJ^2 + TIJ^2)^1/2 + DJ) / 2 + PE
    Total System Jitter     (TSJ):    0.050ns
    Total Input Jitter      (TIJ):    0.000ns
    Discrete Jitter          (DJ):    0.000ns
    Phase Error              (PE):    0.000ns
  Clock Domain Crossing:  Inter clock paths are considered valid unless explicitly excluded by timing constraints such as set_clock_groups or set_false_path.

    Location             Delay type                Incr(ns)  Path(ns)    Netlist Resource(s)
  -------------------------------------------------------------------    -------------------
                         (clock virtual_clock rise edge)
                                                      0.000     0.000 r  
                         ideal clock network latency
                                                      0.000     0.000    
                         input delay                  1.500     1.500    
    W13                                               0.000     1.500 r  sw[7] (IN)
                         net (fo=0)                   0.000     1.500    sw[7]
    W13                  IBUF (Prop_ibuf_I_O)         0.415     1.915 r  sw_IBUF[7]_inst/O
                         net (fo=1, routed)           2.073     3.988    BlocoOpera/D[7]
    SLICE_X1Y15          FDRE                                         r  BlocoOpera/regx_reg[7]/D
  -------------------------------------------------------------------    -------------------

                         (clock sys_clk_pin rise edge)
                                                     10.000    10.000 r  
    W5                                                0.000    10.000 r  clk (IN)
                         net (fo=0)                   0.000    10.000    clk
    W5                   IBUF (Prop_ibuf_I_O)         0.226    10.226 r  clk_IBUF_inst/O
                         net (fo=1, routed)           0.631    10.858    clk_IBUF
    BUFGCTRL_X0Y0        BUFG (Prop_bufg_I_O)         0.026    10.884 r  clk_IBUF_BUFG_inst/O
                         net (fo=128, routed)         0.591    11.474    BlocoOpera/clk_IBUF_BUFG
    SLICE_X1Y15          FDRE                                         r  BlocoOpera/regx_reg[7]/C
                         clock pessimism              0.000    11.474    
                         clock uncertainty           -0.025    11.449    
    SLICE_X1Y15          FDRE (Setup_fdre_C_D)       -0.009    11.440    BlocoOpera/regx_reg[7]
  -------------------------------------------------------------------
                         required time                         11.440    
                         arrival time                          -3.988    
  -------------------------------------------------------------------
                         slack                                  7.453    

Slack (MET) :             7.462ns  (required time - arrival time)
  Source:                 sw[4]
                            (input port clocked by virtual_clock  {rise@0.000ns fall@5.000ns period=10.000ns})
  Destination:            BlocoOpera/regx_reg[4]/D
                            (rising edge-triggered cell FDRE clocked by sys_clk_pin  {rise@0.000ns fall@5.000ns period=10.000ns})
  Path Group:             sys_clk_pin
  Path Type:              Setup (Max at Fast Process Corner)
  Requirement:            10.000ns  (sys_clk_pin rise@10.000ns - virtual_clock rise@0.000ns)
  Data Path Delay:        2.473ns  (logic 0.406ns (16.436%)  route 2.067ns (83.564%))
  Logic Levels:           1  (IBUF=1)
  Input Delay:            1.500ns
  Clock Path Skew:        1.474ns (DCD - SCD + CPR)
    Destination Clock Delay (DCD):    1.474ns = ( 11.474 - 10.000 ) 
    Source Clock Delay      (SCD):    0.000ns
    Clock Pessimism Removal (CPR):    0.000ns
  Clock Uncertainty:      0.025ns  ((TSJ^2 + TIJ^2)^1/2 + DJ) / 2 + PE
    Total System Jitter     (TSJ):    0.050ns
    Total Input Jitter      (TIJ):    0.000ns
    Discrete Jitter          (DJ):    0.000ns
    Phase Error              (PE):    0.000ns
  Clock Domain Crossing:  Inter clock paths are considered valid unless explicitly excluded by timing constraints such as set_clock_groups or set_false_path.

    Location             Delay type                Incr(ns)  Path(ns)    Netlist Resource(s)
  -------------------------------------------------------------------    -------------------
                         (clock virtual_clock rise edge)
                                                      0.000     0.000 r  
                         ideal clock network latency
                                                      0.000     0.000    
                         input delay                  1.500     1.500    
    W15                                               0.000     1.500 r  sw[4] (IN)
                         net (fo=0)                   0.000     1.500    sw[4]
    W15                  IBUF (Prop_ibuf_I_O)         0.406     1.906 r  sw_IBUF[4]_inst/O
                         net (fo=1, routed)           2.067     3.973    BlocoOpera/D[4]
    SLICE_X1Y15          FDRE                                         r  BlocoOpera/regx_reg[4]/D
  -------------------------------------------------------------------    -------------------

                         (clock sys_clk_pin rise edge)
                                                     10.000    10.000 r  
    W5                                                0.000    10.000 r  clk (IN)
                         net (fo=0)                   0.000    10.000    clk
    W5                   IBUF (Prop_ibuf_I_O)         0.226    10.226 r  clk_IBUF_inst/O
                         net (fo=1, routed)           0.631    10.858    clk_IBUF
    BUFGCTRL_X0Y0        BUFG (Prop_bufg_I_O)         0.026    10.884 r  clk_IBUF_BUFG_inst/O
                         net (fo=128, routed)         0.591    11.474    BlocoOpera/clk_IBUF_BUFG
    SLICE_X1Y15          FDRE                                         r  BlocoOpera/regx_reg[4]/C
                         clock pessimism              0.000    11.474    
                         clock uncertainty           -0.025    11.449    
    SLICE_X1Y15          FDRE (Setup_fdre_C_D)       -0.014    11.435    BlocoOpera/regx_reg[4]
  -------------------------------------------------------------------
                         required time                         11.435    
                         arrival time                          -3.973    
  -------------------------------------------------------------------
                         slack                                  7.462    

Slack (MET) :             7.472ns  (required time - arrival time)
  Source:                 sw[3]
                            (input port clocked by virtual_clock  {rise@0.000ns fall@5.000ns period=10.000ns})
  Destination:            BlocoOpera/regx_reg[3]/D
                            (rising edge-triggered cell FDRE clocked by sys_clk_pin  {rise@0.000ns fall@5.000ns period=10.000ns})
  Path Group:             sys_clk_pin
  Path Type:              Setup (Max at Slow Process Corner)
  Requirement:            10.000ns  (sys_clk_pin rise@10.000ns - virtual_clock rise@0.000ns)
  Data Path Delay:        5.765ns  (logic 1.448ns (25.127%)  route 4.316ns (74.873%))
  Logic Levels:           1  (IBUF=1)
  Input Delay:            1.500ns
  Clock Path Skew:        4.854ns (DCD - SCD + CPR)
    Destination Clock Delay (DCD):    4.854ns = ( 14.854 - 10.000 ) 
    Source Clock Delay      (SCD):    0.000ns
    Clock Pessimism Removal (CPR):    0.000ns
  Clock Uncertainty:      0.025ns  ((TSJ^2 + TIJ^2)^1/2 + DJ) / 2 + PE
    Total System Jitter     (TSJ):    0.050ns
    Total Input Jitter      (TIJ):    0.000ns
    Discrete Jitter          (DJ):    0.000ns
    Phase Error              (PE):    0.000ns
  Clock Domain Crossing:  Inter clock paths are considered valid unless explicitly excluded by timing constraints such as set_clock_groups or set_false_path.

    Location             Delay type                Incr(ns)  Path(ns)    Netlist Resource(s)
  -------------------------------------------------------------------    -------------------
                         (clock virtual_clock rise edge)
                                                      0.000     0.000 r  
                         ideal clock network latency
                                                      0.000     0.000    
                         input delay                  1.500     1.500    
    W17                                               0.000     1.500 r  sw[3] (IN)
                         net (fo=0)                   0.000     1.500    sw[3]
    W17                  IBUF (Prop_ibuf_I_O)         1.448     2.948 r  sw_IBUF[3]_inst/O
                         net (fo=1, routed)           4.316     7.265    BlocoOpera/D[3]
    SLICE_X1Y15          FDRE                                         r  BlocoOpera/regx_reg[3]/D
  -------------------------------------------------------------------    -------------------

                         (clock sys_clk_pin rise edge)
                                                     10.000    10.000 r  
    W5                                                0.000    10.000 r  clk (IN)
                         net (fo=0)                   0.000    10.000    clk
    W5                   IBUF (Prop_ibuf_I_O)         1.388    11.388 r  clk_IBUF_inst/O
                         net (fo=1, routed)           1.862    13.250    clk_IBUF
    BUFGCTRL_X0Y0        BUFG (Prop_bufg_I_O)         0.091    13.341 r  clk_IBUF_BUFG_inst/O
                         net (fo=128, routed)         1.513    14.854    BlocoOpera/clk_IBUF_BUFG
    SLICE_X1Y15          FDRE                                         r  BlocoOpera/regx_reg[3]/C
                         clock pessimism              0.000    14.854    
                         clock uncertainty           -0.025    14.829    
    SLICE_X1Y15          FDRE (Setup_fdre_C_D)       -0.093    14.736    BlocoOpera/regx_reg[3]
  -------------------------------------------------------------------
                         required time                         14.736    
                         arrival time                          -7.265    
  -------------------------------------------------------------------
                         slack                                  7.472    

Slack (MET) :             7.504ns  (required time - arrival time)
  Source:                 update
                            (input port clocked by virtual_clock  {rise@0.000ns fall@5.000ns period=10.000ns})
  Destination:            Controle/FSM_onehot_estado_atual_reg[3]/D
                            (rising edge-triggered cell FDCE clocked by sys_clk_pin  {rise@0.000ns fall@5.000ns period=10.000ns})
  Path Group:             sys_clk_pin
  Path Type:              Setup (Max at Slow Process Corner)
  Requirement:            10.000ns  (sys_clk_pin rise@10.000ns - virtual_clock rise@0.000ns)
  Data Path Delay:        5.852ns  (logic 1.578ns (26.962%)  route 4.274ns (73.038%))
  Logic Levels:           2  (IBUF=1 LUT2=1)
  Input Delay:            1.500ns
  Clock Path Skew:        4.849ns (DCD - SCD + CPR)
    Destination Clock Delay (DCD):    4.849ns = ( 14.849 - 10.000 ) 
    Source Clock Delay      (SCD):    0.000ns
    Clock Pessimism Removal (CPR):    0.000ns
  Clock Uncertainty:      0.025ns  ((TSJ^2 + TIJ^2)^1/2 + DJ) / 2 + PE
    Total System Jitter     (TSJ):    0.050ns
    Total Input Jitter      (TIJ):    0.000ns
    Discrete Jitter          (DJ):    0.000ns
    Phase Error              (PE):    0.000ns
  Clock Domain Crossing:  Inter clock paths are considered valid unless explicitly excluded by timing constraints such as set_clock_groups or set_false_path.

    Location             Delay type                Incr(ns)  Path(ns)    Netlist Resource(s)
  -------------------------------------------------------------------    -------------------
                         (clock virtual_clock rise edge)
                                                      0.000     0.000 r  
                         ideal clock network latency
                                                      0.000     0.000    
                         input delay                  1.500     1.500    
    T18                                               0.000     1.500 r  update (IN)
                         net (fo=0)                   0.000     1.500    update
    T18                  IBUF (Prop_ibuf_I_O)         1.454     2.954 r  update_IBUF_inst/O
                         net (fo=2, routed)           4.274     7.228    Controle/update_IBUF
    SLICE_X1Y19          LUT2 (Prop_lut2_I1_O)        0.124     7.352 r  Controle/FSM_onehot_estado_atual[3]_i_1/O
                         net (fo=1, routed)           0.000     7.352    Controle/FSM_onehot_estado_atual[3]_i_1_n_0
    SLICE_X1Y19          FDCE                                         r  Controle/FSM_onehot_estado_atual_reg[3]/D
  -------------------------------------------------------------------    -------------------

                         (clock sys_clk_pin rise edge)
                                                     10.000    10.000 r  
    W5                                                0.000    10.000 r  clk (IN)
                         net (fo=0)                   0.000    10.000    clk
    W5                   IBUF (Prop_ibuf_I_O)         1.388    11.388 r  clk_IBUF_inst/O
                         net (fo=1, routed)           1.862    13.250    clk_IBUF
    BUFGCTRL_X0Y0        BUFG (Prop_bufg_I_O)         0.091    13.341 r  clk_IBUF_BUFG_inst/O
                         net (fo=128, routed)         1.508    14.849    Controle/CLK
    SLICE_X1Y19          FDCE                                         r  Controle/FSM_onehot_estado_atual_reg[3]/C
                         clock pessimism              0.000    14.849    
                         clock uncertainty           -0.025    14.824    
    SLICE_X1Y19          FDCE (Setup_fdce_C_D)        0.031    14.855    Controle/FSM_onehot_estado_atual_reg[3]
  -------------------------------------------------------------------
                         required time                         14.855    
                         arrival time                          -7.352    
  -------------------------------------------------------------------
                         slack                                  7.504    





Min Delay Paths
--------------------------------------------------------------------------------------
Slack (MET) :             0.060ns  (arrival time - required time)
  Source:                 sw[0]
                            (input port clocked by virtual_clock  {rise@0.000ns fall@5.000ns period=10.000ns})
  Destination:            BlocoOpera/regx_reg[0]/D
                            (rising edge-triggered cell FDRE clocked by sys_clk_pin  {rise@0.000ns fall@5.000ns period=10.000ns})
  Path Group:             sys_clk_pin
  Path Type:              Hold (Min at Slow Process Corner)
  Requirement:            0.000ns  (sys_clk_pin rise@0.000ns - virtual_clock rise@0.000ns)
  Data Path Delay:        4.931ns  (logic 1.383ns (28.038%)  route 3.548ns (71.962%))
  Logic Levels:           1  (IBUF=1)
  Input Delay:            0.500ns
  Clock Path Skew:        5.154ns (DCD - SCD - CPR)
    Destination Clock Delay (DCD):    5.154ns
    Source Clock Delay      (SCD):    0.000ns
    Clock Pessimism Removal (CPR):    -0.000ns
  Clock Uncertainty:      0.025ns  ((TSJ^2 + TIJ^2)^1/2 + DJ) / 2 + PE
    Total System Jitter     (TSJ):    0.050ns
    Total Input Jitter      (TIJ):    0.000ns
    Discrete Jitter          (DJ):    0.000ns
    Phase Error              (PE):    0.000ns
  Clock Domain Crossing:  Inter clock paths are considered valid unless explicitly excluded by timing constraints such as set_clock_groups or set_false_path.

    Location             Delay type                Incr(ns)  Path(ns)    Netlist Resource(s)
  -------------------------------------------------------------------    -------------------
                         (clock virtual_clock rise edge)
                                                      0.000     0.000 r  
                         ideal clock network latency
                                                      0.000     0.000    
                         input delay                  0.500     0.500    
    V17                                               0.000     0.500 r  sw[0] (IN)
                         net (fo=0)                   0.000     0.500    sw[0]
    V17                  IBUF (Prop_ibuf_I_O)         1.383     1.883 r  sw_IBUF[0]_inst/O
                         net (fo=1, routed)           3.548     5.431    BlocoOpera/D[0]
    SLICE_X1Y13          FDRE                                         r  BlocoOpera/regx_reg[0]/D
  -------------------------------------------------------------------    -------------------

                         (clock sys_clk_pin rise edge)
                                                      0.000     0.000 r  
    W5                                                0.000     0.000 r  clk (IN)
                         net (fo=0)                   0.000     0.000    clk
    W5                   IBUF (Prop_ibuf_I_O)         1.458     1.458 r  clk_IBUF_inst/O
                         net (fo=1, routed)           1.967     3.425    clk_IBUF
    BUFGCTRL_X0Y0        BUFG (Prop_bufg_I_O)         0.096     3.521 r  clk_IBUF_BUFG_inst/O
                         net (fo=128, routed)         1.633     5.154    BlocoOpera/clk_IBUF_BUFG
    SLICE_X1Y13          FDRE                                         r  BlocoOpera/regx_reg[0]/C
                         clock pessimism              0.000     5.154    
                         clock uncertainty            0.025     5.179    
    SLICE_X1Y13          FDRE (Hold_fdre_C_D)         0.192     5.371    BlocoOpera/regx_reg[0]
  -------------------------------------------------------------------
                         required time                         -5.371    
                         arrival time                           5.431    
  -------------------------------------------------------------------
                         slack                                  0.060    

Slack (MET) :             0.122ns  (arrival time - required time)
  Source:                 sw[6]
                            (input port clocked by virtual_clock  {rise@0.000ns fall@5.000ns period=10.000ns})
  Destination:            BlocoOpera/regx_reg[6]/D
                            (rising edge-triggered cell FDRE clocked by sys_clk_pin  {rise@0.000ns fall@5.000ns period=10.000ns})
  Path Group:             sys_clk_pin
  Path Type:              Hold (Min at Slow Process Corner)
  Requirement:            0.000ns  (sys_clk_pin rise@0.000ns - virtual_clock rise@0.000ns)
  Data Path Delay:        4.990ns  (logic 1.379ns (27.643%)  route 3.611ns (72.357%))
  Logic Levels:           1  (IBUF=1)
  Input Delay:            0.500ns
  Clock Path Skew:        5.152ns (DCD - SCD - CPR)
    Destination Clock Delay (DCD):    5.152ns
    Source Clock Delay      (SCD):    0.000ns
    Clock Pessimism Removal (CPR):    -0.000ns
  Clock Uncertainty:      0.025ns  ((TSJ^2 + TIJ^2)^1/2 + DJ) / 2 + PE
    Total System Jitter     (TSJ):    0.050ns
    Total Input Jitter      (TIJ):    0.000ns
    Discrete Jitter          (DJ):    0.000ns
    Phase Error              (PE):    0.000ns
  Clock Domain Crossing:  Inter clock paths are considered valid unless explicitly excluded by timing constraints such as set_clock_groups or set_false_path.

    Location             Delay type                Incr(ns)  Path(ns)    Netlist Resource(s)
  -------------------------------------------------------------------    -------------------
                         (clock virtual_clock rise edge)
                                                      0.000     0.000 r  
                         ideal clock network latency
                                                      0.000     0.000    
                         input delay                  0.500     0.500    
    W14                                               0.000     0.500 r  sw[6] (IN)
                         net (fo=0)                   0.000     0.500    sw[6]
    W14                  IBUF (Prop_ibuf_I_O)         1.379     1.879 r  sw_IBUF[6]_inst/O
                         net (fo=1, routed)           3.611     5.490    BlocoOpera/D[6]
    SLICE_X1Y15          FDRE                                         r  BlocoOpera/regx_reg[6]/D
  -------------------------------------------------------------------    -------------------

                         (clock sys_clk_pin rise edge)
                                                      0.000     0.000 r  
    W5                                                0.000     0.000 r  clk (IN)
                         net (fo=0)                   0.000     0.000    clk
    W5                   IBUF (Prop_ibuf_I_O)         1.458     1.458 r  clk_IBUF_inst/O
                         net (fo=1, routed)           1.967     3.425    clk_IBUF
    BUFGCTRL_X0Y0        BUFG (Prop_bufg_I_O)         0.096     3.521 r  clk_IBUF_BUFG_inst/O
                         net (fo=128, routed)         1.631     5.152    BlocoOpera/clk_IBUF_BUFG
    SLICE_X1Y15          FDRE                                         r  BlocoOpera/regx_reg[6]/C
                         clock pessimism              0.000     5.152    
                         clock uncertainty            0.025     5.177    
    SLICE_X1Y15          FDRE (Hold_fdre_C_D)         0.191     5.368    BlocoOpera/regx_reg[6]
  -------------------------------------------------------------------
                         required time                         -5.368    
                         arrival time                           5.490    
  -------------------------------------------------------------------
                         slack                                  0.122    

Slack (MET) :             0.136ns  (arrival time - required time)
  Source:                 start
                            (input port clocked by virtual_clock  {rise@0.000ns fall@5.000ns period=10.000ns})
  Destination:            Controle/FSM_onehot_estado_atual_reg[1]/D
                            (rising edge-triggered cell FDCE clocked by sys_clk_pin  {rise@0.000ns fall@5.000ns period=10.000ns})
  Path Group:             sys_clk_pin
  Path Type:              Hold (Min at Slow Process Corner)
  Requirement:            0.000ns  (sys_clk_pin rise@0.000ns - virtual_clock rise@0.000ns)
  Data Path Delay:        5.069ns  (logic 1.486ns (29.313%)  route 3.583ns (70.687%))
  Logic Levels:           2  (IBUF=1 LUT2=1)
  Input Delay:            0.500ns
  Clock Path Skew:        5.138ns (DCD - SCD - CPR)
    Destination Clock Delay (DCD):    5.138ns
    Source Clock Delay      (SCD):    0.000ns
    Clock Pessimism Removal (CPR):    -0.000ns
  Clock Uncertainty:      0.025ns  ((TSJ^2 + TIJ^2)^1/2 + DJ) / 2 + PE
    Total System Jitter     (TSJ):    0.050ns
    Total Input Jitter      (TIJ):    0.000ns
    Discrete Jitter          (DJ):    0.000ns
    Phase Error              (PE):    0.000ns
  Clock Domain Crossing:  Inter clock paths are considered valid unless explicitly excluded by timing constraints such as set_clock_groups or set_false_path.

    Location             Delay type                Incr(ns)  Path(ns)    Netlist Resource(s)
  -------------------------------------------------------------------    -------------------
                         (clock virtual_clock rise edge)
                                                      0.000     0.000 r  
                         ideal clock network latency
                                                      0.000     0.000    
                         input delay                  0.500     0.500    
    R2                                                0.000     0.500 r  start (IN)
                         net (fo=0)                   0.000     0.500    start
    R2                   IBUF (Prop_ibuf_I_O)         1.386     1.886 r  start_IBUF_inst/O
                         net (fo=2, routed)           3.583     5.469    Controle/start_IBUF
    SLICE_X7Y26          LUT2 (Prop_lut2_I1_O)        0.100     5.569 r  Controle/FSM_onehot_estado_atual[1]_i_1/O
                         net (fo=1, routed)           0.000     5.569    Controle/FSM_onehot_estado_atual[1]_i_1_n_0
    SLICE_X7Y26          FDCE                                         r  Controle/FSM_onehot_estado_atual_reg[1]/D
  -------------------------------------------------------------------    -------------------

                         (clock sys_clk_pin rise edge)
                                                      0.000     0.000 r  
    W5                                                0.000     0.000 r  clk (IN)
                         net (fo=0)                   0.000     0.000    clk
    W5                   IBUF (Prop_ibuf_I_O)         1.458     1.458 r  clk_IBUF_inst/O
                         net (fo=1, routed)           1.967     3.425    clk_IBUF
    BUFGCTRL_X0Y0        BUFG (Prop_bufg_I_O)         0.096     3.521 r  clk_IBUF_BUFG_inst/O
                         net (fo=128, routed)         1.617     5.138    Controle/CLK
    SLICE_X7Y26          FDCE                                         r  Controle/FSM_onehot_estado_atual_reg[1]/C
                         clock pessimism              0.000     5.138    
                         clock uncertainty            0.025     5.163    
    SLICE_X7Y26          FDCE (Hold_fdce_C_D)         0.270     5.433    Controle/FSM_onehot_estado_atual_reg[1]
  -------------------------------------------------------------------
                         required time                         -5.433    
                         arrival time                           5.569    
  -------------------------------------------------------------------
                         slack                                  0.136    

Slack (MET) :             0.159ns  (arrival time - required time)
  Source:                 sw[4]
                            (input port clocked by virtual_clock  {rise@0.000ns fall@5.000ns period=10.000ns})
  Destination:            BlocoOpera/regx_reg[4]/D
                            (rising edge-triggered cell FDRE clocked by sys_clk_pin  {rise@0.000ns fall@5.000ns period=10.000ns})
  Path Group:             sys_clk_pin
  Path Type:              Hold (Min at Slow Process Corner)
  Requirement:            0.000ns  (sys_clk_pin rise@0.000ns - virtual_clock rise@0.000ns)
  Data Path Delay:        5.032ns  (logic 1.380ns (27.434%)  route 3.652ns (72.566%))
  Logic Levels:           1  (IBUF=1)
  Input Delay:            0.500ns
  Clock Path Skew:        5.152ns (DCD - SCD - CPR)
    Destination Clock Delay (DCD):    5.152ns
    Source Clock Delay      (SCD):    0.000ns
    Clock Pessimism Removal (CPR):    -0.000ns
  Clock Uncertainty:      0.025ns  ((TSJ^2 + TIJ^2)^1/2 + DJ) / 2 + PE
    Total System Jitter     (TSJ):    0.050ns
    Total Input Jitter      (TIJ):    0.000ns
    Discrete Jitter          (DJ):    0.000ns
    Phase Error              (PE):    0.000ns
  Clock Domain Crossing:  Inter clock paths are considered valid unless explicitly excluded by timing constraints such as set_clock_groups or set_false_path.

    Location             Delay type                Incr(ns)  Path(ns)    Netlist Resource(s)
  -------------------------------------------------------------------    -------------------
                         (clock virtual_clock rise edge)
                                                      0.000     0.000 r  
                         ideal clock network latency
                                                      0.000     0.000    
                         input delay                  0.500     0.500    
    W15                                               0.000     0.500 r  sw[4] (IN)
                         net (fo=0)                   0.000     0.500    sw[4]
    W15                  IBUF (Prop_ibuf_I_O)         1.380     1.880 r  sw_IBUF[4]_inst/O
                         net (fo=1, routed)           3.652     5.532    BlocoOpera/D[4]
    SLICE_X1Y15          FDRE                                         r  BlocoOpera/regx_reg[4]/D
  -------------------------------------------------------------------    -------------------

                         (clock sys_clk_pin rise edge)
                                                      0.000     0.000 r  
    W5                                                0.000     0.000 r  clk (IN)
                         net (fo=0)                   0.000     0.000    clk
    W5                   IBUF (Prop_ibuf_I_O)         1.458     1.458 r  clk_IBUF_inst/O
                         net (fo=1, routed)           1.967     3.425    clk_IBUF
    BUFGCTRL_X0Y0        BUFG (Prop_bufg_I_O)         0.096     3.521 r  clk_IBUF_BUFG_inst/O
                         net (fo=128, routed)         1.631     5.152    BlocoOpera/clk_IBUF_BUFG
    SLICE_X1Y15          FDRE                                         r  BlocoOpera/regx_reg[4]/C
                         clock pessimism              0.000     5.152    
                         clock uncertainty            0.025     5.177    
    SLICE_X1Y15          FDRE (Hold_fdre_C_D)         0.196     5.373    BlocoOpera/regx_reg[4]
  -------------------------------------------------------------------
                         required time                         -5.373    
                         arrival time                           5.532    
  -------------------------------------------------------------------
                         slack                                  0.159    

Slack (MET) :             0.239ns  (arrival time - required time)
  Source:                 sw[7]
                            (input port clocked by virtual_clock  {rise@0.000ns fall@5.000ns period=10.000ns})
  Destination:            BlocoOpera/regx_reg[7]/D
                            (rising edge-triggered cell FDRE clocked by sys_clk_pin  {rise@0.000ns fall@5.000ns period=10.000ns})
  Path Group:             sys_clk_pin
  Path Type:              Hold (Min at Slow Process Corner)
  Requirement:            0.000ns  (sys_clk_pin rise@0.000ns - virtual_clock rise@0.000ns)
  Data Path Delay:        5.096ns  (logic 1.389ns (27.250%)  route 3.707ns (72.750%))
  Logic Levels:           1  (IBUF=1)
  Input Delay:            0.500ns
  Clock Path Skew:        5.152ns (DCD - SCD - CPR)
    Destination Clock Delay (DCD):    5.152ns
    Source Clock Delay      (SCD):    0.000ns
    Clock Pessimism Removal (CPR):    -0.000ns
  Clock Uncertainty:      0.025ns  ((TSJ^2 + TIJ^2)^1/2 + DJ) / 2 + PE
    Total System Jitter     (TSJ):    0.050ns
    Total Input Jitter      (TIJ):    0.000ns
    Discrete Jitter          (DJ):    0.000ns
    Phase Error              (PE):    0.000ns
  Clock Domain Crossing:  Inter clock paths are considered valid unless explicitly excluded by timing constraints such as set_clock_groups or set_false_path.

    Location             Delay type                Incr(ns)  Path(ns)    Netlist Resource(s)
  -------------------------------------------------------------------    -------------------
                         (clock virtual_clock rise edge)
                                                      0.000     0.000 r  
                         ideal clock network latency
                                                      0.000     0.000    
                         input delay                  0.500     0.500    
    W13                                               0.000     0.500 r  sw[7] (IN)
                         net (fo=0)                   0.000     0.500    sw[7]
    W13                  IBUF (Prop_ibuf_I_O)         1.389     1.889 r  sw_IBUF[7]_inst/O
                         net (fo=1, routed)           3.707     5.596    BlocoOpera/D[7]
    SLICE_X1Y15          FDRE                                         r  BlocoOpera/regx_reg[7]/D
  -------------------------------------------------------------------    -------------------

                         (clock sys_clk_pin rise edge)
                                                      0.000     0.000 r  
    W5                                                0.000     0.000 r  clk (IN)
                         net (fo=0)                   0.000     0.000    clk
    W5                   IBUF (Prop_ibuf_I_O)         1.458     1.458 r  clk_IBUF_inst/O
                         net (fo=1, routed)           1.967     3.425    clk_IBUF
    BUFGCTRL_X0Y0        BUFG (Prop_bufg_I_O)         0.096     3.521 r  clk_IBUF_BUFG_inst/O
                         net (fo=128, routed)         1.631     5.152    BlocoOpera/clk_IBUF_BUFG
    SLICE_X1Y15          FDRE                                         r  BlocoOpera/regx_reg[7]/C
                         clock pessimism              0.000     5.152    
                         clock uncertainty            0.025     5.177    
    SLICE_X1Y15          FDRE (Hold_fdre_C_D)         0.179     5.356    BlocoOpera/regx_reg[7]
  -------------------------------------------------------------------
                         required time                         -5.356    
                         arrival time                           5.596    
  -------------------------------------------------------------------
                         slack                                  0.239    

Slack (MET) :             0.242ns  (arrival time - required time)
  Source:                 update
                            (input port clocked by virtual_clock  {rise@0.000ns fall@5.000ns period=10.000ns})
  Destination:            Controle/FSM_onehot_estado_atual_reg[3]/D
                            (rising edge-triggered cell FDCE clocked by sys_clk_pin  {rise@0.000ns fall@5.000ns period=10.000ns})
  Path Group:             sys_clk_pin
  Path Type:              Hold (Min at Slow Process Corner)
  Requirement:            0.000ns  (sys_clk_pin rise@0.000ns - virtual_clock rise@0.000ns)
  Data Path Delay:        5.185ns  (logic 1.483ns (28.613%)  route 3.701ns (71.387%))
  Logic Levels:           2  (IBUF=1 LUT2=1)
  Input Delay:            0.500ns
  Clock Path Skew:        5.147ns (DCD - SCD - CPR)
    Destination Clock Delay (DCD):    5.147ns
    Source Clock Delay      (SCD):    0.000ns
    Clock Pessimism Removal (CPR):    -0.000ns
  Clock Uncertainty:      0.025ns  ((TSJ^2 + TIJ^2)^1/2 + DJ) / 2 + PE
    Total System Jitter     (TSJ):    0.050ns
    Total Input Jitter      (TIJ):    0.000ns
    Discrete Jitter          (DJ):    0.000ns
    Phase Error              (PE):    0.000ns
  Clock Domain Crossing:  Inter clock paths are considered valid unless explicitly excluded by timing constraints such as set_clock_groups or set_false_path.

    Location             Delay type                Incr(ns)  Path(ns)    Netlist Resource(s)
  -------------------------------------------------------------------    -------------------
                         (clock virtual_clock rise edge)
                                                      0.000     0.000 r  
                         ideal clock network latency
                                                      0.000     0.000    
                         input delay                  0.500     0.500    
    T18                                               0.000     0.500 r  update (IN)
                         net (fo=0)                   0.000     0.500    update
    T18                  IBUF (Prop_ibuf_I_O)         1.383     1.883 r  update_IBUF_inst/O
                         net (fo=2, routed)           3.701     5.585    Controle/update_IBUF
    SLICE_X1Y19          LUT2 (Prop_lut2_I1_O)        0.100     5.685 r  Controle/FSM_onehot_estado_atual[3]_i_1/O
                         net (fo=1, routed)           0.000     5.685    Controle/FSM_onehot_estado_atual[3]_i_1_n_0
    SLICE_X1Y19          FDCE                                         r  Controle/FSM_onehot_estado_atual_reg[3]/D
  -------------------------------------------------------------------    -------------------

                         (clock sys_clk_pin rise edge)
                                                      0.000     0.000 r  
    W5                                                0.000     0.000 r  clk (IN)
                         net (fo=0)                   0.000     0.000    clk
    W5                   IBUF (Prop_ibuf_I_O)         1.458     1.458 r  clk_IBUF_inst/O
                         net (fo=1, routed)           1.967     3.425    clk_IBUF
    BUFGCTRL_X0Y0        BUFG (Prop_bufg_I_O)         0.096     3.521 r  clk_IBUF_BUFG_inst/O
                         net (fo=128, routed)         1.626     5.147    Controle/CLK
    SLICE_X1Y19          FDCE                                         r  Controle/FSM_onehot_estado_atual_reg[3]/C
                         clock pessimism              0.000     5.147    
                         clock uncertainty            0.025     5.172    
    SLICE_X1Y19          FDCE (Hold_fdce_C_D)         0.270     5.442    Controle/FSM_onehot_estado_atual_reg[3]
  -------------------------------------------------------------------
                         required time                         -5.442    
                         arrival time                           5.685    
  -------------------------------------------------------------------
                         slack                                  0.242    

Slack (MET) :             0.273ns  (arrival time - required time)
  Source:                 start
                            (input port clocked by virtual_clock  {rise@0.000ns fall@5.000ns period=10.000ns})
  Destination:            Controle/FSM_onehot_estado_atual_reg[0]/D
                            (rising edge-triggered cell FDPE clocked by sys_clk_pin  {rise@0.000ns fall@5.000ns period=10.000ns})
  Path Group:             sys_clk_pin
  Path Type:              Hold (Min at Slow Process Corner)
  Requirement:            0.000ns  (sys_clk_pin rise@0.000ns - virtual_clock rise@0.000ns)
  Data Path Delay:        5.205ns  (logic 1.486ns (28.547%)  route 3.719ns (71.453%))
  Logic Levels:           2  (IBUF=1 LUT2=1)
  Input Delay:            0.500ns
  Clock Path Skew:        5.138ns (DCD - SCD - CPR)
    Destination Clock Delay (DCD):    5.138ns
    Source Clock Delay      (SCD):    0.000ns
    Clock Pessimism Removal (CPR):    -0.000ns
  Clock Uncertainty:      0.025ns  ((TSJ^2 + TIJ^2)^1/2 + DJ) / 2 + PE
    Total System Jitter     (TSJ):    0.050ns
    Total Input Jitter      (TIJ):    0.000ns
    Discrete Jitter          (DJ):    0.000ns
    Phase Error              (PE):    0.000ns
  Clock Domain Crossing:  Inter clock paths are considered valid unless explicitly excluded by timing constraints such as set_clock_groups or set_false_path.

    Location             Delay type                Incr(ns)  Path(ns)    Netlist Resource(s)
  -------------------------------------------------------------------    -------------------
                         (clock virtual_clock rise edge)
                                                      0.000     0.000 r  
                         ideal clock network latency
                                                      0.000     0.000    
                         input delay                  0.500     0.500    
    R2                                                0.000     0.500 f  start (IN)
                         net (fo=0)                   0.000     0.500    start
    R2                   IBUF (Prop_ibuf_I_O)         1.386     1.886 f  start_IBUF_inst/O
                         net (fo=2, routed)           3.719     5.605    Controle/start_IBUF
    SLICE_X7Y26          LUT2 (Prop_lut2_I1_O)        0.100     5.705 r  Controle/FSM_onehot_estado_atual[0]_i_1/O
                         net (fo=1, routed)           0.000     5.705    Controle/FSM_onehot_estado_atual[0]_i_1_n_0
    SLICE_X7Y26          FDPE                                         r  Controle/FSM_onehot_estado_atual_reg[0]/D
  -------------------------------------------------------------------    -------------------

                         (clock sys_clk_pin rise edge)
                                                      0.000     0.000 r  
    W5                                                0.000     0.000 r  clk (IN)
                         net (fo=0)                   0.000     0.000    clk
    W5                   IBUF (Prop_ibuf_I_O)         1.458     1.458 r  clk_IBUF_inst/O
                         net (fo=1, routed)           1.967     3.425    clk_IBUF
    BUFGCTRL_X0Y0        BUFG (Prop_bufg_I_O)         0.096     3.521 r  clk_IBUF_BUFG_inst/O
                         net (fo=128, routed)         1.617     5.138    Controle/CLK
    SLICE_X7Y26          FDPE                                         r  Controle/FSM_onehot_estado_atual_reg[0]/C
                         clock pessimism              0.000     5.138    
                         clock uncertainty            0.025     5.163    
    SLICE_X7Y26          FDPE (Hold_fdpe_C_D)         0.269     5.432    Controle/FSM_onehot_estado_atual_reg[0]
  -------------------------------------------------------------------
                         required time                         -5.432    
                         arrival time                           5.705    
  -------------------------------------------------------------------
                         slack                                  0.273    

Slack (MET) :             0.297ns  (arrival time - required time)
  Source:                 sw[3]
                            (input port clocked by virtual_clock  {rise@0.000ns fall@5.000ns period=10.000ns})
  Destination:            BlocoOpera/regx_reg[3]/D
                            (rising edge-triggered cell FDRE clocked by sys_clk_pin  {rise@0.000ns fall@5.000ns period=10.000ns})
  Path Group:             sys_clk_pin
  Path Type:              Hold (Min at Slow Process Corner)
  Requirement:            0.000ns  (sys_clk_pin rise@0.000ns - virtual_clock rise@0.000ns)
  Data Path Delay:        5.144ns  (logic 1.378ns (26.791%)  route 3.766ns (73.209%))
  Logic Levels:           1  (IBUF=1)
  Input Delay:            0.500ns
  Clock Path Skew:        5.152ns (DCD - SCD - CPR)
    Destination Clock Delay (DCD):    5.152ns
    Source Clock Delay      (SCD):    0.000ns
    Clock Pessimism Removal (CPR):    -0.000ns
  Clock Uncertainty:      0.025ns  ((TSJ^2 + TIJ^2)^1/2 + DJ) / 2 + PE
    Total System Jitter     (TSJ):    0.050ns
    Total Input Jitter      (TIJ):    0.000ns
    Discrete Jitter          (DJ):    0.000ns
    Phase Error              (PE):    0.000ns
  Clock Domain Crossing:  Inter clock paths are considered valid unless explicitly excluded by timing constraints such as set_clock_groups or set_false_path.

    Location             Delay type                Incr(ns)  Path(ns)    Netlist Resource(s)
  -------------------------------------------------------------------    -------------------
                         (clock virtual_clock rise edge)
                                                      0.000     0.000 r  
                         ideal clock network latency
                                                      0.000     0.000    
                         input delay                  0.500     0.500    
    W17                                               0.000     0.500 r  sw[3] (IN)
                         net (fo=0)                   0.000     0.500    sw[3]
    W17                  IBUF (Prop_ibuf_I_O)         1.378     1.878 r  sw_IBUF[3]_inst/O
                         net (fo=1, routed)           3.766     5.644    BlocoOpera/D[3]
    SLICE_X1Y15          FDRE                                         r  BlocoOpera/regx_reg[3]/D
  -------------------------------------------------------------------    -------------------

                         (clock sys_clk_pin rise edge)
                                                      0.000     0.000 r  
    W5                                                0.000     0.000 r  clk (IN)
                         net (fo=0)                   0.000     0.000    clk
    W5                   IBUF (Prop_ibuf_I_O)         1.458     1.458 r  clk_IBUF_inst/O
                         net (fo=1, routed)           1.967     3.425    clk_IBUF
    BUFGCTRL_X0Y0        BUFG (Prop_bufg_I_O)         0.096     3.521 r  clk_IBUF_BUFG_inst/O
                         net (fo=128, routed)         1.631     5.152    BlocoOpera/clk_IBUF_BUFG
    SLICE_X1Y15          FDRE                                         r  BlocoOpera/regx_reg[3]/C
                         clock pessimism              0.000     5.152    
                         clock uncertainty            0.025     5.177    
    SLICE_X1Y15          FDRE (Hold_fdre_C_D)         0.170     5.347    BlocoOpera/regx_reg[3]
  -------------------------------------------------------------------
                         required time                         -5.347    
                         arrival time                           5.644    
  -------------------------------------------------------------------
                         slack                                  0.297    

Slack (MET) :             0.760ns  (arrival time - required time)
  Source:                 sw[1]
                            (input port clocked by virtual_clock  {rise@0.000ns fall@5.000ns period=10.000ns})
  Destination:            BlocoOpera/regx_reg[1]/D
                            (rising edge-triggered cell FDRE clocked by sys_clk_pin  {rise@0.000ns fall@5.000ns period=10.000ns})
  Path Group:             sys_clk_pin
  Path Type:              Hold (Min at Fast Process Corner)
  Requirement:            0.000ns  (sys_clk_pin rise@0.000ns - virtual_clock rise@0.000ns)
  Data Path Delay:        2.340ns  (logic 0.229ns (9.802%)  route 2.110ns (90.198%))
  Logic Levels:           1  (IBUF=1)
  Input Delay:            0.500ns
  Clock Path Skew:        1.988ns (DCD - SCD - CPR)
    Destination Clock Delay (DCD):    1.988ns
    Source Clock Delay      (SCD):    0.000ns
    Clock Pessimism Removal (CPR):    -0.000ns
  Clock Uncertainty:      0.025ns  ((TSJ^2 + TIJ^2)^1/2 + DJ) / 2 + PE
    Total System Jitter     (TSJ):    0.050ns
    Total Input Jitter      (TIJ):    0.000ns
    Discrete Jitter          (DJ):    0.000ns
    Phase Error              (PE):    0.000ns
  Clock Domain Crossing:  Inter clock paths are considered valid unless explicitly excluded by timing constraints such as set_clock_groups or set_false_path.

    Location             Delay type                Incr(ns)  Path(ns)    Netlist Resource(s)
  -------------------------------------------------------------------    -------------------
                         (clock virtual_clock rise edge)
                                                      0.000     0.000 r  
                         ideal clock network latency
                                                      0.000     0.000    
                         input delay                  0.500     0.500    
    V16                                               0.000     0.500 r  sw[1] (IN)
                         net (fo=0)                   0.000     0.500    sw[1]
    V16                  IBUF (Prop_ibuf_I_O)         0.229     0.729 r  sw_IBUF[1]_inst/O
                         net (fo=1, routed)           2.110     2.840    BlocoOpera/D[1]
    SLICE_X1Y13          FDRE                                         r  BlocoOpera/regx_reg[1]/D
  -------------------------------------------------------------------    -------------------

                         (clock sys_clk_pin rise edge)
                                                      0.000     0.000 r  
    W5                                                0.000     0.000 r  clk (IN)
                         net (fo=0)                   0.000     0.000    clk
    W5                   IBUF (Prop_ibuf_I_O)         0.414     0.414 r  clk_IBUF_inst/O
                         net (fo=1, routed)           0.685     1.099    clk_IBUF
    BUFGCTRL_X0Y0        BUFG (Prop_bufg_I_O)         0.029     1.128 r  clk_IBUF_BUFG_inst/O
                         net (fo=128, routed)         0.861     1.988    BlocoOpera/clk_IBUF_BUFG
    SLICE_X1Y13          FDRE                                         r  BlocoOpera/regx_reg[1]/C
                         clock pessimism              0.000     1.988    
                         clock uncertainty            0.025     2.013    
    SLICE_X1Y13          FDRE (Hold_fdre_C_D)         0.066     2.079    BlocoOpera/regx_reg[1]
  -------------------------------------------------------------------
                         required time                         -2.079    
                         arrival time                           2.840    
  -------------------------------------------------------------------
                         slack                                  0.760    

Slack (MET) :             0.796ns  (arrival time - required time)
  Source:                 sw[2]
                            (input port clocked by virtual_clock  {rise@0.000ns fall@5.000ns period=10.000ns})
  Destination:            BlocoOpera/regx_reg[2]/D
                            (rising edge-triggered cell FDRE clocked by sys_clk_pin  {rise@0.000ns fall@5.000ns period=10.000ns})
  Path Group:             sys_clk_pin
  Path Type:              Hold (Min at Fast Process Corner)
  Requirement:            0.000ns  (sys_clk_pin rise@0.000ns - virtual_clock rise@0.000ns)
  Data Path Delay:        2.355ns  (logic 0.232ns (9.844%)  route 2.123ns (90.156%))
  Logic Levels:           1  (IBUF=1)
  Input Delay:            0.500ns
  Clock Path Skew:        1.987ns (DCD - SCD - CPR)
    Destination Clock Delay (DCD):    1.987ns
    Source Clock Delay      (SCD):    0.000ns
    Clock Pessimism Removal (CPR):    -0.000ns
  Clock Uncertainty:      0.025ns  ((TSJ^2 + TIJ^2)^1/2 + DJ) / 2 + PE
    Total System Jitter     (TSJ):    0.050ns
    Total Input Jitter      (TIJ):    0.000ns
    Discrete Jitter          (DJ):    0.000ns
    Phase Error              (PE):    0.000ns
  Clock Domain Crossing:  Inter clock paths are considered valid unless explicitly excluded by timing constraints such as set_clock_groups or set_false_path.

    Location             Delay type                Incr(ns)  Path(ns)    Netlist Resource(s)
  -------------------------------------------------------------------    -------------------
                         (clock virtual_clock rise edge)
                                                      0.000     0.000 r  
                         ideal clock network latency
                                                      0.000     0.000    
                         input delay                  0.500     0.500    
    W16                                               0.000     0.500 r  sw[2] (IN)
                         net (fo=0)                   0.000     0.500    sw[2]
    W16                  IBUF (Prop_ibuf_I_O)         0.232     0.732 r  sw_IBUF[2]_inst/O
                         net (fo=1, routed)           2.123     2.855    BlocoOpera/D[2]
    SLICE_X1Y15          FDRE                                         r  BlocoOpera/regx_reg[2]/D
  -------------------------------------------------------------------    -------------------

                         (clock sys_clk_pin rise edge)
                                                      0.000     0.000 r  
    W5                                                0.000     0.000 r  clk (IN)
                         net (fo=0)                   0.000     0.000    clk
    W5                   IBUF (Prop_ibuf_I_O)         0.414     0.414 r  clk_IBUF_inst/O
                         net (fo=1, routed)           0.685     1.099    clk_IBUF
    BUFGCTRL_X0Y0        BUFG (Prop_bufg_I_O)         0.029     1.128 r  clk_IBUF_BUFG_inst/O
                         net (fo=128, routed)         0.860     1.987    BlocoOpera/clk_IBUF_BUFG
    SLICE_X1Y15          FDRE                                         r  BlocoOpera/regx_reg[2]/C
                         clock pessimism              0.000     1.987    
                         clock uncertainty            0.025     2.012    
    SLICE_X1Y15          FDRE (Hold_fdre_C_D)         0.046     2.058    BlocoOpera/regx_reg[2]
  -------------------------------------------------------------------
                         required time                         -2.058    
                         arrival time                           2.855    
  -------------------------------------------------------------------
                         slack                                  0.796    





---------------------------------------------------------------------------------------------------
From Clock:  sys_clk_pin
  To Clock:  virtual_clock

Setup :            9  Failing Endpoints,  Worst Slack       -2.703ns,  Total Violation      -24.197ns
Hold  :            0  Failing Endpoints,  Worst Slack        0.464ns,  Total Violation        0.000ns
---------------------------------------------------------------------------------------------------


Max Delay Paths
--------------------------------------------------------------------------------------
Slack (VIOLATED) :        -2.703ns  (required time - arrival time)
  Source:                 BlocoOpera/avg_reg[1]_replica/C
                            (rising edge-triggered cell FDCE clocked by sys_clk_pin  {rise@0.000ns fall@5.000ns period=10.000ns})
  Destination:            led[1]
                            (output port clocked by virtual_clock  {rise@0.000ns fall@5.000ns period=10.000ns})
  Path Group:             virtual_clock
  Path Type:              Max at Slow Process Corner
  Requirement:            10.000ns  (virtual_clock rise@10.000ns - sys_clk_pin rise@0.000ns)
  Data Path Delay:        5.519ns  (logic 3.986ns (72.220%)  route 1.533ns (27.780%))
  Logic Levels:           1  (OBUF=1)
  Output Delay:           2.000ns
  Clock Path Skew:        -5.159ns (DCD - SCD + CPR)
    Destination Clock Delay (DCD):    0.000ns = ( 10.000 - 10.000 ) 
    Source Clock Delay      (SCD):    5.159ns
    Clock Pessimism Removal (CPR):    0.000ns
  Clock Uncertainty:      0.025ns  ((TSJ^2 + TIJ^2)^1/2 + DJ) / 2 + PE
    Total System Jitter     (TSJ):    0.050ns
    Total Input Jitter      (TIJ):    0.000ns
    Discrete Jitter          (DJ):    0.000ns
    Phase Error              (PE):    0.000ns
  Clock Domain Crossing:  Inter clock paths are considered valid unless explicitly excluded by timing constraints such as set_clock_groups or set_false_path.

    Location             Delay type                Incr(ns)  Path(ns)    Netlist Resource(s)
  -------------------------------------------------------------------    -------------------
                         (clock sys_clk_pin rise edge)
                                                      0.000     0.000 r  
    W5                                                0.000     0.000 r  clk (IN)
                         net (fo=0)                   0.000     0.000    clk
    W5                   IBUF (Prop_ibuf_I_O)         1.458     1.458 r  clk_IBUF_inst/O
                         net (fo=1, routed)           1.967     3.425    clk_IBUF
    BUFGCTRL_X0Y0        BUFG (Prop_bufg_I_O)         0.096     3.521 r  clk_IBUF_BUFG_inst/O
                         net (fo=128, routed)         1.638     5.159    BlocoOpera/clk_IBUF_BUFG
    SLICE_X0Y43          FDCE                                         r  BlocoOpera/avg_reg[1]_replica/C
  -------------------------------------------------------------------    -------------------
    SLICE_X0Y43          FDCE (Prop_fdce_C_Q)         0.456     5.615 r  BlocoOpera/avg_reg[1]_replica/Q
                         net (fo=1, routed)           1.533     7.148    Q[1]_repN_alias
    E19                  OBUF (Prop_obuf_I_O)         3.530    10.678 r  led_OBUF[1]_inst/O
                         net (fo=0)                   0.000    10.678    led[1]
    E19                                                               r  led[1] (OUT)
  -------------------------------------------------------------------    -------------------

                         (clock virtual_clock rise edge)
                                                     10.000    10.000 r  
                         ideal clock network latency
                                                      0.000    10.000    
                         clock pessimism              0.000    10.000    
                         clock uncertainty           -0.025     9.975    
                         output delay                -2.000     7.975    
  -------------------------------------------------------------------
                         required time                          7.975    
                         arrival time                         -10.678    
  -------------------------------------------------------------------
                         slack                                 -2.703    

Slack (VIOLATED) :        -2.701ns  (required time - arrival time)
  Source:                 BlocoOpera/avg_reg[5]/C
                            (rising edge-triggered cell FDCE clocked by sys_clk_pin  {rise@0.000ns fall@5.000ns period=10.000ns})
  Destination:            led[5]
                            (output port clocked by virtual_clock  {rise@0.000ns fall@5.000ns period=10.000ns})
  Path Group:             virtual_clock
  Path Type:              Max at Slow Process Corner
  Requirement:            10.000ns  (virtual_clock rise@10.000ns - sys_clk_pin rise@0.000ns)
  Data Path Delay:        5.516ns  (logic 3.970ns (71.976%)  route 1.546ns (28.024%))
  Logic Levels:           1  (OBUF=1)
  Output Delay:           2.000ns
  Clock Path Skew:        -5.159ns (DCD - SCD + CPR)
    Destination Clock Delay (DCD):    0.000ns = ( 10.000 - 10.000 ) 
    Source Clock Delay      (SCD):    5.159ns
    Clock Pessimism Removal (CPR):    0.000ns
  Clock Uncertainty:      0.025ns  ((TSJ^2 + TIJ^2)^1/2 + DJ) / 2 + PE
    Total System Jitter     (TSJ):    0.050ns
    Total Input Jitter      (TIJ):    0.000ns
    Discrete Jitter          (DJ):    0.000ns
    Phase Error              (PE):    0.000ns
  Clock Domain Crossing:  Inter clock paths are considered valid unless explicitly excluded by timing constraints such as set_clock_groups or set_false_path.

    Location             Delay type                Incr(ns)  Path(ns)    Netlist Resource(s)
  -------------------------------------------------------------------    -------------------
                         (clock sys_clk_pin rise edge)
                                                      0.000     0.000 r  
    W5                                                0.000     0.000 r  clk (IN)
                         net (fo=0)                   0.000     0.000    clk
    W5                   IBUF (Prop_ibuf_I_O)         1.458     1.458 r  clk_IBUF_inst/O
                         net (fo=1, routed)           1.967     3.425    clk_IBUF
    BUFGCTRL_X0Y0        BUFG (Prop_bufg_I_O)         0.096     3.521 r  clk_IBUF_BUFG_inst/O
                         net (fo=128, routed)         1.638     5.159    BlocoOpera/clk_IBUF_BUFG
    SLICE_X1Y4           FDCE                                         r  BlocoOpera/avg_reg[5]/C
  -------------------------------------------------------------------    -------------------
    SLICE_X1Y4           FDCE (Prop_fdce_C_Q)         0.456     5.615 r  BlocoOpera/avg_reg[5]/Q
                         net (fo=3, routed)           1.546     7.161    led_OBUF[5]
    U15                  OBUF (Prop_obuf_I_O)         3.514    10.676 r  led_OBUF[5]_inst/O
                         net (fo=0)                   0.000    10.676    led[5]
    U15                                                               r  led[5] (OUT)
  -------------------------------------------------------------------    -------------------

                         (clock virtual_clock rise edge)
                                                     10.000    10.000 r  
                         ideal clock network latency
                                                      0.000    10.000    
                         clock pessimism              0.000    10.000    
                         clock uncertainty           -0.025     9.975    
                         output delay                -2.000     7.975    
  -------------------------------------------------------------------
                         required time                          7.975    
                         arrival time                         -10.676    
  -------------------------------------------------------------------
                         slack                                 -2.701    

Slack (VIOLATED) :        -2.689ns  (required time - arrival time)
  Source:                 BlocoOpera/avg_reg[6]/C
                            (rising edge-triggered cell FDCE clocked by sys_clk_pin  {rise@0.000ns fall@5.000ns period=10.000ns})
  Destination:            led[6]
                            (output port clocked by virtual_clock  {rise@0.000ns fall@5.000ns period=10.000ns})
  Path Group:             virtual_clock
  Path Type:              Max at Slow Process Corner
  Requirement:            10.000ns  (virtual_clock rise@10.000ns - sys_clk_pin rise@0.000ns)
  Data Path Delay:        5.504ns  (logic 3.962ns (71.989%)  route 1.542ns (28.011%))
  Logic Levels:           1  (OBUF=1)
  Output Delay:           2.000ns
  Clock Path Skew:        -5.160ns (DCD - SCD + CPR)
    Destination Clock Delay (DCD):    0.000ns = ( 10.000 - 10.000 ) 
    Source Clock Delay      (SCD):    5.160ns
    Clock Pessimism Removal (CPR):    0.000ns
  Clock Uncertainty:      0.025ns  ((TSJ^2 + TIJ^2)^1/2 + DJ) / 2 + PE
    Total System Jitter     (TSJ):    0.050ns
    Total Input Jitter      (TIJ):    0.000ns
    Discrete Jitter          (DJ):    0.000ns
    Phase Error              (PE):    0.000ns
  Clock Domain Crossing:  Inter clock paths are considered valid unless explicitly excluded by timing constraints such as set_clock_groups or set_false_path.

    Location             Delay type                Incr(ns)  Path(ns)    Netlist Resource(s)
  -------------------------------------------------------------------    -------------------
                         (clock sys_clk_pin rise edge)
                                                      0.000     0.000 r  
    W5                                                0.000     0.000 r  clk (IN)
                         net (fo=0)                   0.000     0.000    clk
    W5                   IBUF (Prop_ibuf_I_O)         1.458     1.458 r  clk_IBUF_inst/O
                         net (fo=1, routed)           1.967     3.425    clk_IBUF
    BUFGCTRL_X0Y0        BUFG (Prop_bufg_I_O)         0.096     3.521 r  clk_IBUF_BUFG_inst/O
                         net (fo=128, routed)         1.639     5.160    BlocoOpera/clk_IBUF_BUFG
    SLICE_X1Y0           FDCE                                         r  BlocoOpera/avg_reg[6]/C
  -------------------------------------------------------------------    -------------------
    SLICE_X1Y0           FDCE (Prop_fdce_C_Q)         0.456     5.616 r  BlocoOpera/avg_reg[6]/Q
                         net (fo=3, routed)           1.542     7.158    led_OBUF[6]
    U14                  OBUF (Prop_obuf_I_O)         3.506    10.664 r  led_OBUF[6]_inst/O
                         net (fo=0)                   0.000    10.664    led[6]
    U14                                                               r  led[6] (OUT)
  -------------------------------------------------------------------    -------------------

                         (clock virtual_clock rise edge)
                                                     10.000    10.000 r  
                         ideal clock network latency
                                                      0.000    10.000    
                         clock pessimism              0.000    10.000    
                         clock uncertainty           -0.025     9.975    
                         output delay                -2.000     7.975    
  -------------------------------------------------------------------
                         required time                          7.975    
                         arrival time                         -10.664    
  -------------------------------------------------------------------
                         slack                                 -2.689    

Slack (VIOLATED) :        -2.688ns  (required time - arrival time)
  Source:                 BlocoOpera/avg_reg[0]/C
                            (rising edge-triggered cell FDCE clocked by sys_clk_pin  {rise@0.000ns fall@5.000ns period=10.000ns})
  Destination:            led[0]
                            (output port clocked by virtual_clock  {rise@0.000ns fall@5.000ns period=10.000ns})
  Path Group:             virtual_clock
  Path Type:              Max at Slow Process Corner
  Requirement:            10.000ns  (virtual_clock rise@10.000ns - sys_clk_pin rise@0.000ns)
  Data Path Delay:        5.504ns  (logic 3.961ns (71.960%)  route 1.543ns (28.040%))
  Logic Levels:           1  (OBUF=1)
  Output Delay:           2.000ns
  Clock Path Skew:        -5.159ns (DCD - SCD + CPR)
    Destination Clock Delay (DCD):    0.000ns = ( 10.000 - 10.000 ) 
    Source Clock Delay      (SCD):    5.159ns
    Clock Pessimism Removal (CPR):    0.000ns
  Clock Uncertainty:      0.025ns  ((TSJ^2 + TIJ^2)^1/2 + DJ) / 2 + PE
    Total System Jitter     (TSJ):    0.050ns
    Total Input Jitter      (TIJ):    0.000ns
    Discrete Jitter          (DJ):    0.000ns
    Phase Error              (PE):    0.000ns
  Clock Domain Crossing:  Inter clock paths are considered valid unless explicitly excluded by timing constraints such as set_clock_groups or set_false_path.

    Location             Delay type                Incr(ns)  Path(ns)    Netlist Resource(s)
  -------------------------------------------------------------------    -------------------
                         (clock sys_clk_pin rise edge)
                                                      0.000     0.000 r  
    W5                                                0.000     0.000 r  clk (IN)
                         net (fo=0)                   0.000     0.000    clk
    W5                   IBUF (Prop_ibuf_I_O)         1.458     1.458 r  clk_IBUF_inst/O
                         net (fo=1, routed)           1.967     3.425    clk_IBUF
    BUFGCTRL_X0Y0        BUFG (Prop_bufg_I_O)         0.096     3.521 r  clk_IBUF_BUFG_inst/O
                         net (fo=128, routed)         1.638     5.159    BlocoOpera/clk_IBUF_BUFG
    SLICE_X1Y3           FDCE                                         r  BlocoOpera/avg_reg[0]/C
  -------------------------------------------------------------------    -------------------
    SLICE_X1Y3           FDCE (Prop_fdce_C_Q)         0.456     5.615 r  BlocoOpera/avg_reg[0]/Q
                         net (fo=3, routed)           1.543     7.159    led_OBUF[0]
    U16                  OBUF (Prop_obuf_I_O)         3.505    10.663 r  led_OBUF[0]_inst/O
                         net (fo=0)                   0.000    10.663    led[0]
    U16                                                               r  led[0] (OUT)
  -------------------------------------------------------------------    -------------------

                         (clock virtual_clock rise edge)
                                                     10.000    10.000 r  
                         ideal clock network latency
                                                      0.000    10.000    
                         clock pessimism              0.000    10.000    
                         clock uncertainty           -0.025     9.975    
                         output delay                -2.000     7.975    
  -------------------------------------------------------------------
                         required time                          7.975    
                         arrival time                         -10.663    
  -------------------------------------------------------------------
                         slack                                 -2.688    

Slack (VIOLATED) :        -2.687ns  (required time - arrival time)
  Source:                 BlocoOpera/avg_reg[3]/C
                            (rising edge-triggered cell FDCE clocked by sys_clk_pin  {rise@0.000ns fall@5.000ns period=10.000ns})
  Destination:            led[3]
                            (output port clocked by virtual_clock  {rise@0.000ns fall@5.000ns period=10.000ns})
  Path Group:             virtual_clock
  Path Type:              Max at Slow Process Corner
  Requirement:            10.000ns  (virtual_clock rise@10.000ns - sys_clk_pin rise@0.000ns)
  Data Path Delay:        5.515ns  (logic 3.965ns (71.901%)  route 1.550ns (28.099%))
  Logic Levels:           1  (OBUF=1)
  Output Delay:           2.000ns
  Clock Path Skew:        -5.147ns (DCD - SCD + CPR)
    Destination Clock Delay (DCD):    0.000ns = ( 10.000 - 10.000 ) 
    Source Clock Delay      (SCD):    5.147ns
    Clock Pessimism Removal (CPR):    0.000ns
  Clock Uncertainty:      0.025ns  ((TSJ^2 + TIJ^2)^1/2 + DJ) / 2 + PE
    Total System Jitter     (TSJ):    0.050ns
    Total Input Jitter      (TIJ):    0.000ns
    Discrete Jitter          (DJ):    0.000ns
    Phase Error              (PE):    0.000ns
  Clock Domain Crossing:  Inter clock paths are considered valid unless explicitly excluded by timing constraints such as set_clock_groups or set_false_path.

    Location             Delay type                Incr(ns)  Path(ns)    Netlist Resource(s)
  -------------------------------------------------------------------    -------------------
                         (clock sys_clk_pin rise edge)
                                                      0.000     0.000 r  
    W5                                                0.000     0.000 r  clk (IN)
                         net (fo=0)                   0.000     0.000    clk
    W5                   IBUF (Prop_ibuf_I_O)         1.458     1.458 r  clk_IBUF_inst/O
                         net (fo=1, routed)           1.967     3.425    clk_IBUF
    BUFGCTRL_X0Y0        BUFG (Prop_bufg_I_O)         0.096     3.521 r  clk_IBUF_BUFG_inst/O
                         net (fo=128, routed)         1.626     5.147    BlocoOpera/clk_IBUF_BUFG
    SLICE_X0Y19          FDCE                                         r  BlocoOpera/avg_reg[3]/C
  -------------------------------------------------------------------    -------------------
    SLICE_X0Y19          FDCE (Prop_fdce_C_Q)         0.456     5.603 r  BlocoOpera/avg_reg[3]/Q
                         net (fo=3, routed)           1.550     7.153    led_OBUF[3]
    V19                  OBUF (Prop_obuf_I_O)         3.509    10.662 r  led_OBUF[3]_inst/O
                         net (fo=0)                   0.000    10.662    led[3]
    V19                                                               r  led[3] (OUT)
  -------------------------------------------------------------------    -------------------

                         (clock virtual_clock rise edge)
                                                     10.000    10.000 r  
                         ideal clock network latency
                                                      0.000    10.000    
                         clock pessimism              0.000    10.000    
                         clock uncertainty           -0.025     9.975    
                         output delay                -2.000     7.975    
  -------------------------------------------------------------------
                         required time                          7.975    
                         arrival time                         -10.662    
  -------------------------------------------------------------------
                         slack                                 -2.687    

Slack (VIOLATED) :        -2.686ns  (required time - arrival time)
  Source:                 BlocoOpera/avg_reg[7]/C
                            (rising edge-triggered cell FDCE clocked by sys_clk_pin  {rise@0.000ns fall@5.000ns period=10.000ns})
  Destination:            led[7]
                            (output port clocked by virtual_clock  {rise@0.000ns fall@5.000ns period=10.000ns})
  Path Group:             virtual_clock
  Path Type:              Max at Slow Process Corner
  Requirement:            10.000ns  (virtual_clock rise@10.000ns - sys_clk_pin rise@0.000ns)
  Data Path Delay:        5.501ns  (logic 3.957ns (71.932%)  route 1.544ns (28.068%))
  Logic Levels:           1  (OBUF=1)
  Output Delay:           2.000ns
  Clock Path Skew:        -5.160ns (DCD - SCD + CPR)
    Destination Clock Delay (DCD):    0.000ns = ( 10.000 - 10.000 ) 
    Source Clock Delay      (SCD):    5.160ns
    Clock Pessimism Removal (CPR):    0.000ns
  Clock Uncertainty:      0.025ns  ((TSJ^2 + TIJ^2)^1/2 + DJ) / 2 + PE
    Total System Jitter     (TSJ):    0.050ns
    Total Input Jitter      (TIJ):    0.000ns
    Discrete Jitter          (DJ):    0.000ns
    Phase Error              (PE):    0.000ns
  Clock Domain Crossing:  Inter clock paths are considered valid unless explicitly excluded by timing constraints such as set_clock_groups or set_false_path.

    Location             Delay type                Incr(ns)  Path(ns)    Netlist Resource(s)
  -------------------------------------------------------------------    -------------------
                         (clock sys_clk_pin rise edge)
                                                      0.000     0.000 r  
    W5                                                0.000     0.000 r  clk (IN)
                         net (fo=0)                   0.000     0.000    clk
    W5                   IBUF (Prop_ibuf_I_O)         1.458     1.458 r  clk_IBUF_inst/O
                         net (fo=1, routed)           1.967     3.425    clk_IBUF
    BUFGCTRL_X0Y0        BUFG (Prop_bufg_I_O)         0.096     3.521 r  clk_IBUF_BUFG_inst/O
                         net (fo=128, routed)         1.639     5.160    BlocoOpera/clk_IBUF_BUFG
    SLICE_X1Y1           FDCE                                         r  BlocoOpera/avg_reg[7]/C
  -------------------------------------------------------------------    -------------------
    SLICE_X1Y1           FDCE (Prop_fdce_C_Q)         0.456     5.616 r  BlocoOpera/avg_reg[7]/Q
                         net (fo=2, routed)           1.544     7.160    led_OBUF[7]
    V14                  OBUF (Prop_obuf_I_O)         3.501    10.661 r  led_OBUF[7]_inst/O
                         net (fo=0)                   0.000    10.661    led[7]
    V14                                                               r  led[7] (OUT)
  -------------------------------------------------------------------    -------------------

                         (clock virtual_clock rise edge)
                                                     10.000    10.000 r  
                         ideal clock network latency
                                                      0.000    10.000    
                         clock pessimism              0.000    10.000    
                         clock uncertainty           -0.025     9.975    
                         output delay                -2.000     7.975    
  -------------------------------------------------------------------
                         required time                          7.975    
                         arrival time                         -10.661    
  -------------------------------------------------------------------
                         slack                                 -2.686    

Slack (VIOLATED) :        -2.685ns  (required time - arrival time)
  Source:                 Controle/FSM_onehot_estado_atual_reg[2]/C
                            (rising edge-triggered cell FDCE clocked by sys_clk_pin  {rise@0.000ns fall@5.000ns period=10.000ns})
  Destination:            ready
                            (output port clocked by virtual_clock  {rise@0.000ns fall@5.000ns period=10.000ns})
  Path Group:             virtual_clock
  Path Type:              Max at Slow Process Corner
  Requirement:            10.000ns  (virtual_clock rise@10.000ns - sys_clk_pin rise@0.000ns)
  Data Path Delay:        5.517ns  (logic 3.977ns (72.090%)  route 1.540ns (27.910%))
  Logic Levels:           1  (OBUF=1)
  Output Delay:           2.000ns
  Clock Path Skew:        -5.143ns (DCD - SCD + CPR)
    Destination Clock Delay (DCD):    0.000ns = ( 10.000 - 10.000 ) 
    Source Clock Delay      (SCD):    5.143ns
    Clock Pessimism Removal (CPR):    0.000ns
  Clock Uncertainty:      0.025ns  ((TSJ^2 + TIJ^2)^1/2 + DJ) / 2 + PE
    Total System Jitter     (TSJ):    0.050ns
    Total Input Jitter      (TIJ):    0.000ns
    Discrete Jitter          (DJ):    0.000ns
    Phase Error              (PE):    0.000ns
  Clock Domain Crossing:  Inter clock paths are considered valid unless explicitly excluded by timing constraints such as set_clock_groups or set_false_path.

    Location             Delay type                Incr(ns)  Path(ns)    Netlist Resource(s)
  -------------------------------------------------------------------    -------------------
                         (clock sys_clk_pin rise edge)
                                                      0.000     0.000 r  
    W5                                                0.000     0.000 r  clk (IN)
                         net (fo=0)                   0.000     0.000    clk
    W5                   IBUF (Prop_ibuf_I_O)         1.458     1.458 r  clk_IBUF_inst/O
                         net (fo=1, routed)           1.967     3.425    clk_IBUF
    BUFGCTRL_X0Y0        BUFG (Prop_bufg_I_O)         0.096     3.521 r  clk_IBUF_BUFG_inst/O
                         net (fo=128, routed)         1.622     5.143    Controle/CLK
    SLICE_X65Y87         FDCE                                         r  Controle/FSM_onehot_estado_atual_reg[2]/C
  -------------------------------------------------------------------    -------------------
    SLICE_X65Y87         FDCE (Prop_fdce_C_Q)         0.456     5.599 r  Controle/FSM_onehot_estado_atual_reg[2]/Q
                         net (fo=4, routed)           1.540     7.139    ready_OBUF
    L1                   OBUF (Prop_obuf_I_O)         3.521    10.660 r  ready_OBUF_inst/O
                         net (fo=0)                   0.000    10.660    ready
    L1                                                                r  ready (OUT)
  -------------------------------------------------------------------    -------------------

                         (clock virtual_clock rise edge)
                                                     10.000    10.000 r  
                         ideal clock network latency
                                                      0.000    10.000    
                         clock pessimism              0.000    10.000    
                         clock uncertainty           -0.025     9.975    
                         output delay                -2.000     7.975    
  -------------------------------------------------------------------
                         required time                          7.975    
                         arrival time                         -10.660    
  -------------------------------------------------------------------
                         slack                                 -2.685    

Slack (VIOLATED) :        -2.683ns  (required time - arrival time)
  Source:                 BlocoOpera/avg_reg[4]/C
                            (rising edge-triggered cell FDCE clocked by sys_clk_pin  {rise@0.000ns fall@5.000ns period=10.000ns})
  Destination:            led[4]
                            (output port clocked by virtual_clock  {rise@0.000ns fall@5.000ns period=10.000ns})
  Path Group:             virtual_clock
  Path Type:              Max at Slow Process Corner
  Requirement:            10.000ns  (virtual_clock rise@10.000ns - sys_clk_pin rise@0.000ns)
  Data Path Delay:        5.510ns  (logic 3.965ns (71.954%)  route 1.545ns (28.046%))
  Logic Levels:           1  (OBUF=1)
  Output Delay:           2.000ns
  Clock Path Skew:        -5.148ns (DCD - SCD + CPR)
    Destination Clock Delay (DCD):    0.000ns = ( 10.000 - 10.000 ) 
    Source Clock Delay      (SCD):    5.148ns
    Clock Pessimism Removal (CPR):    0.000ns
  Clock Uncertainty:      0.025ns  ((TSJ^2 + TIJ^2)^1/2 + DJ) / 2 + PE
    Total System Jitter     (TSJ):    0.050ns
    Total Input Jitter      (TIJ):    0.000ns
    Discrete Jitter          (DJ):    0.000ns
    Phase Error              (PE):    0.000ns
  Clock Domain Crossing:  Inter clock paths are considered valid unless explicitly excluded by timing constraints such as set_clock_groups or set_false_path.

    Location             Delay type                Incr(ns)  Path(ns)    Netlist Resource(s)
  -------------------------------------------------------------------    -------------------
                         (clock sys_clk_pin rise edge)
                                                      0.000     0.000 r  
    W5                                                0.000     0.000 r  clk (IN)
                         net (fo=0)                   0.000     0.000    clk
    W5                   IBUF (Prop_ibuf_I_O)         1.458     1.458 r  clk_IBUF_inst/O
                         net (fo=1, routed)           1.967     3.425    clk_IBUF
    BUFGCTRL_X0Y0        BUFG (Prop_bufg_I_O)         0.096     3.521 r  clk_IBUF_BUFG_inst/O
                         net (fo=128, routed)         1.627     5.148    BlocoOpera/clk_IBUF_BUFG
    SLICE_X0Y18          FDCE                                         r  BlocoOpera/avg_reg[4]/C
  -------------------------------------------------------------------    -------------------
    SLICE_X0Y18          FDCE (Prop_fdce_C_Q)         0.456     5.604 r  BlocoOpera/avg_reg[4]/Q
                         net (fo=3, routed)           1.545     7.150    led_OBUF[4]
    W18                  OBUF (Prop_obuf_I_O)         3.509    10.658 r  led_OBUF[4]_inst/O
                         net (fo=0)                   0.000    10.658    led[4]
    W18                                                               r  led[4] (OUT)
  -------------------------------------------------------------------    -------------------

                         (clock virtual_clock rise edge)
                                                     10.000    10.000 r  
                         ideal clock network latency
                                                      0.000    10.000    
                         clock pessimism              0.000    10.000    
                         clock uncertainty           -0.025     9.975    
                         output delay                -2.000     7.975    
  -------------------------------------------------------------------
                         required time                          7.975    
                         arrival time                         -10.658    
  -------------------------------------------------------------------
                         slack                                 -2.683    

Slack (VIOLATED) :        -2.674ns  (required time - arrival time)
  Source:                 BlocoOpera/avg_reg[2]/C
                            (rising edge-triggered cell FDCE clocked by sys_clk_pin  {rise@0.000ns fall@5.000ns period=10.000ns})
  Destination:            led[2]
                            (output port clocked by virtual_clock  {rise@0.000ns fall@5.000ns period=10.000ns})
  Path Group:             virtual_clock
  Path Type:              Max at Slow Process Corner
  Requirement:            10.000ns  (virtual_clock rise@10.000ns - sys_clk_pin rise@0.000ns)
  Data Path Delay:        5.503ns  (logic 3.957ns (71.907%)  route 1.546ns (28.093%))
  Logic Levels:           1  (OBUF=1)
  Output Delay:           2.000ns
  Clock Path Skew:        -5.146ns (DCD - SCD + CPR)
    Destination Clock Delay (DCD):    0.000ns = ( 10.000 - 10.000 ) 
    Source Clock Delay      (SCD):    5.146ns
    Clock Pessimism Removal (CPR):    0.000ns
  Clock Uncertainty:      0.025ns  ((TSJ^2 + TIJ^2)^1/2 + DJ) / 2 + PE
    Total System Jitter     (TSJ):    0.050ns
    Total Input Jitter      (TIJ):    0.000ns
    Discrete Jitter          (DJ):    0.000ns
    Phase Error              (PE):    0.000ns
  Clock Domain Crossing:  Inter clock paths are considered valid unless explicitly excluded by timing constraints such as set_clock_groups or set_false_path.

    Location             Delay type                Incr(ns)  Path(ns)    Netlist Resource(s)
  -------------------------------------------------------------------    -------------------
                         (clock sys_clk_pin rise edge)
                                                      0.000     0.000 r  
    W5                                                0.000     0.000 r  clk (IN)
                         net (fo=0)                   0.000     0.000    clk
    W5                   IBUF (Prop_ibuf_I_O)         1.458     1.458 r  clk_IBUF_inst/O
                         net (fo=1, routed)           1.967     3.425    clk_IBUF
    BUFGCTRL_X0Y0        BUFG (Prop_bufg_I_O)         0.096     3.521 r  clk_IBUF_BUFG_inst/O
                         net (fo=128, routed)         1.625     5.146    BlocoOpera/clk_IBUF_BUFG
    SLICE_X1Y20          FDCE                                         r  BlocoOpera/avg_reg[2]/C
  -------------------------------------------------------------------    -------------------
    SLICE_X1Y20          FDCE (Prop_fdce_C_Q)         0.456     5.602 r  BlocoOpera/avg_reg[2]/Q
                         net (fo=3, routed)           1.546     7.148    led_OBUF[2]
    U19                  OBUF (Prop_obuf_I_O)         3.501    10.649 r  led_OBUF[2]_inst/O
                         net (fo=0)                   0.000    10.649    led[2]
    U19                                                               r  led[2] (OUT)
  -------------------------------------------------------------------    -------------------

                         (clock virtual_clock rise edge)
                                                     10.000    10.000 r  
                         ideal clock network latency
                                                      0.000    10.000    
                         clock pessimism              0.000    10.000    
                         clock uncertainty           -0.025     9.975    
                         output delay                -2.000     7.975    
  -------------------------------------------------------------------
                         required time                          7.975    
                         arrival time                         -10.649    
  -------------------------------------------------------------------
                         slack                                 -2.674    

Slack (MET) :             1.449ns  (required time - arrival time)
  Source:                 divisor/sclockdiv_reg/C
                            (rising edge-triggered cell FDRE clocked by sys_clk_pin  {rise@0.000ns fall@5.000ns period=10.000ns})
  Destination:            sclkout
                            (output port clocked by virtual_clock  {rise@0.000ns fall@5.000ns period=10.000ns})
  Path Group:             virtual_clock
  Path Type:              Max at Slow Process Corner
  Requirement:            10.000ns  (virtual_clock rise@10.000ns - sys_clk_pin rise@0.000ns)
  Data Path Delay:        6.435ns  (logic 4.043ns (62.830%)  route 2.392ns (37.170%))
  Logic Levels:           1  (OBUF=1)
  Output Delay:           -3.000ns
  Clock Path Skew:        -5.090ns (DCD - SCD + CPR)
    Destination Clock Delay (DCD):    0.000ns = ( 10.000 - 10.000 ) 
    Source Clock Delay      (SCD):    5.090ns
    Clock Pessimism Removal (CPR):    0.000ns
  Clock Uncertainty:      0.025ns  ((TSJ^2 + TIJ^2)^1/2 + DJ) / 2 + PE
    Total System Jitter     (TSJ):    0.050ns
    Total Input Jitter      (TIJ):    0.000ns
    Discrete Jitter          (DJ):    0.000ns
    Phase Error              (PE):    0.000ns
  Clock Domain Crossing:  Inter clock paths are considered valid unless explicitly excluded by timing constraints such as set_clock_groups or set_false_path.

    Location             Delay type                Incr(ns)  Path(ns)    Netlist Resource(s)
  -------------------------------------------------------------------    -------------------
                         (clock sys_clk_pin rise edge)
                                                      0.000     0.000 r  
    W5                                                0.000     0.000 r  clk (IN)
                         net (fo=0)                   0.000     0.000    clk
    W5                   IBUF (Prop_ibuf_I_O)         1.458     1.458 r  clk_IBUF_inst/O
                         net (fo=1, routed)           1.967     3.425    clk_IBUF
    BUFGCTRL_X0Y0        BUFG (Prop_bufg_I_O)         0.096     3.521 r  clk_IBUF_BUFG_inst/O
                         net (fo=128, routed)         1.569     5.090    divisor/CLK
    SLICE_X50Y39         FDRE                                         r  divisor/sclockdiv_reg/C
  -------------------------------------------------------------------    -------------------
    SLICE_X50Y39         FDRE (Prop_fdre_C_Q)         0.518     5.608 r  divisor/sclockdiv_reg/Q
                         net (fo=2, routed)           2.392     8.000    sclkout_OBUF
    W3                   OBUF (Prop_obuf_I_O)         3.525    11.526 r  sclkout_OBUF_inst/O
                         net (fo=0)                   0.000    11.526    sclkout
    W3                                                                r  sclkout (OUT)
  -------------------------------------------------------------------    -------------------

                         (clock virtual_clock rise edge)
                                                     10.000    10.000 r  
                         ideal clock network latency
                                                      0.000    10.000    
                         clock pessimism              0.000    10.000    
                         clock uncertainty           -0.025     9.975    
                         output delay                 3.000    12.975    
  -------------------------------------------------------------------
                         required time                         12.975    
                         arrival time                         -11.526    
  -------------------------------------------------------------------
                         slack                                  1.449    





Min Delay Paths
--------------------------------------------------------------------------------------
Slack (MET) :             0.464ns  (arrival time - required time)
  Source:                 divisor/sclockdiv_reg/C
                            (rising edge-triggered cell FDRE clocked by sys_clk_pin  {rise@0.000ns fall@5.000ns period=10.000ns})
  Destination:            sclkout
                            (output port clocked by virtual_clock  {rise@0.000ns fall@5.000ns period=10.000ns})
  Path Group:             virtual_clock
  Path Type:              Min at Fast Process Corner
  Requirement:            0.000ns  (virtual_clock rise@0.000ns - sys_clk_pin rise@0.000ns)
  Data Path Delay:        2.041ns  (logic 1.390ns (68.107%)  route 0.651ns (31.893%))
  Logic Levels:           1  (OBUF=1)
  Output Delay:           -3.000ns
  Clock Path Skew:        -1.447ns (DCD - SCD - CPR)
    Destination Clock Delay (DCD):    0.000ns
    Source Clock Delay      (SCD):    1.447ns
    Clock Pessimism Removal (CPR):    -0.000ns
  Clock Uncertainty:      0.025ns  ((TSJ^2 + TIJ^2)^1/2 + DJ) / 2 + PE
    Total System Jitter     (TSJ):    0.050ns
    Total Input Jitter      (TIJ):    0.000ns
    Discrete Jitter          (DJ):    0.000ns
    Phase Error              (PE):    0.000ns
  Clock Domain Crossing:  Inter clock paths are considered valid unless explicitly excluded by timing constraints such as set_clock_groups or set_false_path.

    Location             Delay type                Incr(ns)  Path(ns)    Netlist Resource(s)
  -------------------------------------------------------------------    -------------------
                         (clock sys_clk_pin rise edge)
                                                      0.000     0.000 r  
    W5                                                0.000     0.000 r  clk (IN)
                         net (fo=0)                   0.000     0.000    clk
    W5                   IBUF (Prop_ibuf_I_O)         0.226     0.226 r  clk_IBUF_inst/O
                         net (fo=1, routed)           0.631     0.858    clk_IBUF
    BUFGCTRL_X0Y0        BUFG (Prop_bufg_I_O)         0.026     0.884 r  clk_IBUF_BUFG_inst/O
                         net (fo=128, routed)         0.564     1.447    divisor/CLK
    SLICE_X50Y39         FDRE                                         r  divisor/sclockdiv_reg/C
  -------------------------------------------------------------------    -------------------
    SLICE_X50Y39         FDRE (Prop_fdre_C_Q)         0.164     1.611 r  divisor/sclockdiv_reg/Q
                         net (fo=2, routed)           0.651     2.262    sclkout_OBUF
    W3                   OBUF (Prop_obuf_I_O)         1.226     3.489 r  sclkout_OBUF_inst/O
                         net (fo=0)                   0.000     3.489    sclkout
    W3                                                                r  sclkout (OUT)
  -------------------------------------------------------------------    -------------------

                         (clock virtual_clock rise edge)
                                                      0.000     0.000 r  
                         ideal clock network latency
                                                      0.000     0.000    
                         clock pessimism              0.000     0.000    
                         clock uncertainty            0.025     0.025    
                         output delay                 3.000     3.025    
  -------------------------------------------------------------------
                         required time                         -3.025    
                         arrival time                           3.489    
  -------------------------------------------------------------------
                         slack                                  0.464    

Slack (MET) :             5.086ns  (arrival time - required time)
  Source:                 BlocoOpera/avg_reg[2]/C
                            (rising edge-triggered cell FDCE clocked by sys_clk_pin  {rise@0.000ns fall@5.000ns period=10.000ns})
  Destination:            led[2]
                            (output port clocked by virtual_clock  {rise@0.000ns fall@5.000ns period=10.000ns})
  Path Group:             virtual_clock
  Path Type:              Min at Fast Process Corner
  Requirement:            0.000ns  (virtual_clock rise@0.000ns - sys_clk_pin rise@0.000ns)
  Data Path Delay:        1.642ns  (logic 1.343ns (81.795%)  route 0.299ns (18.205%))
  Logic Levels:           1  (OBUF=1)
  Output Delay:           2.000ns
  Clock Path Skew:        -1.469ns (DCD - SCD - CPR)
    Destination Clock Delay (DCD):    0.000ns
    Source Clock Delay      (SCD):    1.469ns
    Clock Pessimism Removal (CPR):    -0.000ns
  Clock Uncertainty:      0.025ns  ((TSJ^2 + TIJ^2)^1/2 + DJ) / 2 + PE
    Total System Jitter     (TSJ):    0.050ns
    Total Input Jitter      (TIJ):    0.000ns
    Discrete Jitter          (DJ):    0.000ns
    Phase Error              (PE):    0.000ns
  Clock Domain Crossing:  Inter clock paths are considered valid unless explicitly excluded by timing constraints such as set_clock_groups or set_false_path.

    Location             Delay type                Incr(ns)  Path(ns)    Netlist Resource(s)
  -------------------------------------------------------------------    -------------------
                         (clock sys_clk_pin rise edge)
                                                      0.000     0.000 r  
    W5                                                0.000     0.000 r  clk (IN)
                         net (fo=0)                   0.000     0.000    clk
    W5                   IBUF (Prop_ibuf_I_O)         0.226     0.226 r  clk_IBUF_inst/O
                         net (fo=1, routed)           0.631     0.858    clk_IBUF
    BUFGCTRL_X0Y0        BUFG (Prop_bufg_I_O)         0.026     0.884 r  clk_IBUF_BUFG_inst/O
                         net (fo=128, routed)         0.586     1.469    BlocoOpera/clk_IBUF_BUFG
    SLICE_X1Y20          FDCE                                         r  BlocoOpera/avg_reg[2]/C
  -------------------------------------------------------------------    -------------------
    SLICE_X1Y20          FDCE (Prop_fdce_C_Q)         0.141     1.610 r  BlocoOpera/avg_reg[2]/Q
                         net (fo=3, routed)           0.299     1.909    led_OBUF[2]
    U19                  OBUF (Prop_obuf_I_O)         1.202     3.111 r  led_OBUF[2]_inst/O
                         net (fo=0)                   0.000     3.111    led[2]
    U19                                                               r  led[2] (OUT)
  -------------------------------------------------------------------    -------------------

                         (clock virtual_clock rise edge)
                                                      0.000     0.000 r  
                         ideal clock network latency
                                                      0.000     0.000    
                         clock pessimism              0.000     0.000    
                         clock uncertainty            0.025     0.025    
                         output delay                -2.000    -1.975    
  -------------------------------------------------------------------
                         required time                          1.975    
                         arrival time                           3.111    
  -------------------------------------------------------------------
                         slack                                  5.086    

Slack (MET) :             5.094ns  (arrival time - required time)
  Source:                 BlocoOpera/avg_reg[7]/C
                            (rising edge-triggered cell FDCE clocked by sys_clk_pin  {rise@0.000ns fall@5.000ns period=10.000ns})
  Destination:            led[7]
                            (output port clocked by virtual_clock  {rise@0.000ns fall@5.000ns period=10.000ns})
  Path Group:             virtual_clock
  Path Type:              Min at Fast Process Corner
  Requirement:            0.000ns  (virtual_clock rise@0.000ns - sys_clk_pin rise@0.000ns)
  Data Path Delay:        1.640ns  (logic 1.343ns (81.893%)  route 0.297ns (18.107%))
  Logic Levels:           1  (OBUF=1)
  Output Delay:           2.000ns
  Clock Path Skew:        -1.479ns (DCD - SCD - CPR)
    Destination Clock Delay (DCD):    0.000ns
    Source Clock Delay      (SCD):    1.479ns
    Clock Pessimism Removal (CPR):    -0.000ns
  Clock Uncertainty:      0.025ns  ((TSJ^2 + TIJ^2)^1/2 + DJ) / 2 + PE
    Total System Jitter     (TSJ):    0.050ns
    Total Input Jitter      (TIJ):    0.000ns
    Discrete Jitter          (DJ):    0.000ns
    Phase Error              (PE):    0.000ns
  Clock Domain Crossing:  Inter clock paths are considered valid unless explicitly excluded by timing constraints such as set_clock_groups or set_false_path.

    Location             Delay type                Incr(ns)  Path(ns)    Netlist Resource(s)
  -------------------------------------------------------------------    -------------------
                         (clock sys_clk_pin rise edge)
                                                      0.000     0.000 r  
    W5                                                0.000     0.000 r  clk (IN)
                         net (fo=0)                   0.000     0.000    clk
    W5                   IBUF (Prop_ibuf_I_O)         0.226     0.226 r  clk_IBUF_inst/O
                         net (fo=1, routed)           0.631     0.858    clk_IBUF
    BUFGCTRL_X0Y0        BUFG (Prop_bufg_I_O)         0.026     0.884 r  clk_IBUF_BUFG_inst/O
                         net (fo=128, routed)         0.596     1.479    BlocoOpera/clk_IBUF_BUFG
    SLICE_X1Y1           FDCE                                         r  BlocoOpera/avg_reg[7]/C
  -------------------------------------------------------------------    -------------------
    SLICE_X1Y1           FDCE (Prop_fdce_C_Q)         0.141     1.620 r  BlocoOpera/avg_reg[7]/Q
                         net (fo=2, routed)           0.297     1.917    led_OBUF[7]
    V14                  OBUF (Prop_obuf_I_O)         1.202     3.119 r  led_OBUF[7]_inst/O
                         net (fo=0)                   0.000     3.119    led[7]
    V14                                                               r  led[7] (OUT)
  -------------------------------------------------------------------    -------------------

                         (clock virtual_clock rise edge)
                                                      0.000     0.000 r  
                         ideal clock network latency
                                                      0.000     0.000    
                         clock pessimism              0.000     0.000    
                         clock uncertainty            0.025     0.025    
                         output delay                -2.000    -1.975    
  -------------------------------------------------------------------
                         required time                          1.975    
                         arrival time                           3.119    
  -------------------------------------------------------------------
                         slack                                  5.094    

Slack (MET) :             5.095ns  (arrival time - required time)
  Source:                 BlocoOpera/avg_reg[4]/C
                            (rising edge-triggered cell FDCE clocked by sys_clk_pin  {rise@0.000ns fall@5.000ns period=10.000ns})
  Destination:            led[4]
                            (output port clocked by virtual_clock  {rise@0.000ns fall@5.000ns period=10.000ns})
  Path Group:             virtual_clock
  Path Type:              Min at Fast Process Corner
  Requirement:            0.000ns  (virtual_clock rise@0.000ns - sys_clk_pin rise@0.000ns)
  Data Path Delay:        1.649ns  (logic 1.351ns (81.910%)  route 0.298ns (18.090%))
  Logic Levels:           1  (OBUF=1)
  Output Delay:           2.000ns
  Clock Path Skew:        -1.471ns (DCD - SCD - CPR)
    Destination Clock Delay (DCD):    0.000ns
    Source Clock Delay      (SCD):    1.471ns
    Clock Pessimism Removal (CPR):    -0.000ns
  Clock Uncertainty:      0.025ns  ((TSJ^2 + TIJ^2)^1/2 + DJ) / 2 + PE
    Total System Jitter     (TSJ):    0.050ns
    Total Input Jitter      (TIJ):    0.000ns
    Discrete Jitter          (DJ):    0.000ns
    Phase Error              (PE):    0.000ns
  Clock Domain Crossing:  Inter clock paths are considered valid unless explicitly excluded by timing constraints such as set_clock_groups or set_false_path.

    Location             Delay type                Incr(ns)  Path(ns)    Netlist Resource(s)
  -------------------------------------------------------------------    -------------------
                         (clock sys_clk_pin rise edge)
                                                      0.000     0.000 r  
    W5                                                0.000     0.000 r  clk (IN)
                         net (fo=0)                   0.000     0.000    clk
    W5                   IBUF (Prop_ibuf_I_O)         0.226     0.226 r  clk_IBUF_inst/O
                         net (fo=1, routed)           0.631     0.858    clk_IBUF
    BUFGCTRL_X0Y0        BUFG (Prop_bufg_I_O)         0.026     0.884 r  clk_IBUF_BUFG_inst/O
                         net (fo=128, routed)         0.588     1.471    BlocoOpera/clk_IBUF_BUFG
    SLICE_X0Y18          FDCE                                         r  BlocoOpera/avg_reg[4]/C
  -------------------------------------------------------------------    -------------------
    SLICE_X0Y18          FDCE (Prop_fdce_C_Q)         0.141     1.612 r  BlocoOpera/avg_reg[4]/Q
                         net (fo=3, routed)           0.298     1.910    led_OBUF[4]
    W18                  OBUF (Prop_obuf_I_O)         1.210     3.120 r  led_OBUF[4]_inst/O
                         net (fo=0)                   0.000     3.120    led[4]
    W18                                                               r  led[4] (OUT)
  -------------------------------------------------------------------    -------------------

                         (clock virtual_clock rise edge)
                                                      0.000     0.000 r  
                         ideal clock network latency
                                                      0.000     0.000    
                         clock pessimism              0.000     0.000    
                         clock uncertainty            0.025     0.025    
                         output delay                -2.000    -1.975    
  -------------------------------------------------------------------
                         required time                          1.975    
                         arrival time                           3.120    
  -------------------------------------------------------------------
                         slack                                  5.095    

Slack (MET) :             5.096ns  (arrival time - required time)
  Source:                 BlocoOpera/avg_reg[0]/C
                            (rising edge-triggered cell FDCE clocked by sys_clk_pin  {rise@0.000ns fall@5.000ns period=10.000ns})
  Destination:            led[0]
                            (output port clocked by virtual_clock  {rise@0.000ns fall@5.000ns period=10.000ns})
  Path Group:             virtual_clock
  Path Type:              Min at Fast Process Corner
  Requirement:            0.000ns  (virtual_clock rise@0.000ns - sys_clk_pin rise@0.000ns)
  Data Path Delay:        1.643ns  (logic 1.347ns (81.964%)  route 0.296ns (18.036%))
  Logic Levels:           1  (OBUF=1)
  Output Delay:           2.000ns
  Clock Path Skew:        -1.478ns (DCD - SCD - CPR)
    Destination Clock Delay (DCD):    0.000ns
    Source Clock Delay      (SCD):    1.478ns
    Clock Pessimism Removal (CPR):    -0.000ns
  Clock Uncertainty:      0.025ns  ((TSJ^2 + TIJ^2)^1/2 + DJ) / 2 + PE
    Total System Jitter     (TSJ):    0.050ns
    Total Input Jitter      (TIJ):    0.000ns
    Discrete Jitter          (DJ):    0.000ns
    Phase Error              (PE):    0.000ns
  Clock Domain Crossing:  Inter clock paths are considered valid unless explicitly excluded by timing constraints such as set_clock_groups or set_false_path.

    Location             Delay type                Incr(ns)  Path(ns)    Netlist Resource(s)
  -------------------------------------------------------------------    -------------------
                         (clock sys_clk_pin rise edge)
                                                      0.000     0.000 r  
    W5                                                0.000     0.000 r  clk (IN)
                         net (fo=0)                   0.000     0.000    clk
    W5                   IBUF (Prop_ibuf_I_O)         0.226     0.226 r  clk_IBUF_inst/O
                         net (fo=1, routed)           0.631     0.858    clk_IBUF
    BUFGCTRL_X0Y0        BUFG (Prop_bufg_I_O)         0.026     0.884 r  clk_IBUF_BUFG_inst/O
                         net (fo=128, routed)         0.595     1.478    BlocoOpera/clk_IBUF_BUFG
    SLICE_X1Y3           FDCE                                         r  BlocoOpera/avg_reg[0]/C
  -------------------------------------------------------------------    -------------------
    SLICE_X1Y3           FDCE (Prop_fdce_C_Q)         0.141     1.619 r  BlocoOpera/avg_reg[0]/Q
                         net (fo=3, routed)           0.296     1.916    led_OBUF[0]
    U16                  OBUF (Prop_obuf_I_O)         1.206     3.121 r  led_OBUF[0]_inst/O
                         net (fo=0)                   0.000     3.121    led[0]
    U16                                                               r  led[0] (OUT)
  -------------------------------------------------------------------    -------------------

                         (clock virtual_clock rise edge)
                                                      0.000     0.000 r  
                         ideal clock network latency
                                                      0.000     0.000    
                         clock pessimism              0.000     0.000    
                         clock uncertainty            0.025     0.025    
                         output delay                -2.000    -1.975    
  -------------------------------------------------------------------
                         required time                          1.975    
                         arrival time                           3.121    
  -------------------------------------------------------------------
                         slack                                  5.096    

Slack (MET) :             5.097ns  (arrival time - required time)
  Source:                 BlocoOpera/avg_reg[6]/C
                            (rising edge-triggered cell FDCE clocked by sys_clk_pin  {rise@0.000ns fall@5.000ns period=10.000ns})
  Destination:            led[6]
                            (output port clocked by virtual_clock  {rise@0.000ns fall@5.000ns period=10.000ns})
  Path Group:             virtual_clock
  Path Type:              Min at Fast Process Corner
  Requirement:            0.000ns  (virtual_clock rise@0.000ns - sys_clk_pin rise@0.000ns)
  Data Path Delay:        1.643ns  (logic 1.348ns (82.065%)  route 0.295ns (17.935%))
  Logic Levels:           1  (OBUF=1)
  Output Delay:           2.000ns
  Clock Path Skew:        -1.479ns (DCD - SCD - CPR)
    Destination Clock Delay (DCD):    0.000ns
    Source Clock Delay      (SCD):    1.479ns
    Clock Pessimism Removal (CPR):    -0.000ns
  Clock Uncertainty:      0.025ns  ((TSJ^2 + TIJ^2)^1/2 + DJ) / 2 + PE
    Total System Jitter     (TSJ):    0.050ns
    Total Input Jitter      (TIJ):    0.000ns
    Discrete Jitter          (DJ):    0.000ns
    Phase Error              (PE):    0.000ns
  Clock Domain Crossing:  Inter clock paths are considered valid unless explicitly excluded by timing constraints such as set_clock_groups or set_false_path.

    Location             Delay type                Incr(ns)  Path(ns)    Netlist Resource(s)
  -------------------------------------------------------------------    -------------------
                         (clock sys_clk_pin rise edge)
                                                      0.000     0.000 r  
    W5                                                0.000     0.000 r  clk (IN)
                         net (fo=0)                   0.000     0.000    clk
    W5                   IBUF (Prop_ibuf_I_O)         0.226     0.226 r  clk_IBUF_inst/O
                         net (fo=1, routed)           0.631     0.858    clk_IBUF
    BUFGCTRL_X0Y0        BUFG (Prop_bufg_I_O)         0.026     0.884 r  clk_IBUF_BUFG_inst/O
                         net (fo=128, routed)         0.596     1.479    BlocoOpera/clk_IBUF_BUFG
    SLICE_X1Y0           FDCE                                         r  BlocoOpera/avg_reg[6]/C
  -------------------------------------------------------------------    -------------------
    SLICE_X1Y0           FDCE (Prop_fdce_C_Q)         0.141     1.620 r  BlocoOpera/avg_reg[6]/Q
                         net (fo=3, routed)           0.295     1.915    led_OBUF[6]
    U14                  OBUF (Prop_obuf_I_O)         1.207     3.122 r  led_OBUF[6]_inst/O
                         net (fo=0)                   0.000     3.122    led[6]
    U14                                                               r  led[6] (OUT)
  -------------------------------------------------------------------    -------------------

                         (clock virtual_clock rise edge)
                                                      0.000     0.000 r  
                         ideal clock network latency
                                                      0.000     0.000    
                         clock pessimism              0.000     0.000    
                         clock uncertainty            0.025     0.025    
                         output delay                -2.000    -1.975    
  -------------------------------------------------------------------
                         required time                          1.975    
                         arrival time                           3.122    
  -------------------------------------------------------------------
                         slack                                  5.097    

Slack (MET) :             5.099ns  (arrival time - required time)
  Source:                 BlocoOpera/avg_reg[3]/C
                            (rising edge-triggered cell FDCE clocked by sys_clk_pin  {rise@0.000ns fall@5.000ns period=10.000ns})
  Destination:            led[3]
                            (output port clocked by virtual_clock  {rise@0.000ns fall@5.000ns period=10.000ns})
  Path Group:             virtual_clock
  Path Type:              Min at Fast Process Corner
  Requirement:            0.000ns  (virtual_clock rise@0.000ns - sys_clk_pin rise@0.000ns)
  Data Path Delay:        1.654ns  (logic 1.351ns (81.706%)  route 0.303ns (18.294%))
  Logic Levels:           1  (OBUF=1)
  Output Delay:           2.000ns
  Clock Path Skew:        -1.470ns (DCD - SCD - CPR)
    Destination Clock Delay (DCD):    0.000ns
    Source Clock Delay      (SCD):    1.470ns
    Clock Pessimism Removal (CPR):    -0.000ns
  Clock Uncertainty:      0.025ns  ((TSJ^2 + TIJ^2)^1/2 + DJ) / 2 + PE
    Total System Jitter     (TSJ):    0.050ns
    Total Input Jitter      (TIJ):    0.000ns
    Discrete Jitter          (DJ):    0.000ns
    Phase Error              (PE):    0.000ns
  Clock Domain Crossing:  Inter clock paths are considered valid unless explicitly excluded by timing constraints such as set_clock_groups or set_false_path.

    Location             Delay type                Incr(ns)  Path(ns)    Netlist Resource(s)
  -------------------------------------------------------------------    -------------------
                         (clock sys_clk_pin rise edge)
                                                      0.000     0.000 r  
    W5                                                0.000     0.000 r  clk (IN)
                         net (fo=0)                   0.000     0.000    clk
    W5                   IBUF (Prop_ibuf_I_O)         0.226     0.226 r  clk_IBUF_inst/O
                         net (fo=1, routed)           0.631     0.858    clk_IBUF
    BUFGCTRL_X0Y0        BUFG (Prop_bufg_I_O)         0.026     0.884 r  clk_IBUF_BUFG_inst/O
                         net (fo=128, routed)         0.587     1.470    BlocoOpera/clk_IBUF_BUFG
    SLICE_X0Y19          FDCE                                         r  BlocoOpera/avg_reg[3]/C
  -------------------------------------------------------------------    -------------------
    SLICE_X0Y19          FDCE (Prop_fdce_C_Q)         0.141     1.611 r  BlocoOpera/avg_reg[3]/Q
                         net (fo=3, routed)           0.303     1.914    led_OBUF[3]
    V19                  OBUF (Prop_obuf_I_O)         1.210     3.124 r  led_OBUF[3]_inst/O
                         net (fo=0)                   0.000     3.124    led[3]
    V19                                                               r  led[3] (OUT)
  -------------------------------------------------------------------    -------------------

                         (clock virtual_clock rise edge)
                                                      0.000     0.000 r  
                         ideal clock network latency
                                                      0.000     0.000    
                         clock pessimism              0.000     0.000    
                         clock uncertainty            0.025     0.025    
                         output delay                -2.000    -1.975    
  -------------------------------------------------------------------
                         required time                          1.975    
                         arrival time                           3.124    
  -------------------------------------------------------------------
                         slack                                  5.099    

Slack (MET) :             5.107ns  (arrival time - required time)
  Source:                 Controle/FSM_onehot_estado_atual_reg[2]/C
                            (rising edge-triggered cell FDCE clocked by sys_clk_pin  {rise@0.000ns fall@5.000ns period=10.000ns})
  Destination:            ready
                            (output port clocked by virtual_clock  {rise@0.000ns fall@5.000ns period=10.000ns})
  Path Group:             virtual_clock
  Path Type:              Min at Fast Process Corner
  Requirement:            0.000ns  (virtual_clock rise@0.000ns - sys_clk_pin rise@0.000ns)
  Data Path Delay:        1.658ns  (logic 1.363ns (82.217%)  route 0.295ns (17.783%))
  Logic Levels:           1  (OBUF=1)
  Output Delay:           2.000ns
  Clock Path Skew:        -1.473ns (DCD - SCD - CPR)
    Destination Clock Delay (DCD):    0.000ns
    Source Clock Delay      (SCD):    1.473ns
    Clock Pessimism Removal (CPR):    -0.000ns
  Clock Uncertainty:      0.025ns  ((TSJ^2 + TIJ^2)^1/2 + DJ) / 2 + PE
    Total System Jitter     (TSJ):    0.050ns
    Total Input Jitter      (TIJ):    0.000ns
    Discrete Jitter          (DJ):    0.000ns
    Phase Error              (PE):    0.000ns
  Clock Domain Crossing:  Inter clock paths are considered valid unless explicitly excluded by timing constraints such as set_clock_groups or set_false_path.

    Location             Delay type                Incr(ns)  Path(ns)    Netlist Resource(s)
  -------------------------------------------------------------------    -------------------
                         (clock sys_clk_pin rise edge)
                                                      0.000     0.000 r  
    W5                                                0.000     0.000 r  clk (IN)
                         net (fo=0)                   0.000     0.000    clk
    W5                   IBUF (Prop_ibuf_I_O)         0.226     0.226 r  clk_IBUF_inst/O
                         net (fo=1, routed)           0.631     0.858    clk_IBUF
    BUFGCTRL_X0Y0        BUFG (Prop_bufg_I_O)         0.026     0.884 r  clk_IBUF_BUFG_inst/O
                         net (fo=128, routed)         0.590     1.473    Controle/CLK
    SLICE_X65Y87         FDCE                                         r  Controle/FSM_onehot_estado_atual_reg[2]/C
  -------------------------------------------------------------------    -------------------
    SLICE_X65Y87         FDCE (Prop_fdce_C_Q)         0.141     1.614 r  Controle/FSM_onehot_estado_atual_reg[2]/Q
                         net (fo=4, routed)           0.295     1.909    ready_OBUF
    L1                   OBUF (Prop_obuf_I_O)         1.222     3.132 r  ready_OBUF_inst/O
                         net (fo=0)                   0.000     3.132    ready
    L1                                                                r  ready (OUT)
  -------------------------------------------------------------------    -------------------

                         (clock virtual_clock rise edge)
                                                      0.000     0.000 r  
                         ideal clock network latency
                                                      0.000     0.000    
                         clock pessimism              0.000     0.000    
                         clock uncertainty            0.025     0.025    
                         output delay                -2.000    -1.975    
  -------------------------------------------------------------------
                         required time                          1.975    
                         arrival time                           3.132    
  -------------------------------------------------------------------
                         slack                                  5.107    

Slack (MET) :             5.109ns  (arrival time - required time)
  Source:                 BlocoOpera/avg_reg[5]/C
                            (rising edge-triggered cell FDCE clocked by sys_clk_pin  {rise@0.000ns fall@5.000ns period=10.000ns})
  Destination:            led[5]
                            (output port clocked by virtual_clock  {rise@0.000ns fall@5.000ns period=10.000ns})
  Path Group:             virtual_clock
  Path Type:              Min at Fast Process Corner
  Requirement:            0.000ns  (virtual_clock rise@0.000ns - sys_clk_pin rise@0.000ns)
  Data Path Delay:        1.655ns  (logic 1.357ns (81.942%)  route 0.299ns (18.058%))
  Logic Levels:           1  (OBUF=1)
  Output Delay:           2.000ns
  Clock Path Skew:        -1.478ns (DCD - SCD - CPR)
    Destination Clock Delay (DCD):    0.000ns
    Source Clock Delay      (SCD):    1.478ns
    Clock Pessimism Removal (CPR):    -0.000ns
  Clock Uncertainty:      0.025ns  ((TSJ^2 + TIJ^2)^1/2 + DJ) / 2 + PE
    Total System Jitter     (TSJ):    0.050ns
    Total Input Jitter      (TIJ):    0.000ns
    Discrete Jitter          (DJ):    0.000ns
    Phase Error              (PE):    0.000ns
  Clock Domain Crossing:  Inter clock paths are considered valid unless explicitly excluded by timing constraints such as set_clock_groups or set_false_path.

    Location             Delay type                Incr(ns)  Path(ns)    Netlist Resource(s)
  -------------------------------------------------------------------    -------------------
                         (clock sys_clk_pin rise edge)
                                                      0.000     0.000 r  
    W5                                                0.000     0.000 r  clk (IN)
                         net (fo=0)                   0.000     0.000    clk
    W5                   IBUF (Prop_ibuf_I_O)         0.226     0.226 r  clk_IBUF_inst/O
                         net (fo=1, routed)           0.631     0.858    clk_IBUF
    BUFGCTRL_X0Y0        BUFG (Prop_bufg_I_O)         0.026     0.884 r  clk_IBUF_BUFG_inst/O
                         net (fo=128, routed)         0.595     1.478    BlocoOpera/clk_IBUF_BUFG
    SLICE_X1Y4           FDCE                                         r  BlocoOpera/avg_reg[5]/C
  -------------------------------------------------------------------    -------------------
    SLICE_X1Y4           FDCE (Prop_fdce_C_Q)         0.141     1.619 r  BlocoOpera/avg_reg[5]/Q
                         net (fo=3, routed)           0.299     1.918    led_OBUF[5]
    U15                  OBUF (Prop_obuf_I_O)         1.216     3.134 r  led_OBUF[5]_inst/O
                         net (fo=0)                   0.000     3.134    led[5]
    U15                                                               r  led[5] (OUT)
  -------------------------------------------------------------------    -------------------

                         (clock virtual_clock rise edge)
                                                      0.000     0.000 r  
                         ideal clock network latency
                                                      0.000     0.000    
                         clock pessimism              0.000     0.000    
                         clock uncertainty            0.025     0.025    
                         output delay                -2.000    -1.975    
  -------------------------------------------------------------------
                         required time                          1.975    
                         arrival time                           3.134    
  -------------------------------------------------------------------
                         slack                                  5.109    

Slack (MET) :             5.111ns  (arrival time - required time)
  Source:                 BlocoOpera/avg_reg[1]_replica/C
                            (rising edge-triggered cell FDCE clocked by sys_clk_pin  {rise@0.000ns fall@5.000ns period=10.000ns})
  Destination:            led[1]
                            (output port clocked by virtual_clock  {rise@0.000ns fall@5.000ns period=10.000ns})
  Path Group:             virtual_clock
  Path Type:              Min at Fast Process Corner
  Requirement:            0.000ns  (virtual_clock rise@0.000ns - sys_clk_pin rise@0.000ns)
  Data Path Delay:        1.658ns  (logic 1.372ns (82.741%)  route 0.286ns (17.259%))
  Logic Levels:           1  (OBUF=1)
  Output Delay:           2.000ns
  Clock Path Skew:        -1.478ns (DCD - SCD - CPR)
    Destination Clock Delay (DCD):    0.000ns
    Source Clock Delay      (SCD):    1.478ns
    Clock Pessimism Removal (CPR):    -0.000ns
  Clock Uncertainty:      0.025ns  ((TSJ^2 + TIJ^2)^1/2 + DJ) / 2 + PE
    Total System Jitter     (TSJ):    0.050ns
    Total Input Jitter      (TIJ):    0.000ns
    Discrete Jitter          (DJ):    0.000ns
    Phase Error              (PE):    0.000ns
  Clock Domain Crossing:  Inter clock paths are considered valid unless explicitly excluded by timing constraints such as set_clock_groups or set_false_path.

    Location             Delay type                Incr(ns)  Path(ns)    Netlist Resource(s)
  -------------------------------------------------------------------    -------------------
                         (clock sys_clk_pin rise edge)
                                                      0.000     0.000 r  
    W5                                                0.000     0.000 r  clk (IN)
                         net (fo=0)                   0.000     0.000    clk
    W5                   IBUF (Prop_ibuf_I_O)         0.226     0.226 r  clk_IBUF_inst/O
                         net (fo=1, routed)           0.631     0.858    clk_IBUF
    BUFGCTRL_X0Y0        BUFG (Prop_bufg_I_O)         0.026     0.884 r  clk_IBUF_BUFG_inst/O
                         net (fo=128, routed)         0.595     1.478    BlocoOpera/clk_IBUF_BUFG
    SLICE_X0Y43          FDCE                                         r  BlocoOpera/avg_reg[1]_replica/C
  -------------------------------------------------------------------    -------------------
    SLICE_X0Y43          FDCE (Prop_fdce_C_Q)         0.141     1.619 r  BlocoOpera/avg_reg[1]_replica/Q
                         net (fo=1, routed)           0.286     1.905    Q[1]_repN_alias
    E19                  OBUF (Prop_obuf_I_O)         1.231     3.136 r  led_OBUF[1]_inst/O
                         net (fo=0)                   0.000     3.136    led[1]
    E19                                                               r  led[1] (OUT)
  -------------------------------------------------------------------    -------------------

                         (clock virtual_clock rise edge)
                                                      0.000     0.000 r  
                         ideal clock network latency
                                                      0.000     0.000    
                         clock pessimism              0.000     0.000    
                         clock uncertainty            0.025     0.025    
                         output delay                -2.000    -1.975    
  -------------------------------------------------------------------
                         required time                          1.975    
                         arrival time                           3.136    
  -------------------------------------------------------------------
                         slack                                  5.111    





---------------------------------------------------------------------------------------------------
Path Group:  **async_default**
From Clock:  sys_clk_pin
  To Clock:  sys_clk_pin

Setup :            0  Failing Endpoints,  Worst Slack        2.822ns,  Total Violation        0.000ns
Hold  :            0  Failing Endpoints,  Worst Slack        0.517ns,  Total Violation        0.000ns
---------------------------------------------------------------------------------------------------


Max Delay Paths
--------------------------------------------------------------------------------------
Slack (MET) :             2.822ns  (required time - arrival time)
  Source:                 reset
                            (input port clocked by sys_clk_pin  {rise@0.000ns fall@5.000ns period=10.000ns})
  Destination:            Controle/FSM_onehot_estado_atual_reg[2]/CLR
                            (recovery check against rising-edge clock sys_clk_pin  {rise@0.000ns fall@5.000ns period=10.000ns})
  Path Group:             **async_default**
  Path Type:              Recovery (Max at Slow Process Corner)
  Requirement:            10.000ns  (sys_clk_pin rise@10.000ns - sys_clk_pin rise@0.000ns)
  Data Path Delay:        10.083ns  (logic 1.441ns (14.294%)  route 8.642ns (85.706%))
  Logic Levels:           1  (IBUF=1)
  Input Delay:            1.500ns
  Clock Path Skew:        4.846ns (DCD - SCD + CPR)
    Destination Clock Delay (DCD):    4.846ns = ( 14.846 - 10.000 ) 
    Source Clock Delay      (SCD):    0.000ns
    Clock Pessimism Removal (CPR):    0.000ns
  Clock Uncertainty:      0.035ns  ((TSJ^2 + TIJ^2)^1/2 + DJ) / 2 + PE
    Total System Jitter     (TSJ):    0.071ns
    Total Input Jitter      (TIJ):    0.000ns
    Discrete Jitter          (DJ):    0.000ns
    Phase Error              (PE):    0.000ns

    Location             Delay type                Incr(ns)  Path(ns)    Netlist Resource(s)
  -------------------------------------------------------------------    -------------------
                         (clock sys_clk_pin rise edge)
                                                      0.000     0.000 r  
                         input delay                  1.500     1.500    
    U18                                               0.000     1.500 f  reset (IN)
                         net (fo=0)                   0.000     1.500    reset
    U18                  IBUF (Prop_ibuf_I_O)         1.441     2.941 f  reset_IBUF_inst/O
                         net (fo=35, routed)          8.642    11.583    Controle/AR[0]
    SLICE_X65Y87         FDCE                                         f  Controle/FSM_onehot_estado_atual_reg[2]/CLR
  -------------------------------------------------------------------    -------------------

                         (clock sys_clk_pin rise edge)
                                                     10.000    10.000 r  
    W5                                                0.000    10.000 r  clk (IN)
                         net (fo=0)                   0.000    10.000    clk
    W5                   IBUF (Prop_ibuf_I_O)         1.388    11.388 r  clk_IBUF_inst/O
                         net (fo=1, routed)           1.862    13.250    clk_IBUF
    BUFGCTRL_X0Y0        BUFG (Prop_bufg_I_O)         0.091    13.341 r  clk_IBUF_BUFG_inst/O
                         net (fo=128, routed)         1.505    14.846    Controle/CLK
    SLICE_X65Y87         FDCE                                         r  Controle/FSM_onehot_estado_atual_reg[2]/C
                         clock pessimism              0.000    14.846    
                         clock uncertainty           -0.035    14.810    
    SLICE_X65Y87         FDCE (Recov_fdce_C_CLR)     -0.405    14.405    Controle/FSM_onehot_estado_atual_reg[2]
  -------------------------------------------------------------------
                         required time                         14.405    
                         arrival time                         -11.583    
  -------------------------------------------------------------------
                         slack                                  2.822    

Slack (MET) :             4.794ns  (required time - arrival time)
  Source:                 reset
                            (input port clocked by sys_clk_pin  {rise@0.000ns fall@5.000ns period=10.000ns})
  Destination:            divisor/counter_reg[21]/CLR
                            (recovery check against rising-edge clock sys_clk_pin  {rise@0.000ns fall@5.000ns period=10.000ns})
  Path Group:             **async_default**
  Path Type:              Recovery (Max at Slow Process Corner)
  Requirement:            10.000ns  (sys_clk_pin rise@10.000ns - sys_clk_pin rise@0.000ns)
  Data Path Delay:        8.058ns  (logic 1.441ns (17.886%)  route 6.617ns (82.114%))
  Logic Levels:           1  (IBUF=1)
  Input Delay:            1.500ns
  Clock Path Skew:        4.792ns (DCD - SCD + CPR)
    Destination Clock Delay (DCD):    4.792ns = ( 14.792 - 10.000 ) 
    Source Clock Delay      (SCD):    0.000ns
    Clock Pessimism Removal (CPR):    0.000ns
  Clock Uncertainty:      0.035ns  ((TSJ^2 + TIJ^2)^1/2 + DJ) / 2 + PE
    Total System Jitter     (TSJ):    0.071ns
    Total Input Jitter      (TIJ):    0.000ns
    Discrete Jitter          (DJ):    0.000ns
    Phase Error              (PE):    0.000ns

    Location             Delay type                Incr(ns)  Path(ns)    Netlist Resource(s)
  -------------------------------------------------------------------    -------------------
                         (clock sys_clk_pin rise edge)
                                                      0.000     0.000 r  
                         input delay                  1.500     1.500    
    U18                                               0.000     1.500 f  reset (IN)
                         net (fo=0)                   0.000     1.500    reset
    U18                  IBUF (Prop_ibuf_I_O)         1.441     2.941 f  reset_IBUF_inst/O
                         net (fo=35, routed)          6.617     9.558    divisor/AR[0]
    SLICE_X48Y44         FDCE                                         f  divisor/counter_reg[21]/CLR
  -------------------------------------------------------------------    -------------------

                         (clock sys_clk_pin rise edge)
                                                     10.000    10.000 r  
    W5                                                0.000    10.000 r  clk (IN)
                         net (fo=0)                   0.000    10.000    clk
    W5                   IBUF (Prop_ibuf_I_O)         1.388    11.388 r  clk_IBUF_inst/O
                         net (fo=1, routed)           1.862    13.250    clk_IBUF
    BUFGCTRL_X0Y0        BUFG (Prop_bufg_I_O)         0.091    13.341 r  clk_IBUF_BUFG_inst/O
                         net (fo=128, routed)         1.451    14.792    divisor/CLK
    SLICE_X48Y44         FDCE                                         r  divisor/counter_reg[21]/C
                         clock pessimism              0.000    14.792    
                         clock uncertainty           -0.035    14.757    
    SLICE_X48Y44         FDCE (Recov_fdce_C_CLR)     -0.405    14.352    divisor/counter_reg[21]
  -------------------------------------------------------------------
                         required time                         14.352    
                         arrival time                          -9.558    
  -------------------------------------------------------------------
                         slack                                  4.794    

Slack (MET) :             4.794ns  (required time - arrival time)
  Source:                 reset
                            (input port clocked by sys_clk_pin  {rise@0.000ns fall@5.000ns period=10.000ns})
  Destination:            divisor/counter_reg[22]/CLR
                            (recovery check against rising-edge clock sys_clk_pin  {rise@0.000ns fall@5.000ns period=10.000ns})
  Path Group:             **async_default**
  Path Type:              Recovery (Max at Slow Process Corner)
  Requirement:            10.000ns  (sys_clk_pin rise@10.000ns - sys_clk_pin rise@0.000ns)
  Data Path Delay:        8.058ns  (logic 1.441ns (17.886%)  route 6.617ns (82.114%))
  Logic Levels:           1  (IBUF=1)
  Input Delay:            1.500ns
  Clock Path Skew:        4.792ns (DCD - SCD + CPR)
    Destination Clock Delay (DCD):    4.792ns = ( 14.792 - 10.000 ) 
    Source Clock Delay      (SCD):    0.000ns
    Clock Pessimism Removal (CPR):    0.000ns
  Clock Uncertainty:      0.035ns  ((TSJ^2 + TIJ^2)^1/2 + DJ) / 2 + PE
    Total System Jitter     (TSJ):    0.071ns
    Total Input Jitter      (TIJ):    0.000ns
    Discrete Jitter          (DJ):    0.000ns
    Phase Error              (PE):    0.000ns

    Location             Delay type                Incr(ns)  Path(ns)    Netlist Resource(s)
  -------------------------------------------------------------------    -------------------
                         (clock sys_clk_pin rise edge)
                                                      0.000     0.000 r  
                         input delay                  1.500     1.500    
    U18                                               0.000     1.500 f  reset (IN)
                         net (fo=0)                   0.000     1.500    reset
    U18                  IBUF (Prop_ibuf_I_O)         1.441     2.941 f  reset_IBUF_inst/O
                         net (fo=35, routed)          6.617     9.558    divisor/AR[0]
    SLICE_X48Y44         FDCE                                         f  divisor/counter_reg[22]/CLR
  -------------------------------------------------------------------    -------------------

                         (clock sys_clk_pin rise edge)
                                                     10.000    10.000 r  
    W5                                                0.000    10.000 r  clk (IN)
                         net (fo=0)                   0.000    10.000    clk
    W5                   IBUF (Prop_ibuf_I_O)         1.388    11.388 r  clk_IBUF_inst/O
                         net (fo=1, routed)           1.862    13.250    clk_IBUF
    BUFGCTRL_X0Y0        BUFG (Prop_bufg_I_O)         0.091    13.341 r  clk_IBUF_BUFG_inst/O
                         net (fo=128, routed)         1.451    14.792    divisor/CLK
    SLICE_X48Y44         FDCE                                         r  divisor/counter_reg[22]/C
                         clock pessimism              0.000    14.792    
                         clock uncertainty           -0.035    14.757    
    SLICE_X48Y44         FDCE (Recov_fdce_C_CLR)     -0.405    14.352    divisor/counter_reg[22]
  -------------------------------------------------------------------
                         required time                         14.352    
                         arrival time                          -9.558    
  -------------------------------------------------------------------
                         slack                                  4.794    

Slack (MET) :             4.794ns  (required time - arrival time)
  Source:                 reset
                            (input port clocked by sys_clk_pin  {rise@0.000ns fall@5.000ns period=10.000ns})
  Destination:            divisor/counter_reg[23]/CLR
                            (recovery check against rising-edge clock sys_clk_pin  {rise@0.000ns fall@5.000ns period=10.000ns})
  Path Group:             **async_default**
  Path Type:              Recovery (Max at Slow Process Corner)
  Requirement:            10.000ns  (sys_clk_pin rise@10.000ns - sys_clk_pin rise@0.000ns)
  Data Path Delay:        8.058ns  (logic 1.441ns (17.886%)  route 6.617ns (82.114%))
  Logic Levels:           1  (IBUF=1)
  Input Delay:            1.500ns
  Clock Path Skew:        4.792ns (DCD - SCD + CPR)
    Destination Clock Delay (DCD):    4.792ns = ( 14.792 - 10.000 ) 
    Source Clock Delay      (SCD):    0.000ns
    Clock Pessimism Removal (CPR):    0.000ns
  Clock Uncertainty:      0.035ns  ((TSJ^2 + TIJ^2)^1/2 + DJ) / 2 + PE
    Total System Jitter     (TSJ):    0.071ns
    Total Input Jitter      (TIJ):    0.000ns
    Discrete Jitter          (DJ):    0.000ns
    Phase Error              (PE):    0.000ns

    Location             Delay type                Incr(ns)  Path(ns)    Netlist Resource(s)
  -------------------------------------------------------------------    -------------------
                         (clock sys_clk_pin rise edge)
                                                      0.000     0.000 r  
                         input delay                  1.500     1.500    
    U18                                               0.000     1.500 f  reset (IN)
                         net (fo=0)                   0.000     1.500    reset
    U18                  IBUF (Prop_ibuf_I_O)         1.441     2.941 f  reset_IBUF_inst/O
                         net (fo=35, routed)          6.617     9.558    divisor/AR[0]
    SLICE_X48Y44         FDCE                                         f  divisor/counter_reg[23]/CLR
  -------------------------------------------------------------------    -------------------

                         (clock sys_clk_pin rise edge)
                                                     10.000    10.000 r  
    W5                                                0.000    10.000 r  clk (IN)
                         net (fo=0)                   0.000    10.000    clk
    W5                   IBUF (Prop_ibuf_I_O)         1.388    11.388 r  clk_IBUF_inst/O
                         net (fo=1, routed)           1.862    13.250    clk_IBUF
    BUFGCTRL_X0Y0        BUFG (Prop_bufg_I_O)         0.091    13.341 r  clk_IBUF_BUFG_inst/O
                         net (fo=128, routed)         1.451    14.792    divisor/CLK
    SLICE_X48Y44         FDCE                                         r  divisor/counter_reg[23]/C
                         clock pessimism              0.000    14.792    
                         clock uncertainty           -0.035    14.757    
    SLICE_X48Y44         FDCE (Recov_fdce_C_CLR)     -0.405    14.352    divisor/counter_reg[23]
  -------------------------------------------------------------------
                         required time                         14.352    
                         arrival time                          -9.558    
  -------------------------------------------------------------------
                         slack                                  4.794    

Slack (MET) :             4.794ns  (required time - arrival time)
  Source:                 reset
                            (input port clocked by sys_clk_pin  {rise@0.000ns fall@5.000ns period=10.000ns})
  Destination:            divisor/counter_reg[24]/CLR
                            (recovery check against rising-edge clock sys_clk_pin  {rise@0.000ns fall@5.000ns period=10.000ns})
  Path Group:             **async_default**
  Path Type:              Recovery (Max at Slow Process Corner)
  Requirement:            10.000ns  (sys_clk_pin rise@10.000ns - sys_clk_pin rise@0.000ns)
  Data Path Delay:        8.058ns  (logic 1.441ns (17.886%)  route 6.617ns (82.114%))
  Logic Levels:           1  (IBUF=1)
  Input Delay:            1.500ns
  Clock Path Skew:        4.792ns (DCD - SCD + CPR)
    Destination Clock Delay (DCD):    4.792ns = ( 14.792 - 10.000 ) 
    Source Clock Delay      (SCD):    0.000ns
    Clock Pessimism Removal (CPR):    0.000ns
  Clock Uncertainty:      0.035ns  ((TSJ^2 + TIJ^2)^1/2 + DJ) / 2 + PE
    Total System Jitter     (TSJ):    0.071ns
    Total Input Jitter      (TIJ):    0.000ns
    Discrete Jitter          (DJ):    0.000ns
    Phase Error              (PE):    0.000ns

    Location             Delay type                Incr(ns)  Path(ns)    Netlist Resource(s)
  -------------------------------------------------------------------    -------------------
                         (clock sys_clk_pin rise edge)
                                                      0.000     0.000 r  
                         input delay                  1.500     1.500    
    U18                                               0.000     1.500 f  reset (IN)
                         net (fo=0)                   0.000     1.500    reset
    U18                  IBUF (Prop_ibuf_I_O)         1.441     2.941 f  reset_IBUF_inst/O
                         net (fo=35, routed)          6.617     9.558    divisor/AR[0]
    SLICE_X48Y44         FDCE                                         f  divisor/counter_reg[24]/CLR
  -------------------------------------------------------------------    -------------------

                         (clock sys_clk_pin rise edge)
                                                     10.000    10.000 r  
    W5                                                0.000    10.000 r  clk (IN)
                         net (fo=0)                   0.000    10.000    clk
    W5                   IBUF (Prop_ibuf_I_O)         1.388    11.388 r  clk_IBUF_inst/O
                         net (fo=1, routed)           1.862    13.250    clk_IBUF
    BUFGCTRL_X0Y0        BUFG (Prop_bufg_I_O)         0.091    13.341 r  clk_IBUF_BUFG_inst/O
                         net (fo=128, routed)         1.451    14.792    divisor/CLK
    SLICE_X48Y44         FDCE                                         r  divisor/counter_reg[24]/C
                         clock pessimism              0.000    14.792    
                         clock uncertainty           -0.035    14.757    
    SLICE_X48Y44         FDCE (Recov_fdce_C_CLR)     -0.405    14.352    divisor/counter_reg[24]
  -------------------------------------------------------------------
                         required time                         14.352    
                         arrival time                          -9.558    
  -------------------------------------------------------------------
                         slack                                  4.794    

Slack (MET) :             4.794ns  (required time - arrival time)
  Source:                 reset
                            (input port clocked by sys_clk_pin  {rise@0.000ns fall@5.000ns period=10.000ns})
  Destination:            divisor/counter_reg[25]/CLR
                            (recovery check against rising-edge clock sys_clk_pin  {rise@0.000ns fall@5.000ns period=10.000ns})
  Path Group:             **async_default**
  Path Type:              Recovery (Max at Slow Process Corner)
  Requirement:            10.000ns  (sys_clk_pin rise@10.000ns - sys_clk_pin rise@0.000ns)
  Data Path Delay:        8.058ns  (logic 1.441ns (17.886%)  route 6.617ns (82.114%))
  Logic Levels:           1  (IBUF=1)
  Input Delay:            1.500ns
  Clock Path Skew:        4.792ns (DCD - SCD + CPR)
    Destination Clock Delay (DCD):    4.792ns = ( 14.792 - 10.000 ) 
    Source Clock Delay      (SCD):    0.000ns
    Clock Pessimism Removal (CPR):    0.000ns
  Clock Uncertainty:      0.035ns  ((TSJ^2 + TIJ^2)^1/2 + DJ) / 2 + PE
    Total System Jitter     (TSJ):    0.071ns
    Total Input Jitter      (TIJ):    0.000ns
    Discrete Jitter          (DJ):    0.000ns
    Phase Error              (PE):    0.000ns

    Location             Delay type                Incr(ns)  Path(ns)    Netlist Resource(s)
  -------------------------------------------------------------------    -------------------
                         (clock sys_clk_pin rise edge)
                                                      0.000     0.000 r  
                         input delay                  1.500     1.500    
    U18                                               0.000     1.500 f  reset (IN)
                         net (fo=0)                   0.000     1.500    reset
    U18                  IBUF (Prop_ibuf_I_O)         1.441     2.941 f  reset_IBUF_inst/O
                         net (fo=35, routed)          6.617     9.558    divisor/AR[0]
    SLICE_X48Y44         FDCE                                         f  divisor/counter_reg[25]/CLR
  -------------------------------------------------------------------    -------------------

                         (clock sys_clk_pin rise edge)
                                                     10.000    10.000 r  
    W5                                                0.000    10.000 r  clk (IN)
                         net (fo=0)                   0.000    10.000    clk
    W5                   IBUF (Prop_ibuf_I_O)         1.388    11.388 r  clk_IBUF_inst/O
                         net (fo=1, routed)           1.862    13.250    clk_IBUF
    BUFGCTRL_X0Y0        BUFG (Prop_bufg_I_O)         0.091    13.341 r  clk_IBUF_BUFG_inst/O
                         net (fo=128, routed)         1.451    14.792    divisor/CLK
    SLICE_X48Y44         FDCE                                         r  divisor/counter_reg[25]/C
                         clock pessimism              0.000    14.792    
                         clock uncertainty           -0.035    14.757    
    SLICE_X48Y44         FDCE (Recov_fdce_C_CLR)     -0.405    14.352    divisor/counter_reg[25]
  -------------------------------------------------------------------
                         required time                         14.352    
                         arrival time                          -9.558    
  -------------------------------------------------------------------
                         slack                                  4.794    

Slack (MET) :             4.794ns  (required time - arrival time)
  Source:                 reset
                            (input port clocked by sys_clk_pin  {rise@0.000ns fall@5.000ns period=10.000ns})
  Destination:            divisor/counter_reg[26]/CLR
                            (recovery check against rising-edge clock sys_clk_pin  {rise@0.000ns fall@5.000ns period=10.000ns})
  Path Group:             **async_default**
  Path Type:              Recovery (Max at Slow Process Corner)
  Requirement:            10.000ns  (sys_clk_pin rise@10.000ns - sys_clk_pin rise@0.000ns)
  Data Path Delay:        8.058ns  (logic 1.441ns (17.886%)  route 6.617ns (82.114%))
  Logic Levels:           1  (IBUF=1)
  Input Delay:            1.500ns
  Clock Path Skew:        4.792ns (DCD - SCD + CPR)
    Destination Clock Delay (DCD):    4.792ns = ( 14.792 - 10.000 ) 
    Source Clock Delay      (SCD):    0.000ns
    Clock Pessimism Removal (CPR):    0.000ns
  Clock Uncertainty:      0.035ns  ((TSJ^2 + TIJ^2)^1/2 + DJ) / 2 + PE
    Total System Jitter     (TSJ):    0.071ns
    Total Input Jitter      (TIJ):    0.000ns
    Discrete Jitter          (DJ):    0.000ns
    Phase Error              (PE):    0.000ns

    Location             Delay type                Incr(ns)  Path(ns)    Netlist Resource(s)
  -------------------------------------------------------------------    -------------------
                         (clock sys_clk_pin rise edge)
                                                      0.000     0.000 r  
                         input delay                  1.500     1.500    
    U18                                               0.000     1.500 f  reset (IN)
                         net (fo=0)                   0.000     1.500    reset
    U18                  IBUF (Prop_ibuf_I_O)         1.441     2.941 f  reset_IBUF_inst/O
                         net (fo=35, routed)          6.617     9.558    divisor/AR[0]
    SLICE_X48Y44         FDCE                                         f  divisor/counter_reg[26]/CLR
  -------------------------------------------------------------------    -------------------

                         (clock sys_clk_pin rise edge)
                                                     10.000    10.000 r  
    W5                                                0.000    10.000 r  clk (IN)
                         net (fo=0)                   0.000    10.000    clk
    W5                   IBUF (Prop_ibuf_I_O)         1.388    11.388 r  clk_IBUF_inst/O
                         net (fo=1, routed)           1.862    13.250    clk_IBUF
    BUFGCTRL_X0Y0        BUFG (Prop_bufg_I_O)         0.091    13.341 r  clk_IBUF_BUFG_inst/O
                         net (fo=128, routed)         1.451    14.792    divisor/CLK
    SLICE_X48Y44         FDCE                                         r  divisor/counter_reg[26]/C
                         clock pessimism              0.000    14.792    
                         clock uncertainty           -0.035    14.757    
    SLICE_X48Y44         FDCE (Recov_fdce_C_CLR)     -0.405    14.352    divisor/counter_reg[26]
  -------------------------------------------------------------------
                         required time                         14.352    
                         arrival time                          -9.558    
  -------------------------------------------------------------------
                         slack                                  4.794    

Slack (MET) :             4.936ns  (required time - arrival time)
  Source:                 reset
                            (input port clocked by sys_clk_pin  {rise@0.000ns fall@5.000ns period=10.000ns})
  Destination:            divisor/counter_reg[17]/CLR
                            (recovery check against rising-edge clock sys_clk_pin  {rise@0.000ns fall@5.000ns period=10.000ns})
  Path Group:             **async_default**
  Path Type:              Recovery (Max at Slow Process Corner)
  Requirement:            10.000ns  (sys_clk_pin rise@10.000ns - sys_clk_pin rise@0.000ns)
  Data Path Delay:        7.916ns  (logic 1.441ns (18.207%)  route 6.475ns (81.793%))
  Logic Levels:           1  (IBUF=1)
  Input Delay:            1.500ns
  Clock Path Skew:        4.792ns (DCD - SCD + CPR)
    Destination Clock Delay (DCD):    4.792ns = ( 14.792 - 10.000 ) 
    Source Clock Delay      (SCD):    0.000ns
    Clock Pessimism Removal (CPR):    0.000ns
  Clock Uncertainty:      0.035ns  ((TSJ^2 + TIJ^2)^1/2 + DJ) / 2 + PE
    Total System Jitter     (TSJ):    0.071ns
    Total Input Jitter      (TIJ):    0.000ns
    Discrete Jitter          (DJ):    0.000ns
    Phase Error              (PE):    0.000ns

    Location             Delay type                Incr(ns)  Path(ns)    Netlist Resource(s)
  -------------------------------------------------------------------    -------------------
                         (clock sys_clk_pin rise edge)
                                                      0.000     0.000 r  
                         input delay                  1.500     1.500    
    U18                                               0.000     1.500 f  reset (IN)
                         net (fo=0)                   0.000     1.500    reset
    U18                  IBUF (Prop_ibuf_I_O)         1.441     2.941 f  reset_IBUF_inst/O
                         net (fo=35, routed)          6.475     9.416    divisor/AR[0]
    SLICE_X48Y43         FDCE                                         f  divisor/counter_reg[17]/CLR
  -------------------------------------------------------------------    -------------------

                         (clock sys_clk_pin rise edge)
                                                     10.000    10.000 r  
    W5                                                0.000    10.000 r  clk (IN)
                         net (fo=0)                   0.000    10.000    clk
    W5                   IBUF (Prop_ibuf_I_O)         1.388    11.388 r  clk_IBUF_inst/O
                         net (fo=1, routed)           1.862    13.250    clk_IBUF
    BUFGCTRL_X0Y0        BUFG (Prop_bufg_I_O)         0.091    13.341 r  clk_IBUF_BUFG_inst/O
                         net (fo=128, routed)         1.451    14.792    divisor/CLK
    SLICE_X48Y43         FDCE                                         r  divisor/counter_reg[17]/C
                         clock pessimism              0.000    14.792    
                         clock uncertainty           -0.035    14.757    
    SLICE_X48Y43         FDCE (Recov_fdce_C_CLR)     -0.405    14.352    divisor/counter_reg[17]
  -------------------------------------------------------------------
                         required time                         14.352    
                         arrival time                          -9.416    
  -------------------------------------------------------------------
                         slack                                  4.936    

Slack (MET) :             4.936ns  (required time - arrival time)
  Source:                 reset
                            (input port clocked by sys_clk_pin  {rise@0.000ns fall@5.000ns period=10.000ns})
  Destination:            divisor/counter_reg[19]/CLR
                            (recovery check against rising-edge clock sys_clk_pin  {rise@0.000ns fall@5.000ns period=10.000ns})
  Path Group:             **async_default**
  Path Type:              Recovery (Max at Slow Process Corner)
  Requirement:            10.000ns  (sys_clk_pin rise@10.000ns - sys_clk_pin rise@0.000ns)
  Data Path Delay:        7.916ns  (logic 1.441ns (18.207%)  route 6.475ns (81.793%))
  Logic Levels:           1  (IBUF=1)
  Input Delay:            1.500ns
  Clock Path Skew:        4.792ns (DCD - SCD + CPR)
    Destination Clock Delay (DCD):    4.792ns = ( 14.792 - 10.000 ) 
    Source Clock Delay      (SCD):    0.000ns
    Clock Pessimism Removal (CPR):    0.000ns
  Clock Uncertainty:      0.035ns  ((TSJ^2 + TIJ^2)^1/2 + DJ) / 2 + PE
    Total System Jitter     (TSJ):    0.071ns
    Total Input Jitter      (TIJ):    0.000ns
    Discrete Jitter          (DJ):    0.000ns
    Phase Error              (PE):    0.000ns

    Location             Delay type                Incr(ns)  Path(ns)    Netlist Resource(s)
  -------------------------------------------------------------------    -------------------
                         (clock sys_clk_pin rise edge)
                                                      0.000     0.000 r  
                         input delay                  1.500     1.500    
    U18                                               0.000     1.500 f  reset (IN)
                         net (fo=0)                   0.000     1.500    reset
    U18                  IBUF (Prop_ibuf_I_O)         1.441     2.941 f  reset_IBUF_inst/O
                         net (fo=35, routed)          6.475     9.416    divisor/AR[0]
    SLICE_X48Y43         FDCE                                         f  divisor/counter_reg[19]/CLR
  -------------------------------------------------------------------    -------------------

                         (clock sys_clk_pin rise edge)
                                                     10.000    10.000 r  
    W5                                                0.000    10.000 r  clk (IN)
                         net (fo=0)                   0.000    10.000    clk
    W5                   IBUF (Prop_ibuf_I_O)         1.388    11.388 r  clk_IBUF_inst/O
                         net (fo=1, routed)           1.862    13.250    clk_IBUF
    BUFGCTRL_X0Y0        BUFG (Prop_bufg_I_O)         0.091    13.341 r  clk_IBUF_BUFG_inst/O
                         net (fo=128, routed)         1.451    14.792    divisor/CLK
    SLICE_X48Y43         FDCE                                         r  divisor/counter_reg[19]/C
                         clock pessimism              0.000    14.792    
                         clock uncertainty           -0.035    14.757    
    SLICE_X48Y43         FDCE (Recov_fdce_C_CLR)     -0.405    14.352    divisor/counter_reg[19]
  -------------------------------------------------------------------
                         required time                         14.352    
                         arrival time                          -9.416    
  -------------------------------------------------------------------
                         slack                                  4.936    

Slack (MET) :             4.946ns  (required time - arrival time)
  Source:                 reset
                            (input port clocked by sys_clk_pin  {rise@0.000ns fall@5.000ns period=10.000ns})
  Destination:            divisor/counter_reg[20]/CLR
                            (recovery check against rising-edge clock sys_clk_pin  {rise@0.000ns fall@5.000ns period=10.000ns})
  Path Group:             **async_default**
  Path Type:              Recovery (Max at Slow Process Corner)
  Requirement:            10.000ns  (sys_clk_pin rise@10.000ns - sys_clk_pin rise@0.000ns)
  Data Path Delay:        7.952ns  (logic 1.441ns (18.126%)  route 6.510ns (81.874%))
  Logic Levels:           1  (IBUF=1)
  Input Delay:            1.500ns
  Clock Path Skew:        4.793ns (DCD - SCD + CPR)
    Destination Clock Delay (DCD):    4.793ns = ( 14.793 - 10.000 ) 
    Source Clock Delay      (SCD):    0.000ns
    Clock Pessimism Removal (CPR):    0.000ns
  Clock Uncertainty:      0.035ns  ((TSJ^2 + TIJ^2)^1/2 + DJ) / 2 + PE
    Total System Jitter     (TSJ):    0.071ns
    Total Input Jitter      (TIJ):    0.000ns
    Discrete Jitter          (DJ):    0.000ns
    Phase Error              (PE):    0.000ns

    Location             Delay type                Incr(ns)  Path(ns)    Netlist Resource(s)
  -------------------------------------------------------------------    -------------------
                         (clock sys_clk_pin rise edge)
                                                      0.000     0.000 r  
                         input delay                  1.500     1.500    
    U18                                               0.000     1.500 f  reset (IN)
                         net (fo=0)                   0.000     1.500    reset
    U18                  IBUF (Prop_ibuf_I_O)         1.441     2.941 f  reset_IBUF_inst/O
                         net (fo=35, routed)          6.510     9.452    divisor/AR[0]
    SLICE_X50Y43         FDCE                                         f  divisor/counter_reg[20]/CLR
  -------------------------------------------------------------------    -------------------

                         (clock sys_clk_pin rise edge)
                                                     10.000    10.000 r  
    W5                                                0.000    10.000 r  clk (IN)
                         net (fo=0)                   0.000    10.000    clk
    W5                   IBUF (Prop_ibuf_I_O)         1.388    11.388 r  clk_IBUF_inst/O
                         net (fo=1, routed)           1.862    13.250    clk_IBUF
    BUFGCTRL_X0Y0        BUFG (Prop_bufg_I_O)         0.091    13.341 r  clk_IBUF_BUFG_inst/O
                         net (fo=128, routed)         1.452    14.793    divisor/CLK
    SLICE_X50Y43         FDCE                                         r  divisor/counter_reg[20]/C
                         clock pessimism              0.000    14.793    
                         clock uncertainty           -0.035    14.758    
    SLICE_X50Y43         FDCE (Recov_fdce_C_CLR)     -0.361    14.397    divisor/counter_reg[20]
  -------------------------------------------------------------------
                         required time                         14.397    
                         arrival time                          -9.452    
  -------------------------------------------------------------------
                         slack                                  4.946    





Min Delay Paths
--------------------------------------------------------------------------------------
Slack (MET) :             0.517ns  (arrival time - required time)
  Source:                 reset
                            (input port clocked by sys_clk_pin  {rise@0.000ns fall@5.000ns period=10.000ns})
  Destination:            Controle/FSM_onehot_estado_atual_reg[3]/CLR
                            (removal check against rising-edge clock sys_clk_pin  {rise@0.000ns fall@5.000ns period=10.000ns})
  Path Group:             **async_default**
  Path Type:              Removal (Min at Fast Process Corner)
  Requirement:            0.000ns  (sys_clk_pin rise@0.000ns - sys_clk_pin rise@0.000ns)
  Data Path Delay:        1.943ns  (logic 0.210ns (10.781%)  route 1.734ns (89.219%))
  Logic Levels:           1  (IBUF=1)
  Input Delay:            0.500ns
  Clock Path Skew:        1.983ns (DCD - SCD - CPR)
    Destination Clock Delay (DCD):    1.983ns
    Source Clock Delay      (SCD):    0.000ns
    Clock Pessimism Removal (CPR):    -0.000ns
  Clock Uncertainty:      0.035ns  ((TSJ^2 + TIJ^2)^1/2 + DJ) / 2 + PE
    Total System Jitter     (TSJ):    0.071ns
    Total Input Jitter      (TIJ):    0.000ns
    Discrete Jitter          (DJ):    0.000ns
    Phase Error              (PE):    0.000ns

    Location             Delay type                Incr(ns)  Path(ns)    Netlist Resource(s)
  -------------------------------------------------------------------    -------------------
                         (clock sys_clk_pin rise edge)
                                                      0.000     0.000 r  
                         input delay                  0.500     0.500    
    U18                                               0.000     0.500 f  reset (IN)
                         net (fo=0)                   0.000     0.500    reset
    U18                  IBUF (Prop_ibuf_I_O)         0.210     0.710 f  reset_IBUF_inst/O
                         net (fo=35, routed)          1.734     2.443    Controle/AR[0]
    SLICE_X1Y19          FDCE                                         f  Controle/FSM_onehot_estado_atual_reg[3]/CLR
  -------------------------------------------------------------------    -------------------

                         (clock sys_clk_pin rise edge)
                                                      0.000     0.000 r  
    W5                                                0.000     0.000 r  clk (IN)
                         net (fo=0)                   0.000     0.000    clk
    W5                   IBUF (Prop_ibuf_I_O)         0.414     0.414 r  clk_IBUF_inst/O
                         net (fo=1, routed)           0.685     1.099    clk_IBUF
    BUFGCTRL_X0Y0        BUFG (Prop_bufg_I_O)         0.029     1.128 r  clk_IBUF_BUFG_inst/O
                         net (fo=128, routed)         0.856     1.983    Controle/CLK
    SLICE_X1Y19          FDCE                                         r  Controle/FSM_onehot_estado_atual_reg[3]/C
                         clock pessimism              0.000     1.983    
                         clock uncertainty            0.035     2.019    
    SLICE_X1Y19          FDCE (Remov_fdce_C_CLR)     -0.092     1.927    Controle/FSM_onehot_estado_atual_reg[3]
  -------------------------------------------------------------------
                         required time                         -1.927    
                         arrival time                           2.443    
  -------------------------------------------------------------------
                         slack                                  0.517    

Slack (MET) :             0.517ns  (arrival time - required time)
  Source:                 reset
                            (input port clocked by sys_clk_pin  {rise@0.000ns fall@5.000ns period=10.000ns})
  Destination:            Controle/FSM_onehot_estado_atual_reg[4]/CLR
                            (removal check against rising-edge clock sys_clk_pin  {rise@0.000ns fall@5.000ns period=10.000ns})
  Path Group:             **async_default**
  Path Type:              Removal (Min at Fast Process Corner)
  Requirement:            0.000ns  (sys_clk_pin rise@0.000ns - sys_clk_pin rise@0.000ns)
  Data Path Delay:        1.943ns  (logic 0.210ns (10.781%)  route 1.734ns (89.219%))
  Logic Levels:           1  (IBUF=1)
  Input Delay:            0.500ns
  Clock Path Skew:        1.983ns (DCD - SCD - CPR)
    Destination Clock Delay (DCD):    1.983ns
    Source Clock Delay      (SCD):    0.000ns
    Clock Pessimism Removal (CPR):    -0.000ns
  Clock Uncertainty:      0.035ns  ((TSJ^2 + TIJ^2)^1/2 + DJ) / 2 + PE
    Total System Jitter     (TSJ):    0.071ns
    Total Input Jitter      (TIJ):    0.000ns
    Discrete Jitter          (DJ):    0.000ns
    Phase Error              (PE):    0.000ns

    Location             Delay type                Incr(ns)  Path(ns)    Netlist Resource(s)
  -------------------------------------------------------------------    -------------------
                         (clock sys_clk_pin rise edge)
                                                      0.000     0.000 r  
                         input delay                  0.500     0.500    
    U18                                               0.000     0.500 f  reset (IN)
                         net (fo=0)                   0.000     0.500    reset
    U18                  IBUF (Prop_ibuf_I_O)         0.210     0.710 f  reset_IBUF_inst/O
                         net (fo=35, routed)          1.734     2.443    Controle/AR[0]
    SLICE_X1Y19          FDCE                                         f  Controle/FSM_onehot_estado_atual_reg[4]/CLR
  -------------------------------------------------------------------    -------------------

                         (clock sys_clk_pin rise edge)
                                                      0.000     0.000 r  
    W5                                                0.000     0.000 r  clk (IN)
                         net (fo=0)                   0.000     0.000    clk
    W5                   IBUF (Prop_ibuf_I_O)         0.414     0.414 r  clk_IBUF_inst/O
                         net (fo=1, routed)           0.685     1.099    clk_IBUF
    BUFGCTRL_X0Y0        BUFG (Prop_bufg_I_O)         0.029     1.128 r  clk_IBUF_BUFG_inst/O
                         net (fo=128, routed)         0.856     1.983    Controle/CLK
    SLICE_X1Y19          FDCE                                         r  Controle/FSM_onehot_estado_atual_reg[4]/C
                         clock pessimism              0.000     1.983    
                         clock uncertainty            0.035     2.019    
    SLICE_X1Y19          FDCE (Remov_fdce_C_CLR)     -0.092     1.927    Controle/FSM_onehot_estado_atual_reg[4]
  -------------------------------------------------------------------
                         required time                         -1.927    
                         arrival time                           2.443    
  -------------------------------------------------------------------
                         slack                                  0.517    

Slack (MET) :             0.517ns  (arrival time - required time)
  Source:                 reset
                            (input port clocked by sys_clk_pin  {rise@0.000ns fall@5.000ns period=10.000ns})
  Destination:            Controle/FSM_onehot_estado_atual_reg[5]/CLR
                            (removal check against rising-edge clock sys_clk_pin  {rise@0.000ns fall@5.000ns period=10.000ns})
  Path Group:             **async_default**
  Path Type:              Removal (Min at Fast Process Corner)
  Requirement:            0.000ns  (sys_clk_pin rise@0.000ns - sys_clk_pin rise@0.000ns)
  Data Path Delay:        1.943ns  (logic 0.210ns (10.781%)  route 1.734ns (89.219%))
  Logic Levels:           1  (IBUF=1)
  Input Delay:            0.500ns
  Clock Path Skew:        1.983ns (DCD - SCD - CPR)
    Destination Clock Delay (DCD):    1.983ns
    Source Clock Delay      (SCD):    0.000ns
    Clock Pessimism Removal (CPR):    -0.000ns
  Clock Uncertainty:      0.035ns  ((TSJ^2 + TIJ^2)^1/2 + DJ) / 2 + PE
    Total System Jitter     (TSJ):    0.071ns
    Total Input Jitter      (TIJ):    0.000ns
    Discrete Jitter          (DJ):    0.000ns
    Phase Error              (PE):    0.000ns

    Location             Delay type                Incr(ns)  Path(ns)    Netlist Resource(s)
  -------------------------------------------------------------------    -------------------
                         (clock sys_clk_pin rise edge)
                                                      0.000     0.000 r  
                         input delay                  0.500     0.500    
    U18                                               0.000     0.500 f  reset (IN)
                         net (fo=0)                   0.000     0.500    reset
    U18                  IBUF (Prop_ibuf_I_O)         0.210     0.710 f  reset_IBUF_inst/O
                         net (fo=35, routed)          1.734     2.443    Controle/AR[0]
    SLICE_X1Y19          FDCE                                         f  Controle/FSM_onehot_estado_atual_reg[5]/CLR
  -------------------------------------------------------------------    -------------------

                         (clock sys_clk_pin rise edge)
                                                      0.000     0.000 r  
    W5                                                0.000     0.000 r  clk (IN)
                         net (fo=0)                   0.000     0.000    clk
    W5                   IBUF (Prop_ibuf_I_O)         0.414     0.414 r  clk_IBUF_inst/O
                         net (fo=1, routed)           0.685     1.099    clk_IBUF
    BUFGCTRL_X0Y0        BUFG (Prop_bufg_I_O)         0.029     1.128 r  clk_IBUF_BUFG_inst/O
                         net (fo=128, routed)         0.856     1.983    Controle/CLK
    SLICE_X1Y19          FDCE                                         r  Controle/FSM_onehot_estado_atual_reg[5]/C
                         clock pessimism              0.000     1.983    
                         clock uncertainty            0.035     2.019    
    SLICE_X1Y19          FDCE (Remov_fdce_C_CLR)     -0.092     1.927    Controle/FSM_onehot_estado_atual_reg[5]
  -------------------------------------------------------------------
                         required time                         -1.927    
                         arrival time                           2.443    
  -------------------------------------------------------------------
                         slack                                  0.517    

Slack (MET) :             0.517ns  (arrival time - required time)
  Source:                 reset
                            (input port clocked by sys_clk_pin  {rise@0.000ns fall@5.000ns period=10.000ns})
  Destination:            Controle/FSM_onehot_estado_atual_reg[6]/CLR
                            (removal check against rising-edge clock sys_clk_pin  {rise@0.000ns fall@5.000ns period=10.000ns})
  Path Group:             **async_default**
  Path Type:              Removal (Min at Fast Process Corner)
  Requirement:            0.000ns  (sys_clk_pin rise@0.000ns - sys_clk_pin rise@0.000ns)
  Data Path Delay:        1.943ns  (logic 0.210ns (10.781%)  route 1.734ns (89.219%))
  Logic Levels:           1  (IBUF=1)
  Input Delay:            0.500ns
  Clock Path Skew:        1.983ns (DCD - SCD - CPR)
    Destination Clock Delay (DCD):    1.983ns
    Source Clock Delay      (SCD):    0.000ns
    Clock Pessimism Removal (CPR):    -0.000ns
  Clock Uncertainty:      0.035ns  ((TSJ^2 + TIJ^2)^1/2 + DJ) / 2 + PE
    Total System Jitter     (TSJ):    0.071ns
    Total Input Jitter      (TIJ):    0.000ns
    Discrete Jitter          (DJ):    0.000ns
    Phase Error              (PE):    0.000ns

    Location             Delay type                Incr(ns)  Path(ns)    Netlist Resource(s)
  -------------------------------------------------------------------    -------------------
                         (clock sys_clk_pin rise edge)
                                                      0.000     0.000 r  
                         input delay                  0.500     0.500    
    U18                                               0.000     0.500 f  reset (IN)
                         net (fo=0)                   0.000     0.500    reset
    U18                  IBUF (Prop_ibuf_I_O)         0.210     0.710 f  reset_IBUF_inst/O
                         net (fo=35, routed)          1.734     2.443    Controle/AR[0]
    SLICE_X1Y19          FDCE                                         f  Controle/FSM_onehot_estado_atual_reg[6]/CLR
  -------------------------------------------------------------------    -------------------

                         (clock sys_clk_pin rise edge)
                                                      0.000     0.000 r  
    W5                                                0.000     0.000 r  clk (IN)
                         net (fo=0)                   0.000     0.000    clk
    W5                   IBUF (Prop_ibuf_I_O)         0.414     0.414 r  clk_IBUF_inst/O
                         net (fo=1, routed)           0.685     1.099    clk_IBUF
    BUFGCTRL_X0Y0        BUFG (Prop_bufg_I_O)         0.029     1.128 r  clk_IBUF_BUFG_inst/O
                         net (fo=128, routed)         0.856     1.983    Controle/CLK
    SLICE_X1Y19          FDCE                                         r  Controle/FSM_onehot_estado_atual_reg[6]/C
                         clock pessimism              0.000     1.983    
                         clock uncertainty            0.035     2.019    
    SLICE_X1Y19          FDCE (Remov_fdce_C_CLR)     -0.092     1.927    Controle/FSM_onehot_estado_atual_reg[6]
  -------------------------------------------------------------------
                         required time                         -1.927    
                         arrival time                           2.443    
  -------------------------------------------------------------------
                         slack                                  0.517    

Slack (MET) :             0.537ns  (arrival time - required time)
  Source:                 reset
                            (input port clocked by sys_clk_pin  {rise@0.000ns fall@5.000ns period=10.000ns})
  Destination:            Controle/FSM_onehot_estado_atual_reg[1]/CLR
                            (removal check against rising-edge clock sys_clk_pin  {rise@0.000ns fall@5.000ns period=10.000ns})
  Path Group:             **async_default**
  Path Type:              Removal (Min at Fast Process Corner)
  Requirement:            0.000ns  (sys_clk_pin rise@0.000ns - sys_clk_pin rise@0.000ns)
  Data Path Delay:        1.956ns  (logic 0.210ns (10.710%)  route 1.747ns (89.290%))
  Logic Levels:           1  (IBUF=1)
  Input Delay:            0.500ns
  Clock Path Skew:        1.976ns (DCD - SCD - CPR)
    Destination Clock Delay (DCD):    1.976ns
    Source Clock Delay      (SCD):    0.000ns
    Clock Pessimism Removal (CPR):    -0.000ns
  Clock Uncertainty:      0.035ns  ((TSJ^2 + TIJ^2)^1/2 + DJ) / 2 + PE
    Total System Jitter     (TSJ):    0.071ns
    Total Input Jitter      (TIJ):    0.000ns
    Discrete Jitter          (DJ):    0.000ns
    Phase Error              (PE):    0.000ns

    Location             Delay type                Incr(ns)  Path(ns)    Netlist Resource(s)
  -------------------------------------------------------------------    -------------------
                         (clock sys_clk_pin rise edge)
                                                      0.000     0.000 r  
                         input delay                  0.500     0.500    
    U18                                               0.000     0.500 f  reset (IN)
                         net (fo=0)                   0.000     0.500    reset
    U18                  IBUF (Prop_ibuf_I_O)         0.210     0.710 f  reset_IBUF_inst/O
                         net (fo=35, routed)          1.747     2.456    Controle/AR[0]
    SLICE_X7Y26          FDCE                                         f  Controle/FSM_onehot_estado_atual_reg[1]/CLR
  -------------------------------------------------------------------    -------------------

                         (clock sys_clk_pin rise edge)
                                                      0.000     0.000 r  
    W5                                                0.000     0.000 r  clk (IN)
                         net (fo=0)                   0.000     0.000    clk
    W5                   IBUF (Prop_ibuf_I_O)         0.414     0.414 r  clk_IBUF_inst/O
                         net (fo=1, routed)           0.685     1.099    clk_IBUF
    BUFGCTRL_X0Y0        BUFG (Prop_bufg_I_O)         0.029     1.128 r  clk_IBUF_BUFG_inst/O
                         net (fo=128, routed)         0.849     1.976    Controle/CLK
    SLICE_X7Y26          FDCE                                         r  Controle/FSM_onehot_estado_atual_reg[1]/C
                         clock pessimism              0.000     1.976    
                         clock uncertainty            0.035     2.012    
    SLICE_X7Y26          FDCE (Remov_fdce_C_CLR)     -0.092     1.920    Controle/FSM_onehot_estado_atual_reg[1]
  -------------------------------------------------------------------
                         required time                         -1.920    
                         arrival time                           2.456    
  -------------------------------------------------------------------
                         slack                                  0.537    

Slack (MET) :             0.540ns  (arrival time - required time)
  Source:                 reset
                            (input port clocked by sys_clk_pin  {rise@0.000ns fall@5.000ns period=10.000ns})
  Destination:            Controle/FSM_onehot_estado_atual_reg[0]/PRE
                            (removal check against rising-edge clock sys_clk_pin  {rise@0.000ns fall@5.000ns period=10.000ns})
  Path Group:             **async_default**
  Path Type:              Removal (Min at Fast Process Corner)
  Requirement:            0.000ns  (sys_clk_pin rise@0.000ns - sys_clk_pin rise@0.000ns)
  Data Path Delay:        1.956ns  (logic 0.210ns (10.710%)  route 1.747ns (89.290%))
  Logic Levels:           1  (IBUF=1)
  Input Delay:            0.500ns
  Clock Path Skew:        1.976ns (DCD - SCD - CPR)
    Destination Clock Delay (DCD):    1.976ns
    Source Clock Delay      (SCD):    0.000ns
    Clock Pessimism Removal (CPR):    -0.000ns
  Clock Uncertainty:      0.035ns  ((TSJ^2 + TIJ^2)^1/2 + DJ) / 2 + PE
    Total System Jitter     (TSJ):    0.071ns
    Total Input Jitter      (TIJ):    0.000ns
    Discrete Jitter          (DJ):    0.000ns
    Phase Error              (PE):    0.000ns

    Location             Delay type                Incr(ns)  Path(ns)    Netlist Resource(s)
  -------------------------------------------------------------------    -------------------
                         (clock sys_clk_pin rise edge)
                                                      0.000     0.000 r  
                         input delay                  0.500     0.500    
    U18                                               0.000     0.500 f  reset (IN)
                         net (fo=0)                   0.000     0.500    reset
    U18                  IBUF (Prop_ibuf_I_O)         0.210     0.710 f  reset_IBUF_inst/O
                         net (fo=35, routed)          1.747     2.456    Controle/AR[0]
    SLICE_X7Y26          FDPE                                         f  Controle/FSM_onehot_estado_atual_reg[0]/PRE
  -------------------------------------------------------------------    -------------------

                         (clock sys_clk_pin rise edge)
                                                      0.000     0.000 r  
    W5                                                0.000     0.000 r  clk (IN)
                         net (fo=0)                   0.000     0.000    clk
    W5                   IBUF (Prop_ibuf_I_O)         0.414     0.414 r  clk_IBUF_inst/O
                         net (fo=1, routed)           0.685     1.099    clk_IBUF
    BUFGCTRL_X0Y0        BUFG (Prop_bufg_I_O)         0.029     1.128 r  clk_IBUF_BUFG_inst/O
                         net (fo=128, routed)         0.849     1.976    Controle/CLK
    SLICE_X7Y26          FDPE                                         r  Controle/FSM_onehot_estado_atual_reg[0]/C
                         clock pessimism              0.000     1.976    
                         clock uncertainty            0.035     2.012    
    SLICE_X7Y26          FDPE (Remov_fdpe_C_PRE)     -0.095     1.917    Controle/FSM_onehot_estado_atual_reg[0]
  -------------------------------------------------------------------
                         required time                         -1.917    
                         arrival time                           2.456    
  -------------------------------------------------------------------
                         slack                                  0.540    

Slack (MET) :             0.543ns  (arrival time - required time)
  Source:                 Controle/FSM_onehot_estado_atual_reg[0]/C
                            (rising edge-triggered cell FDPE clocked by sys_clk_pin  {rise@0.000ns fall@5.000ns period=10.000ns})
  Destination:            BlocoOpera/avg_reg[2]/CLR
                            (removal check against rising-edge clock sys_clk_pin  {rise@0.000ns fall@5.000ns period=10.000ns})
  Path Group:             **async_default**
  Path Type:              Removal (Min at Fast Process Corner)
  Requirement:            0.000ns  (sys_clk_pin rise@0.000ns - sys_clk_pin rise@0.000ns)
  Data Path Delay:        0.491ns  (logic 0.141ns (28.733%)  route 0.350ns (71.267%))
  Logic Levels:           0  
  Clock Path Skew:        0.040ns (DCD - SCD - CPR)
    Destination Clock Delay (DCD):    1.982ns
    Source Clock Delay      (SCD):    1.464ns
    Clock Pessimism Removal (CPR):    0.478ns

    Location             Delay type                Incr(ns)  Path(ns)    Netlist Resource(s)
  -------------------------------------------------------------------    -------------------
                         (clock sys_clk_pin rise edge)
                                                      0.000     0.000 r  
    W5                                                0.000     0.000 r  clk (IN)
                         net (fo=0)                   0.000     0.000    clk
    W5                   IBUF (Prop_ibuf_I_O)         0.226     0.226 r  clk_IBUF_inst/O
                         net (fo=1, routed)           0.631     0.858    clk_IBUF
    BUFGCTRL_X0Y0        BUFG (Prop_bufg_I_O)         0.026     0.884 r  clk_IBUF_BUFG_inst/O
                         net (fo=128, routed)         0.581     1.464    Controle/CLK
    SLICE_X7Y26          FDPE                                         r  Controle/FSM_onehot_estado_atual_reg[0]/C
  -------------------------------------------------------------------    -------------------
    SLICE_X7Y26          FDPE (Prop_fdpe_C_Q)         0.141     1.605 f  Controle/FSM_onehot_estado_atual_reg[0]/Q
                         net (fo=88, routed)          0.350     1.955    BlocoOpera/div_reg[6]_0[0]
    SLICE_X1Y20          FDCE                                         f  BlocoOpera/avg_reg[2]/CLR
  -------------------------------------------------------------------    -------------------

                         (clock sys_clk_pin rise edge)
                                                      0.000     0.000 r  
    W5                                                0.000     0.000 r  clk (IN)
                         net (fo=0)                   0.000     0.000    clk
    W5                   IBUF (Prop_ibuf_I_O)         0.414     0.414 r  clk_IBUF_inst/O
                         net (fo=1, routed)           0.685     1.099    clk_IBUF
    BUFGCTRL_X0Y0        BUFG (Prop_bufg_I_O)         0.029     1.128 r  clk_IBUF_BUFG_inst/O
                         net (fo=128, routed)         0.855     1.982    BlocoOpera/clk_IBUF_BUFG
    SLICE_X1Y20          FDCE                                         r  BlocoOpera/avg_reg[2]/C
                         clock pessimism             -0.478     1.504    
    SLICE_X1Y20          FDCE (Remov_fdce_C_CLR)     -0.092     1.412    BlocoOpera/avg_reg[2]
  -------------------------------------------------------------------
                         required time                         -1.412    
                         arrival time                           1.955    
  -------------------------------------------------------------------
                         slack                                  0.543    

Slack (MET) :             0.569ns  (arrival time - required time)
  Source:                 Controle/FSM_onehot_estado_atual_reg[0]/C
                            (rising edge-triggered cell FDPE clocked by sys_clk_pin  {rise@0.000ns fall@5.000ns period=10.000ns})
  Destination:            BlocoOpera/div_reg[2]/CLR
                            (removal check against rising-edge clock sys_clk_pin  {rise@0.000ns fall@5.000ns period=10.000ns})
  Path Group:             **async_default**
  Path Type:              Removal (Min at Fast Process Corner)
  Requirement:            0.000ns  (sys_clk_pin rise@0.000ns - sys_clk_pin rise@0.000ns)
  Data Path Delay:        0.543ns  (logic 0.141ns (25.978%)  route 0.402ns (74.022%))
  Logic Levels:           0  
  Clock Path Skew:        0.041ns (DCD - SCD - CPR)
    Destination Clock Delay (DCD):    1.983ns
    Source Clock Delay      (SCD):    1.464ns
    Clock Pessimism Removal (CPR):    0.478ns

    Location             Delay type                Incr(ns)  Path(ns)    Netlist Resource(s)
  -------------------------------------------------------------------    -------------------
                         (clock sys_clk_pin rise edge)
                                                      0.000     0.000 r  
    W5                                                0.000     0.000 r  clk (IN)
                         net (fo=0)                   0.000     0.000    clk
    W5                   IBUF (Prop_ibuf_I_O)         0.226     0.226 r  clk_IBUF_inst/O
                         net (fo=1, routed)           0.631     0.858    clk_IBUF
    BUFGCTRL_X0Y0        BUFG (Prop_bufg_I_O)         0.026     0.884 r  clk_IBUF_BUFG_inst/O
                         net (fo=128, routed)         0.581     1.464    Controle/CLK
    SLICE_X7Y26          FDPE                                         r  Controle/FSM_onehot_estado_atual_reg[0]/C
  -------------------------------------------------------------------    -------------------
    SLICE_X7Y26          FDPE (Prop_fdpe_C_Q)         0.141     1.605 f  Controle/FSM_onehot_estado_atual_reg[0]/Q
                         net (fo=88, routed)          0.402     2.007    BlocoOpera/div_reg[6]_0[0]
    SLICE_X2Y19          FDCE                                         f  BlocoOpera/div_reg[2]/CLR
  -------------------------------------------------------------------    -------------------

                         (clock sys_clk_pin rise edge)
                                                      0.000     0.000 r  
    W5                                                0.000     0.000 r  clk (IN)
                         net (fo=0)                   0.000     0.000    clk
    W5                   IBUF (Prop_ibuf_I_O)         0.414     0.414 r  clk_IBUF_inst/O
                         net (fo=1, routed)           0.685     1.099    clk_IBUF
    BUFGCTRL_X0Y0        BUFG (Prop_bufg_I_O)         0.029     1.128 r  clk_IBUF_BUFG_inst/O
                         net (fo=128, routed)         0.856     1.983    BlocoOpera/clk_IBUF_BUFG
    SLICE_X2Y19          FDCE                                         r  BlocoOpera/div_reg[2]/C
                         clock pessimism             -0.478     1.505    
    SLICE_X2Y19          FDCE (Remov_fdce_C_CLR)     -0.067     1.438    BlocoOpera/div_reg[2]
  -------------------------------------------------------------------
                         required time                         -1.438    
                         arrival time                           2.007    
  -------------------------------------------------------------------
                         slack                                  0.569    

Slack (MET) :             0.569ns  (arrival time - required time)
  Source:                 Controle/FSM_onehot_estado_atual_reg[0]/C
                            (rising edge-triggered cell FDPE clocked by sys_clk_pin  {rise@0.000ns fall@5.000ns period=10.000ns})
  Destination:            BlocoOpera/div_reg[3]/CLR
                            (removal check against rising-edge clock sys_clk_pin  {rise@0.000ns fall@5.000ns period=10.000ns})
  Path Group:             **async_default**
  Path Type:              Removal (Min at Fast Process Corner)
  Requirement:            0.000ns  (sys_clk_pin rise@0.000ns - sys_clk_pin rise@0.000ns)
  Data Path Delay:        0.543ns  (logic 0.141ns (25.978%)  route 0.402ns (74.022%))
  Logic Levels:           0  
  Clock Path Skew:        0.041ns (DCD - SCD - CPR)
    Destination Clock Delay (DCD):    1.983ns
    Source Clock Delay      (SCD):    1.464ns
    Clock Pessimism Removal (CPR):    0.478ns

    Location             Delay type                Incr(ns)  Path(ns)    Netlist Resource(s)
  -------------------------------------------------------------------    -------------------
                         (clock sys_clk_pin rise edge)
                                                      0.000     0.000 r  
    W5                                                0.000     0.000 r  clk (IN)
                         net (fo=0)                   0.000     0.000    clk
    W5                   IBUF (Prop_ibuf_I_O)         0.226     0.226 r  clk_IBUF_inst/O
                         net (fo=1, routed)           0.631     0.858    clk_IBUF
    BUFGCTRL_X0Y0        BUFG (Prop_bufg_I_O)         0.026     0.884 r  clk_IBUF_BUFG_inst/O
                         net (fo=128, routed)         0.581     1.464    Controle/CLK
    SLICE_X7Y26          FDPE                                         r  Controle/FSM_onehot_estado_atual_reg[0]/C
  -------------------------------------------------------------------    -------------------
    SLICE_X7Y26          FDPE (Prop_fdpe_C_Q)         0.141     1.605 f  Controle/FSM_onehot_estado_atual_reg[0]/Q
                         net (fo=88, routed)          0.402     2.007    BlocoOpera/div_reg[6]_0[0]
    SLICE_X2Y19          FDCE                                         f  BlocoOpera/div_reg[3]/CLR
  -------------------------------------------------------------------    -------------------

                         (clock sys_clk_pin rise edge)
                                                      0.000     0.000 r  
    W5                                                0.000     0.000 r  clk (IN)
                         net (fo=0)                   0.000     0.000    clk
    W5                   IBUF (Prop_ibuf_I_O)         0.414     0.414 r  clk_IBUF_inst/O
                         net (fo=1, routed)           0.685     1.099    clk_IBUF
    BUFGCTRL_X0Y0        BUFG (Prop_bufg_I_O)         0.029     1.128 r  clk_IBUF_BUFG_inst/O
                         net (fo=128, routed)         0.856     1.983    BlocoOpera/clk_IBUF_BUFG
    SLICE_X2Y19          FDCE                                         r  BlocoOpera/div_reg[3]/C
                         clock pessimism             -0.478     1.505    
    SLICE_X2Y19          FDCE (Remov_fdce_C_CLR)     -0.067     1.438    BlocoOpera/div_reg[3]
  -------------------------------------------------------------------
                         required time                         -1.438    
                         arrival time                           2.007    
  -------------------------------------------------------------------
                         slack                                  0.569    

Slack (MET) :             0.569ns  (arrival time - required time)
  Source:                 Controle/FSM_onehot_estado_atual_reg[0]/C
                            (rising edge-triggered cell FDPE clocked by sys_clk_pin  {rise@0.000ns fall@5.000ns period=10.000ns})
  Destination:            BlocoOpera/div_reg[4]/CLR
                            (removal check against rising-edge clock sys_clk_pin  {rise@0.000ns fall@5.000ns period=10.000ns})
  Path Group:             **async_default**
  Path Type:              Removal (Min at Fast Process Corner)
  Requirement:            0.000ns  (sys_clk_pin rise@0.000ns - sys_clk_pin rise@0.000ns)
  Data Path Delay:        0.543ns  (logic 0.141ns (25.978%)  route 0.402ns (74.022%))
  Logic Levels:           0  
  Clock Path Skew:        0.041ns (DCD - SCD - CPR)
    Destination Clock Delay (DCD):    1.983ns
    Source Clock Delay      (SCD):    1.464ns
    Clock Pessimism Removal (CPR):    0.478ns

    Location             Delay type                Incr(ns)  Path(ns)    Netlist Resource(s)
  -------------------------------------------------------------------    -------------------
                         (clock sys_clk_pin rise edge)
                                                      0.000     0.000 r  
    W5                                                0.000     0.000 r  clk (IN)
                         net (fo=0)                   0.000     0.000    clk
    W5                   IBUF (Prop_ibuf_I_O)         0.226     0.226 r  clk_IBUF_inst/O
                         net (fo=1, routed)           0.631     0.858    clk_IBUF
    BUFGCTRL_X0Y0        BUFG (Prop_bufg_I_O)         0.026     0.884 r  clk_IBUF_BUFG_inst/O
                         net (fo=128, routed)         0.581     1.464    Controle/CLK
    SLICE_X7Y26          FDPE                                         r  Controle/FSM_onehot_estado_atual_reg[0]/C
  -------------------------------------------------------------------    -------------------
    SLICE_X7Y26          FDPE (Prop_fdpe_C_Q)         0.141     1.605 f  Controle/FSM_onehot_estado_atual_reg[0]/Q
                         net (fo=88, routed)          0.402     2.007    BlocoOpera/div_reg[6]_0[0]
    SLICE_X2Y19          FDCE                                         f  BlocoOpera/div_reg[4]/CLR
  -------------------------------------------------------------------    -------------------

                         (clock sys_clk_pin rise edge)
                                                      0.000     0.000 r  
    W5                                                0.000     0.000 r  clk (IN)
                         net (fo=0)                   0.000     0.000    clk
    W5                   IBUF (Prop_ibuf_I_O)         0.414     0.414 r  clk_IBUF_inst/O
                         net (fo=1, routed)           0.685     1.099    clk_IBUF
    BUFGCTRL_X0Y0        BUFG (Prop_bufg_I_O)         0.029     1.128 r  clk_IBUF_BUFG_inst/O
                         net (fo=128, routed)         0.856     1.983    BlocoOpera/clk_IBUF_BUFG
    SLICE_X2Y19          FDCE                                         r  BlocoOpera/div_reg[4]/C
                         clock pessimism             -0.478     1.505    
    SLICE_X2Y19          FDCE (Remov_fdce_C_CLR)     -0.067     1.438    BlocoOpera/div_reg[4]
  -------------------------------------------------------------------
                         required time                         -1.438    
                         arrival time                           2.007    
  -------------------------------------------------------------------
                         slack                                  0.569    





