Copyright 1986-2022 Xilinx, Inc. All Rights Reserved. Copyright 2022-2023 Advanced Micro Devices, Inc. All Rights Reserved.
---------------------------------------------------------------------------------------------------------------------------------------------------------------------------------------------------------------------------
| Tool Version : Vivado v.2023.1 (win64) Build 3865809 Sun May  7 15:05:29 MDT 2023
| Date         : Sat Oct  7 17:04:12 2023
| Host         : DESKTOP-8GM2R40 running 64-bit major release  (build 9200)
| Command      : report_timing_summary -max_paths 10 -report_unconstrained -file Top_module_timing_summary_routed.rpt -pb Top_module_timing_summary_routed.pb -rpx Top_module_timing_summary_routed.rpx -warn_on_violation
| Design       : Top_module
| Device       : 7a35t-cpg236
| Speed File   : -1  PRODUCTION 1.23 2018-06-13
| Design State : Routed
---------------------------------------------------------------------------------------------------------------------------------------------------------------------------------------------------------------------------

Timing Summary Report

------------------------------------------------------------------------------------------------
| Timer Settings
| --------------
------------------------------------------------------------------------------------------------

  Enable Multi Corner Analysis               :  Yes
  Enable Pessimism Removal                   :  Yes
  Pessimism Removal Resolution               :  Nearest Common Node
  Enable Input Delay Default Clock           :  No
  Enable Preset / Clear Arcs                 :  No
  Disable Flight Delays                      :  No
  Ignore I/O Paths                           :  No
  Timing Early Launch at Borrowing Latches   :  No
  Borrow Time for Max Delay Exceptions       :  Yes
  Merge Timing Exceptions                    :  Yes

  Corner  Analyze    Analyze    
  Name    Max Paths  Min Paths  
  ------  ---------  ---------  
  Slow    Yes        Yes        
  Fast    Yes        Yes        


------------------------------------------------------------------------------------------------
| Report Methodology
| ------------------
------------------------------------------------------------------------------------------------

Rule       Severity          Description                    Violations  
---------  ----------------  -----------------------------  ----------  
TIMING-17  Critical Warning  Non-clocked sequential cell    4           
TIMING-18  Warning           Missing input or output delay  1           

Note: This report is based on the most recent report_methodology run and may not be up-to-date. Run report_methodology on the current design for the latest report.



check_timing report

Table of Contents
-----------------
1. checking no_clock (4)
2. checking constant_clock (0)
3. checking pulse_width_clock (0)
4. checking unconstrained_internal_endpoints (8)
5. checking no_input_delay (3)
6. checking no_output_delay (2)
7. checking multiple_clock (0)
8. checking generated_clocks (0)
9. checking loops (0)
10. checking partial_input_delay (0)
11. checking partial_output_delay (0)
12. checking latch_loops (0)

1. checking no_clock (4)
------------------------
 There are 4 register/latch pins with no clock driven by root clock pin: clok/clockdiv_reg/Q (HIGH)


2. checking constant_clock (0)
------------------------------
 There are 0 register/latch pins with constant_clock.


3. checking pulse_width_clock (0)
---------------------------------
 There are 0 register/latch pins which need pulse_width check


4. checking unconstrained_internal_endpoints (8)
------------------------------------------------
 There are 8 pins that are not constrained for maximum delay. (HIGH)

 There are 0 pins that are not constrained for maximum delay due to constant clock.


5. checking no_input_delay (3)
------------------------------
 There are 3 input ports with no input delay specified. (HIGH)

 There are 0 input ports with no input delay but user has a false path constraint.


6. checking no_output_delay (2)
-------------------------------
 There are 2 ports with no output delay specified. (HIGH)

 There are 0 ports with no output delay but user has a false path constraint

 There are 0 ports with no output delay but with a timing clock defined on it or propagating through it


7. checking multiple_clock (0)
------------------------------
 There are 0 register/latch pins with multiple clocks.


8. checking generated_clocks (0)
--------------------------------
 There are 0 generated clocks that are not connected to a clock source.


9. checking loops (0)
---------------------
 There are 0 combinational loops in the design.


10. checking partial_input_delay (0)
------------------------------------
 There are 0 input ports with partial input delay specified.


11. checking partial_output_delay (0)
-------------------------------------
 There are 0 ports with partial output delay specified.


12. checking latch_loops (0)
----------------------------
 There are 0 combinational latch loops in the design through latch input



------------------------------------------------------------------------------------------------
| Design Timing Summary
| ---------------------
------------------------------------------------------------------------------------------------

    WNS(ns)      TNS(ns)  TNS Failing Endpoints  TNS Total Endpoints      WHS(ns)      THS(ns)  THS Failing Endpoints  THS Total Endpoints     WPWS(ns)     TPWS(ns)  TPWS Failing Endpoints  TPWS Total Endpoints  
    -------      -------  ---------------------  -------------------      -------      -------  ---------------------  -------------------     --------     --------  ----------------------  --------------------  
      5.830        0.000                      0                   29        0.230        0.000                      0                   29        4.500        0.000                       0                    30  


All user specified timing constraints are met.


------------------------------------------------------------------------------------------------
| Clock Summary
| -------------
------------------------------------------------------------------------------------------------

Clock        Waveform(ns)       Period(ns)      Frequency(MHz)
-----        ------------       ----------      --------------
sys_clk_pin  {0.000 5.000}      10.000          100.000         


------------------------------------------------------------------------------------------------
| Intra Clock Table
| -----------------
------------------------------------------------------------------------------------------------

Clock             WNS(ns)      TNS(ns)  TNS Failing Endpoints  TNS Total Endpoints      WHS(ns)      THS(ns)  THS Failing Endpoints  THS Total Endpoints     WPWS(ns)     TPWS(ns)  TPWS Failing Endpoints  TPWS Total Endpoints  
-----             -------      -------  ---------------------  -------------------      -------      -------  ---------------------  -------------------     --------     --------  ----------------------  --------------------  
sys_clk_pin         5.830        0.000                      0                   29        0.230        0.000                      0                   29        4.500        0.000                       0                    30  


------------------------------------------------------------------------------------------------
| Inter Clock Table
| -----------------
------------------------------------------------------------------------------------------------

From Clock    To Clock          WNS(ns)      TNS(ns)  TNS Failing Endpoints  TNS Total Endpoints      WHS(ns)      THS(ns)  THS Failing Endpoints  THS Total Endpoints  
----------    --------          -------      -------  ---------------------  -------------------      -------      -------  ---------------------  -------------------  


------------------------------------------------------------------------------------------------
| Other Path Groups Table
| -----------------------
------------------------------------------------------------------------------------------------

Path Group    From Clock    To Clock          WNS(ns)      TNS(ns)  TNS Failing Endpoints  TNS Total Endpoints      WHS(ns)      THS(ns)  THS Failing Endpoints  THS Total Endpoints  
----------    ----------    --------          -------      -------  ---------------------  -------------------      -------      -------  ---------------------  -------------------  


------------------------------------------------------------------------------------------------
| User Ignored Path Table
| -----------------------
------------------------------------------------------------------------------------------------

Path Group    From Clock    To Clock    
----------    ----------    --------    


------------------------------------------------------------------------------------------------
| Unconstrained Path Table
| ------------------------
------------------------------------------------------------------------------------------------

Path Group    From Clock    To Clock    
----------    ----------    --------    
(none)                                    
(none)                      sys_clk_pin   


------------------------------------------------------------------------------------------------
| Timing Details
| --------------
------------------------------------------------------------------------------------------------


---------------------------------------------------------------------------------------------------
From Clock:  sys_clk_pin
  To Clock:  sys_clk_pin

Setup :            0  Failing Endpoints,  Worst Slack        5.830ns,  Total Violation        0.000ns
Hold  :            0  Failing Endpoints,  Worst Slack        0.230ns,  Total Violation        0.000ns
PW    :            0  Failing Endpoints,  Worst Slack        4.500ns,  Total Violation        0.000ns
---------------------------------------------------------------------------------------------------


Max Delay Paths
--------------------------------------------------------------------------------------
Slack (MET) :             5.830ns  (required time - arrival time)
  Source:                 clok/counter_reg[0]/C
                            (rising edge-triggered cell FDCE clocked by sys_clk_pin  {rise@0.000ns fall@5.000ns period=10.000ns})
  Destination:            clok/counter_reg[25]/D
                            (rising edge-triggered cell FDCE clocked by sys_clk_pin  {rise@0.000ns fall@5.000ns period=10.000ns})
  Path Group:             sys_clk_pin
  Path Type:              Setup (Max at Slow Process Corner)
  Requirement:            10.000ns  (sys_clk_pin rise@10.000ns - sys_clk_pin rise@0.000ns)
  Data Path Delay:        4.139ns  (logic 2.127ns (51.395%)  route 2.012ns (48.605%))
  Logic Levels:           8  (CARRY4=7 LUT5=1)
  Clock Path Skew:        -0.025ns (DCD - SCD + CPR)
    Destination Clock Delay (DCD):    4.855ns = ( 14.855 - 10.000 ) 
    Source Clock Delay      (SCD):    5.154ns
    Clock Pessimism Removal (CPR):    0.274ns
  Clock Uncertainty:      0.035ns  ((TSJ^2 + TIJ^2)^1/2 + DJ) / 2 + PE
    Total System Jitter     (TSJ):    0.071ns
    Total Input Jitter      (TIJ):    0.000ns
    Discrete Jitter          (DJ):    0.000ns
    Phase Error              (PE):    0.000ns

    Location             Delay type                Incr(ns)  Path(ns)    Netlist Resource(s)
  -------------------------------------------------------------------    -------------------
                         (clock sys_clk_pin rise edge)
                                                      0.000     0.000 r  
    W5                                                0.000     0.000 r  clk (IN)
                         net (fo=0)                   0.000     0.000    clk
    W5                   IBUF (Prop_ibuf_I_O)         1.458     1.458 r  clk_IBUF_inst/O
                         net (fo=1, routed)           1.967     3.425    clk_IBUF
    BUFGCTRL_X0Y0        BUFG (Prop_bufg_I_O)         0.096     3.521 r  clk_IBUF_BUFG_inst/O
                         net (fo=29, routed)          1.633     5.154    clok/clockdiv_reg_0
    SLICE_X1Y36          FDCE                                         r  clok/counter_reg[0]/C
  -------------------------------------------------------------------    -------------------
    SLICE_X1Y36          FDCE (Prop_fdce_C_Q)         0.456     5.610 r  clok/counter_reg[0]/Q
                         net (fo=30, routed)          1.070     6.680    clok/counter[0]
    SLICE_X0Y31          CARRY4 (Prop_carry4_CYINIT_CO[3])
                                                      0.580     7.260 r  clok/counter0_carry/CO[3]
                         net (fo=1, routed)           0.000     7.260    clok/counter0_carry_n_0
    SLICE_X0Y32          CARRY4 (Prop_carry4_CI_CO[3])
                                                      0.114     7.374 r  clok/counter0_carry__0/CO[3]
                         net (fo=1, routed)           0.000     7.374    clok/counter0_carry__0_n_0
    SLICE_X0Y33          CARRY4 (Prop_carry4_CI_CO[3])
                                                      0.114     7.488 r  clok/counter0_carry__1/CO[3]
                         net (fo=1, routed)           0.000     7.488    clok/counter0_carry__1_n_0
    SLICE_X0Y34          CARRY4 (Prop_carry4_CI_CO[3])
                                                      0.114     7.602 r  clok/counter0_carry__2/CO[3]
                         net (fo=1, routed)           0.000     7.602    clok/counter0_carry__2_n_0
    SLICE_X0Y35          CARRY4 (Prop_carry4_CI_CO[3])
                                                      0.114     7.716 r  clok/counter0_carry__3/CO[3]
                         net (fo=1, routed)           0.000     7.716    clok/counter0_carry__3_n_0
    SLICE_X0Y36          CARRY4 (Prop_carry4_CI_CO[3])
                                                      0.114     7.830 r  clok/counter0_carry__4/CO[3]
                         net (fo=1, routed)           0.000     7.830    clok/counter0_carry__4_n_0
    SLICE_X0Y37          CARRY4 (Prop_carry4_CI_O[0])
                                                      0.222     8.052 r  clok/counter0_carry__5/O[0]
                         net (fo=1, routed)           0.942     8.994    clok/data0[25]
    SLICE_X3Y36          LUT5 (Prop_lut5_I4_O)        0.299     9.293 r  clok/counter[25]_i_1/O
                         net (fo=1, routed)           0.000     9.293    clok/counter_0[25]
    SLICE_X3Y36          FDCE                                         r  clok/counter_reg[25]/D
  -------------------------------------------------------------------    -------------------

                         (clock sys_clk_pin rise edge)
                                                     10.000    10.000 r  
    W5                                                0.000    10.000 r  clk (IN)
                         net (fo=0)                   0.000    10.000    clk
    W5                   IBUF (Prop_ibuf_I_O)         1.388    11.388 r  clk_IBUF_inst/O
                         net (fo=1, routed)           1.862    13.250    clk_IBUF
    BUFGCTRL_X0Y0        BUFG (Prop_bufg_I_O)         0.091    13.341 r  clk_IBUF_BUFG_inst/O
                         net (fo=29, routed)          1.514    14.855    clok/clockdiv_reg_0
    SLICE_X3Y36          FDCE                                         r  clok/counter_reg[25]/C
                         clock pessimism              0.274    15.129    
                         clock uncertainty           -0.035    15.094    
    SLICE_X3Y36          FDCE (Setup_fdce_C_D)        0.029    15.123    clok/counter_reg[25]
  -------------------------------------------------------------------
                         required time                         15.123    
                         arrival time                          -9.293    
  -------------------------------------------------------------------
                         slack                                  5.830    

Slack (MET) :             5.968ns  (required time - arrival time)
  Source:                 clok/counter_reg[0]/C
                            (rising edge-triggered cell FDCE clocked by sys_clk_pin  {rise@0.000ns fall@5.000ns period=10.000ns})
  Destination:            clok/counter_reg[27]/D
                            (rising edge-triggered cell FDCE clocked by sys_clk_pin  {rise@0.000ns fall@5.000ns period=10.000ns})
  Path Group:             sys_clk_pin
  Path Type:              Setup (Max at Slow Process Corner)
  Requirement:            10.000ns  (sys_clk_pin rise@10.000ns - sys_clk_pin rise@0.000ns)
  Data Path Delay:        4.027ns  (logic 2.147ns (53.309%)  route 1.880ns (46.691%))
  Logic Levels:           8  (CARRY4=7 LUT5=1)
  Clock Path Skew:        0.000ns (DCD - SCD + CPR)
    Destination Clock Delay (DCD):    4.855ns = ( 14.855 - 10.000 ) 
    Source Clock Delay      (SCD):    5.154ns
    Clock Pessimism Removal (CPR):    0.299ns
  Clock Uncertainty:      0.035ns  ((TSJ^2 + TIJ^2)^1/2 + DJ) / 2 + PE
    Total System Jitter     (TSJ):    0.071ns
    Total Input Jitter      (TIJ):    0.000ns
    Discrete Jitter          (DJ):    0.000ns
    Phase Error              (PE):    0.000ns

    Location             Delay type                Incr(ns)  Path(ns)    Netlist Resource(s)
  -------------------------------------------------------------------    -------------------
                         (clock sys_clk_pin rise edge)
                                                      0.000     0.000 r  
    W5                                                0.000     0.000 r  clk (IN)
                         net (fo=0)                   0.000     0.000    clk
    W5                   IBUF (Prop_ibuf_I_O)         1.458     1.458 r  clk_IBUF_inst/O
                         net (fo=1, routed)           1.967     3.425    clk_IBUF
    BUFGCTRL_X0Y0        BUFG (Prop_bufg_I_O)         0.096     3.521 r  clk_IBUF_BUFG_inst/O
                         net (fo=29, routed)          1.633     5.154    clok/clockdiv_reg_0
    SLICE_X1Y36          FDCE                                         r  clok/counter_reg[0]/C
  -------------------------------------------------------------------    -------------------
    SLICE_X1Y36          FDCE (Prop_fdce_C_Q)         0.456     5.610 r  clok/counter_reg[0]/Q
                         net (fo=30, routed)          1.070     6.680    clok/counter[0]
    SLICE_X0Y31          CARRY4 (Prop_carry4_CYINIT_CO[3])
                                                      0.580     7.260 r  clok/counter0_carry/CO[3]
                         net (fo=1, routed)           0.000     7.260    clok/counter0_carry_n_0
    SLICE_X0Y32          CARRY4 (Prop_carry4_CI_CO[3])
                                                      0.114     7.374 r  clok/counter0_carry__0/CO[3]
                         net (fo=1, routed)           0.000     7.374    clok/counter0_carry__0_n_0
    SLICE_X0Y33          CARRY4 (Prop_carry4_CI_CO[3])
                                                      0.114     7.488 r  clok/counter0_carry__1/CO[3]
                         net (fo=1, routed)           0.000     7.488    clok/counter0_carry__1_n_0
    SLICE_X0Y34          CARRY4 (Prop_carry4_CI_CO[3])
                                                      0.114     7.602 r  clok/counter0_carry__2/CO[3]
                         net (fo=1, routed)           0.000     7.602    clok/counter0_carry__2_n_0
    SLICE_X0Y35          CARRY4 (Prop_carry4_CI_CO[3])
                                                      0.114     7.716 r  clok/counter0_carry__3/CO[3]
                         net (fo=1, routed)           0.000     7.716    clok/counter0_carry__3_n_0
    SLICE_X0Y36          CARRY4 (Prop_carry4_CI_CO[3])
                                                      0.114     7.830 r  clok/counter0_carry__4/CO[3]
                         net (fo=1, routed)           0.000     7.830    clok/counter0_carry__4_n_0
    SLICE_X0Y37          CARRY4 (Prop_carry4_CI_O[2])
                                                      0.239     8.069 r  clok/counter0_carry__5/O[2]
                         net (fo=1, routed)           0.811     8.880    clok/data0[27]
    SLICE_X1Y36          LUT5 (Prop_lut5_I4_O)        0.302     9.182 r  clok/counter[27]_i_1/O
                         net (fo=1, routed)           0.000     9.182    clok/counter_0[27]
    SLICE_X1Y36          FDCE                                         r  clok/counter_reg[27]/D
  -------------------------------------------------------------------    -------------------

                         (clock sys_clk_pin rise edge)
                                                     10.000    10.000 r  
    W5                                                0.000    10.000 r  clk (IN)
                         net (fo=0)                   0.000    10.000    clk
    W5                   IBUF (Prop_ibuf_I_O)         1.388    11.388 r  clk_IBUF_inst/O
                         net (fo=1, routed)           1.862    13.250    clk_IBUF
    BUFGCTRL_X0Y0        BUFG (Prop_bufg_I_O)         0.091    13.341 r  clk_IBUF_BUFG_inst/O
                         net (fo=29, routed)          1.514    14.855    clok/clockdiv_reg_0
    SLICE_X1Y36          FDCE                                         r  clok/counter_reg[27]/C
                         clock pessimism              0.299    15.154    
                         clock uncertainty           -0.035    15.119    
    SLICE_X1Y36          FDCE (Setup_fdce_C_D)        0.031    15.150    clok/counter_reg[27]
  -------------------------------------------------------------------
                         required time                         15.150    
                         arrival time                          -9.182    
  -------------------------------------------------------------------
                         slack                                  5.968    

Slack (MET) :             6.138ns  (required time - arrival time)
  Source:                 clok/counter_reg[0]/C
                            (rising edge-triggered cell FDCE clocked by sys_clk_pin  {rise@0.000ns fall@5.000ns period=10.000ns})
  Destination:            clok/counter_reg[20]/D
                            (rising edge-triggered cell FDCE clocked by sys_clk_pin  {rise@0.000ns fall@5.000ns period=10.000ns})
  Path Group:             sys_clk_pin
  Path Type:              Setup (Max at Slow Process Corner)
  Requirement:            10.000ns  (sys_clk_pin rise@10.000ns - sys_clk_pin rise@0.000ns)
  Data Path Delay:        3.832ns  (logic 1.997ns (52.109%)  route 1.835ns (47.891%))
  Logic Levels:           6  (CARRY4=5 LUT5=1)
  Clock Path Skew:        -0.025ns (DCD - SCD + CPR)
    Destination Clock Delay (DCD):    4.855ns = ( 14.855 - 10.000 ) 
    Source Clock Delay      (SCD):    5.154ns
    Clock Pessimism Removal (CPR):    0.274ns
  Clock Uncertainty:      0.035ns  ((TSJ^2 + TIJ^2)^1/2 + DJ) / 2 + PE
    Total System Jitter     (TSJ):    0.071ns
    Total Input Jitter      (TIJ):    0.000ns
    Discrete Jitter          (DJ):    0.000ns
    Phase Error              (PE):    0.000ns

    Location             Delay type                Incr(ns)  Path(ns)    Netlist Resource(s)
  -------------------------------------------------------------------    -------------------
                         (clock sys_clk_pin rise edge)
                                                      0.000     0.000 r  
    W5                                                0.000     0.000 r  clk (IN)
                         net (fo=0)                   0.000     0.000    clk
    W5                   IBUF (Prop_ibuf_I_O)         1.458     1.458 r  clk_IBUF_inst/O
                         net (fo=1, routed)           1.967     3.425    clk_IBUF
    BUFGCTRL_X0Y0        BUFG (Prop_bufg_I_O)         0.096     3.521 r  clk_IBUF_BUFG_inst/O
                         net (fo=29, routed)          1.633     5.154    clok/clockdiv_reg_0
    SLICE_X1Y36          FDCE                                         r  clok/counter_reg[0]/C
  -------------------------------------------------------------------    -------------------
    SLICE_X1Y36          FDCE (Prop_fdce_C_Q)         0.456     5.610 r  clok/counter_reg[0]/Q
                         net (fo=30, routed)          1.070     6.680    clok/counter[0]
    SLICE_X0Y31          CARRY4 (Prop_carry4_CYINIT_CO[3])
                                                      0.580     7.260 r  clok/counter0_carry/CO[3]
                         net (fo=1, routed)           0.000     7.260    clok/counter0_carry_n_0
    SLICE_X0Y32          CARRY4 (Prop_carry4_CI_CO[3])
                                                      0.114     7.374 r  clok/counter0_carry__0/CO[3]
                         net (fo=1, routed)           0.000     7.374    clok/counter0_carry__0_n_0
    SLICE_X0Y33          CARRY4 (Prop_carry4_CI_CO[3])
                                                      0.114     7.488 r  clok/counter0_carry__1/CO[3]
                         net (fo=1, routed)           0.000     7.488    clok/counter0_carry__1_n_0
    SLICE_X0Y34          CARRY4 (Prop_carry4_CI_CO[3])
                                                      0.114     7.602 r  clok/counter0_carry__2/CO[3]
                         net (fo=1, routed)           0.000     7.602    clok/counter0_carry__2_n_0
    SLICE_X0Y35          CARRY4 (Prop_carry4_CI_O[3])
                                                      0.313     7.915 r  clok/counter0_carry__3/O[3]
                         net (fo=1, routed)           0.765     8.681    clok/data0[20]
    SLICE_X1Y35          LUT5 (Prop_lut5_I4_O)        0.306     8.987 r  clok/counter[20]_i_1/O
                         net (fo=1, routed)           0.000     8.987    clok/counter_0[20]
    SLICE_X1Y35          FDCE                                         r  clok/counter_reg[20]/D
  -------------------------------------------------------------------    -------------------

                         (clock sys_clk_pin rise edge)
                                                     10.000    10.000 r  
    W5                                                0.000    10.000 r  clk (IN)
                         net (fo=0)                   0.000    10.000    clk
    W5                   IBUF (Prop_ibuf_I_O)         1.388    11.388 r  clk_IBUF_inst/O
                         net (fo=1, routed)           1.862    13.250    clk_IBUF
    BUFGCTRL_X0Y0        BUFG (Prop_bufg_I_O)         0.091    13.341 r  clk_IBUF_BUFG_inst/O
                         net (fo=29, routed)          1.514    14.855    clok/clockdiv_reg_0
    SLICE_X1Y35          FDCE                                         r  clok/counter_reg[20]/C
                         clock pessimism              0.274    15.129    
                         clock uncertainty           -0.035    15.094    
    SLICE_X1Y35          FDCE (Setup_fdce_C_D)        0.031    15.125    clok/counter_reg[20]
  -------------------------------------------------------------------
                         required time                         15.125    
                         arrival time                          -8.987    
  -------------------------------------------------------------------
                         slack                                  6.138    

Slack (MET) :             6.180ns  (required time - arrival time)
  Source:                 clok/counter_reg[0]/C
                            (rising edge-triggered cell FDCE clocked by sys_clk_pin  {rise@0.000ns fall@5.000ns period=10.000ns})
  Destination:            clok/counter_reg[26]/D
                            (rising edge-triggered cell FDCE clocked by sys_clk_pin  {rise@0.000ns fall@5.000ns period=10.000ns})
  Path Group:             sys_clk_pin
  Path Type:              Setup (Max at Slow Process Corner)
  Requirement:            10.000ns  (sys_clk_pin rise@10.000ns - sys_clk_pin rise@0.000ns)
  Data Path Delay:        3.859ns  (logic 2.237ns (57.965%)  route 1.622ns (42.035%))
  Logic Levels:           8  (CARRY4=7 LUT5=1)
  Clock Path Skew:        0.000ns (DCD - SCD + CPR)
    Destination Clock Delay (DCD):    4.855ns = ( 14.855 - 10.000 ) 
    Source Clock Delay      (SCD):    5.154ns
    Clock Pessimism Removal (CPR):    0.299ns
  Clock Uncertainty:      0.035ns  ((TSJ^2 + TIJ^2)^1/2 + DJ) / 2 + PE
    Total System Jitter     (TSJ):    0.071ns
    Total Input Jitter      (TIJ):    0.000ns
    Discrete Jitter          (DJ):    0.000ns
    Phase Error              (PE):    0.000ns

    Location             Delay type                Incr(ns)  Path(ns)    Netlist Resource(s)
  -------------------------------------------------------------------    -------------------
                         (clock sys_clk_pin rise edge)
                                                      0.000     0.000 r  
    W5                                                0.000     0.000 r  clk (IN)
                         net (fo=0)                   0.000     0.000    clk
    W5                   IBUF (Prop_ibuf_I_O)         1.458     1.458 r  clk_IBUF_inst/O
                         net (fo=1, routed)           1.967     3.425    clk_IBUF
    BUFGCTRL_X0Y0        BUFG (Prop_bufg_I_O)         0.096     3.521 r  clk_IBUF_BUFG_inst/O
                         net (fo=29, routed)          1.633     5.154    clok/clockdiv_reg_0
    SLICE_X1Y36          FDCE                                         r  clok/counter_reg[0]/C
  -------------------------------------------------------------------    -------------------
    SLICE_X1Y36          FDCE (Prop_fdce_C_Q)         0.456     5.610 r  clok/counter_reg[0]/Q
                         net (fo=30, routed)          1.070     6.680    clok/counter[0]
    SLICE_X0Y31          CARRY4 (Prop_carry4_CYINIT_CO[3])
                                                      0.580     7.260 r  clok/counter0_carry/CO[3]
                         net (fo=1, routed)           0.000     7.260    clok/counter0_carry_n_0
    SLICE_X0Y32          CARRY4 (Prop_carry4_CI_CO[3])
                                                      0.114     7.374 r  clok/counter0_carry__0/CO[3]
                         net (fo=1, routed)           0.000     7.374    clok/counter0_carry__0_n_0
    SLICE_X0Y33          CARRY4 (Prop_carry4_CI_CO[3])
                                                      0.114     7.488 r  clok/counter0_carry__1/CO[3]
                         net (fo=1, routed)           0.000     7.488    clok/counter0_carry__1_n_0
    SLICE_X0Y34          CARRY4 (Prop_carry4_CI_CO[3])
                                                      0.114     7.602 r  clok/counter0_carry__2/CO[3]
                         net (fo=1, routed)           0.000     7.602    clok/counter0_carry__2_n_0
    SLICE_X0Y35          CARRY4 (Prop_carry4_CI_CO[3])
                                                      0.114     7.716 r  clok/counter0_carry__3/CO[3]
                         net (fo=1, routed)           0.000     7.716    clok/counter0_carry__3_n_0
    SLICE_X0Y36          CARRY4 (Prop_carry4_CI_CO[3])
                                                      0.114     7.830 r  clok/counter0_carry__4/CO[3]
                         net (fo=1, routed)           0.000     7.830    clok/counter0_carry__4_n_0
    SLICE_X0Y37          CARRY4 (Prop_carry4_CI_O[1])
                                                      0.334     8.164 r  clok/counter0_carry__5/O[1]
                         net (fo=1, routed)           0.552     8.717    clok/data0[26]
    SLICE_X1Y36          LUT5 (Prop_lut5_I4_O)        0.297     9.014 r  clok/counter[26]_i_1/O
                         net (fo=1, routed)           0.000     9.014    clok/counter_0[26]
    SLICE_X1Y36          FDCE                                         r  clok/counter_reg[26]/D
  -------------------------------------------------------------------    -------------------

                         (clock sys_clk_pin rise edge)
                                                     10.000    10.000 r  
    W5                                                0.000    10.000 r  clk (IN)
                         net (fo=0)                   0.000    10.000    clk
    W5                   IBUF (Prop_ibuf_I_O)         1.388    11.388 r  clk_IBUF_inst/O
                         net (fo=1, routed)           1.862    13.250    clk_IBUF
    BUFGCTRL_X0Y0        BUFG (Prop_bufg_I_O)         0.091    13.341 r  clk_IBUF_BUFG_inst/O
                         net (fo=29, routed)          1.514    14.855    clok/clockdiv_reg_0
    SLICE_X1Y36          FDCE                                         r  clok/counter_reg[26]/C
                         clock pessimism              0.299    15.154    
                         clock uncertainty           -0.035    15.119    
    SLICE_X1Y36          FDCE (Setup_fdce_C_D)        0.075    15.194    clok/counter_reg[26]
  -------------------------------------------------------------------
                         required time                         15.194    
                         arrival time                          -9.014    
  -------------------------------------------------------------------
                         slack                                  6.180    

Slack (MET) :             6.183ns  (required time - arrival time)
  Source:                 clok/counter_reg[0]/C
                            (rising edge-triggered cell FDCE clocked by sys_clk_pin  {rise@0.000ns fall@5.000ns period=10.000ns})
  Destination:            clok/counter_reg[24]/D
                            (rising edge-triggered cell FDCE clocked by sys_clk_pin  {rise@0.000ns fall@5.000ns period=10.000ns})
  Path Group:             sys_clk_pin
  Path Type:              Setup (Max at Slow Process Corner)
  Requirement:            10.000ns  (sys_clk_pin rise@10.000ns - sys_clk_pin rise@0.000ns)
  Data Path Delay:        3.836ns  (logic 2.111ns (55.031%)  route 1.725ns (44.969%))
  Logic Levels:           7  (CARRY4=6 LUT5=1)
  Clock Path Skew:        -0.025ns (DCD - SCD + CPR)
    Destination Clock Delay (DCD):    4.855ns = ( 14.855 - 10.000 ) 
    Source Clock Delay      (SCD):    5.154ns
    Clock Pessimism Removal (CPR):    0.274ns
  Clock Uncertainty:      0.035ns  ((TSJ^2 + TIJ^2)^1/2 + DJ) / 2 + PE
    Total System Jitter     (TSJ):    0.071ns
    Total Input Jitter      (TIJ):    0.000ns
    Discrete Jitter          (DJ):    0.000ns
    Phase Error              (PE):    0.000ns

    Location             Delay type                Incr(ns)  Path(ns)    Netlist Resource(s)
  -------------------------------------------------------------------    -------------------
                         (clock sys_clk_pin rise edge)
                                                      0.000     0.000 r  
    W5                                                0.000     0.000 r  clk (IN)
                         net (fo=0)                   0.000     0.000    clk
    W5                   IBUF (Prop_ibuf_I_O)         1.458     1.458 r  clk_IBUF_inst/O
                         net (fo=1, routed)           1.967     3.425    clk_IBUF
    BUFGCTRL_X0Y0        BUFG (Prop_bufg_I_O)         0.096     3.521 r  clk_IBUF_BUFG_inst/O
                         net (fo=29, routed)          1.633     5.154    clok/clockdiv_reg_0
    SLICE_X1Y36          FDCE                                         r  clok/counter_reg[0]/C
  -------------------------------------------------------------------    -------------------
    SLICE_X1Y36          FDCE (Prop_fdce_C_Q)         0.456     5.610 r  clok/counter_reg[0]/Q
                         net (fo=30, routed)          1.070     6.680    clok/counter[0]
    SLICE_X0Y31          CARRY4 (Prop_carry4_CYINIT_CO[3])
                                                      0.580     7.260 r  clok/counter0_carry/CO[3]
                         net (fo=1, routed)           0.000     7.260    clok/counter0_carry_n_0
    SLICE_X0Y32          CARRY4 (Prop_carry4_CI_CO[3])
                                                      0.114     7.374 r  clok/counter0_carry__0/CO[3]
                         net (fo=1, routed)           0.000     7.374    clok/counter0_carry__0_n_0
    SLICE_X0Y33          CARRY4 (Prop_carry4_CI_CO[3])
                                                      0.114     7.488 r  clok/counter0_carry__1/CO[3]
                         net (fo=1, routed)           0.000     7.488    clok/counter0_carry__1_n_0
    SLICE_X0Y34          CARRY4 (Prop_carry4_CI_CO[3])
                                                      0.114     7.602 r  clok/counter0_carry__2/CO[3]
                         net (fo=1, routed)           0.000     7.602    clok/counter0_carry__2_n_0
    SLICE_X0Y35          CARRY4 (Prop_carry4_CI_CO[3])
                                                      0.114     7.716 r  clok/counter0_carry__3/CO[3]
                         net (fo=1, routed)           0.000     7.716    clok/counter0_carry__3_n_0
    SLICE_X0Y36          CARRY4 (Prop_carry4_CI_O[3])
                                                      0.313     8.029 r  clok/counter0_carry__4/O[3]
                         net (fo=1, routed)           0.655     8.684    clok/data0[24]
    SLICE_X2Y36          LUT5 (Prop_lut5_I4_O)        0.306     8.990 r  clok/counter[24]_i_1/O
                         net (fo=1, routed)           0.000     8.990    clok/counter_0[24]
    SLICE_X2Y36          FDCE                                         r  clok/counter_reg[24]/D
  -------------------------------------------------------------------    -------------------

                         (clock sys_clk_pin rise edge)
                                                     10.000    10.000 r  
    W5                                                0.000    10.000 r  clk (IN)
                         net (fo=0)                   0.000    10.000    clk
    W5                   IBUF (Prop_ibuf_I_O)         1.388    11.388 r  clk_IBUF_inst/O
                         net (fo=1, routed)           1.862    13.250    clk_IBUF
    BUFGCTRL_X0Y0        BUFG (Prop_bufg_I_O)         0.091    13.341 r  clk_IBUF_BUFG_inst/O
                         net (fo=29, routed)          1.514    14.855    clok/clockdiv_reg_0
    SLICE_X2Y36          FDCE                                         r  clok/counter_reg[24]/C
                         clock pessimism              0.274    15.129    
                         clock uncertainty           -0.035    15.094    
    SLICE_X2Y36          FDCE (Setup_fdce_C_D)        0.079    15.173    clok/counter_reg[24]
  -------------------------------------------------------------------
                         required time                         15.173    
                         arrival time                          -8.990    
  -------------------------------------------------------------------
                         slack                                  6.183    

Slack (MET) :             6.200ns  (required time - arrival time)
  Source:                 clok/counter_reg[0]/C
                            (rising edge-triggered cell FDCE clocked by sys_clk_pin  {rise@0.000ns fall@5.000ns period=10.000ns})
  Destination:            clok/counter_reg[17]/D
                            (rising edge-triggered cell FDCE clocked by sys_clk_pin  {rise@0.000ns fall@5.000ns period=10.000ns})
  Path Group:             sys_clk_pin
  Path Type:              Setup (Max at Slow Process Corner)
  Requirement:            10.000ns  (sys_clk_pin rise@10.000ns - sys_clk_pin rise@0.000ns)
  Data Path Delay:        3.770ns  (logic 1.899ns (50.376%)  route 1.871ns (49.624%))
  Logic Levels:           6  (CARRY4=5 LUT5=1)
  Clock Path Skew:        -0.026ns (DCD - SCD + CPR)
    Destination Clock Delay (DCD):    4.854ns = ( 14.854 - 10.000 ) 
    Source Clock Delay      (SCD):    5.154ns
    Clock Pessimism Removal (CPR):    0.274ns
  Clock Uncertainty:      0.035ns  ((TSJ^2 + TIJ^2)^1/2 + DJ) / 2 + PE
    Total System Jitter     (TSJ):    0.071ns
    Total Input Jitter      (TIJ):    0.000ns
    Discrete Jitter          (DJ):    0.000ns
    Phase Error              (PE):    0.000ns

    Location             Delay type                Incr(ns)  Path(ns)    Netlist Resource(s)
  -------------------------------------------------------------------    -------------------
                         (clock sys_clk_pin rise edge)
                                                      0.000     0.000 r  
    W5                                                0.000     0.000 r  clk (IN)
                         net (fo=0)                   0.000     0.000    clk
    W5                   IBUF (Prop_ibuf_I_O)         1.458     1.458 r  clk_IBUF_inst/O
                         net (fo=1, routed)           1.967     3.425    clk_IBUF
    BUFGCTRL_X0Y0        BUFG (Prop_bufg_I_O)         0.096     3.521 r  clk_IBUF_BUFG_inst/O
                         net (fo=29, routed)          1.633     5.154    clok/clockdiv_reg_0
    SLICE_X1Y36          FDCE                                         r  clok/counter_reg[0]/C
  -------------------------------------------------------------------    -------------------
    SLICE_X1Y36          FDCE (Prop_fdce_C_Q)         0.456     5.610 r  clok/counter_reg[0]/Q
                         net (fo=30, routed)          1.070     6.680    clok/counter[0]
    SLICE_X0Y31          CARRY4 (Prop_carry4_CYINIT_CO[3])
                                                      0.580     7.260 r  clok/counter0_carry/CO[3]
                         net (fo=1, routed)           0.000     7.260    clok/counter0_carry_n_0
    SLICE_X0Y32          CARRY4 (Prop_carry4_CI_CO[3])
                                                      0.114     7.374 r  clok/counter0_carry__0/CO[3]
                         net (fo=1, routed)           0.000     7.374    clok/counter0_carry__0_n_0
    SLICE_X0Y33          CARRY4 (Prop_carry4_CI_CO[3])
                                                      0.114     7.488 r  clok/counter0_carry__1/CO[3]
                         net (fo=1, routed)           0.000     7.488    clok/counter0_carry__1_n_0
    SLICE_X0Y34          CARRY4 (Prop_carry4_CI_CO[3])
                                                      0.114     7.602 r  clok/counter0_carry__2/CO[3]
                         net (fo=1, routed)           0.000     7.602    clok/counter0_carry__2_n_0
    SLICE_X0Y35          CARRY4 (Prop_carry4_CI_O[0])
                                                      0.222     7.824 r  clok/counter0_carry__3/O[0]
                         net (fo=1, routed)           0.801     8.625    clok/data0[17]
    SLICE_X1Y34          LUT5 (Prop_lut5_I4_O)        0.299     8.924 r  clok/counter[17]_i_1/O
                         net (fo=1, routed)           0.000     8.924    clok/counter_0[17]
    SLICE_X1Y34          FDCE                                         r  clok/counter_reg[17]/D
  -------------------------------------------------------------------    -------------------

                         (clock sys_clk_pin rise edge)
                                                     10.000    10.000 r  
    W5                                                0.000    10.000 r  clk (IN)
                         net (fo=0)                   0.000    10.000    clk
    W5                   IBUF (Prop_ibuf_I_O)         1.388    11.388 r  clk_IBUF_inst/O
                         net (fo=1, routed)           1.862    13.250    clk_IBUF
    BUFGCTRL_X0Y0        BUFG (Prop_bufg_I_O)         0.091    13.341 r  clk_IBUF_BUFG_inst/O
                         net (fo=29, routed)          1.513    14.854    clok/clockdiv_reg_0
    SLICE_X1Y34          FDCE                                         r  clok/counter_reg[17]/C
                         clock pessimism              0.274    15.128    
                         clock uncertainty           -0.035    15.093    
    SLICE_X1Y34          FDCE (Setup_fdce_C_D)        0.031    15.124    clok/counter_reg[17]
  -------------------------------------------------------------------
                         required time                         15.124    
                         arrival time                          -8.924    
  -------------------------------------------------------------------
                         slack                                  6.200    

Slack (MET) :             6.222ns  (required time - arrival time)
  Source:                 clok/counter_reg[0]/C
                            (rising edge-triggered cell FDCE clocked by sys_clk_pin  {rise@0.000ns fall@5.000ns period=10.000ns})
  Destination:            clok/counter_reg[21]/D
                            (rising edge-triggered cell FDCE clocked by sys_clk_pin  {rise@0.000ns fall@5.000ns period=10.000ns})
  Path Group:             sys_clk_pin
  Path Type:              Setup (Max at Slow Process Corner)
  Requirement:            10.000ns  (sys_clk_pin rise@10.000ns - sys_clk_pin rise@0.000ns)
  Data Path Delay:        3.774ns  (logic 2.013ns (53.346%)  route 1.761ns (46.654%))
  Logic Levels:           7  (CARRY4=6 LUT5=1)
  Clock Path Skew:        0.000ns (DCD - SCD + CPR)
    Destination Clock Delay (DCD):    4.855ns = ( 14.855 - 10.000 ) 
    Source Clock Delay      (SCD):    5.154ns
    Clock Pessimism Removal (CPR):    0.299ns
  Clock Uncertainty:      0.035ns  ((TSJ^2 + TIJ^2)^1/2 + DJ) / 2 + PE
    Total System Jitter     (TSJ):    0.071ns
    Total Input Jitter      (TIJ):    0.000ns
    Discrete Jitter          (DJ):    0.000ns
    Phase Error              (PE):    0.000ns

    Location             Delay type                Incr(ns)  Path(ns)    Netlist Resource(s)
  -------------------------------------------------------------------    -------------------
                         (clock sys_clk_pin rise edge)
                                                      0.000     0.000 r  
    W5                                                0.000     0.000 r  clk (IN)
                         net (fo=0)                   0.000     0.000    clk
    W5                   IBUF (Prop_ibuf_I_O)         1.458     1.458 r  clk_IBUF_inst/O
                         net (fo=1, routed)           1.967     3.425    clk_IBUF
    BUFGCTRL_X0Y0        BUFG (Prop_bufg_I_O)         0.096     3.521 r  clk_IBUF_BUFG_inst/O
                         net (fo=29, routed)          1.633     5.154    clok/clockdiv_reg_0
    SLICE_X1Y36          FDCE                                         r  clok/counter_reg[0]/C
  -------------------------------------------------------------------    -------------------
    SLICE_X1Y36          FDCE (Prop_fdce_C_Q)         0.456     5.610 r  clok/counter_reg[0]/Q
                         net (fo=30, routed)          1.070     6.680    clok/counter[0]
    SLICE_X0Y31          CARRY4 (Prop_carry4_CYINIT_CO[3])
                                                      0.580     7.260 r  clok/counter0_carry/CO[3]
                         net (fo=1, routed)           0.000     7.260    clok/counter0_carry_n_0
    SLICE_X0Y32          CARRY4 (Prop_carry4_CI_CO[3])
                                                      0.114     7.374 r  clok/counter0_carry__0/CO[3]
                         net (fo=1, routed)           0.000     7.374    clok/counter0_carry__0_n_0
    SLICE_X0Y33          CARRY4 (Prop_carry4_CI_CO[3])
                                                      0.114     7.488 r  clok/counter0_carry__1/CO[3]
                         net (fo=1, routed)           0.000     7.488    clok/counter0_carry__1_n_0
    SLICE_X0Y34          CARRY4 (Prop_carry4_CI_CO[3])
                                                      0.114     7.602 r  clok/counter0_carry__2/CO[3]
                         net (fo=1, routed)           0.000     7.602    clok/counter0_carry__2_n_0
    SLICE_X0Y35          CARRY4 (Prop_carry4_CI_CO[3])
                                                      0.114     7.716 r  clok/counter0_carry__3/CO[3]
                         net (fo=1, routed)           0.000     7.716    clok/counter0_carry__3_n_0
    SLICE_X0Y36          CARRY4 (Prop_carry4_CI_O[0])
                                                      0.222     7.938 r  clok/counter0_carry__4/O[0]
                         net (fo=1, routed)           0.691     8.629    clok/data0[21]
    SLICE_X1Y36          LUT5 (Prop_lut5_I4_O)        0.299     8.928 r  clok/counter[21]_i_1/O
                         net (fo=1, routed)           0.000     8.928    clok/counter_0[21]
    SLICE_X1Y36          FDCE                                         r  clok/counter_reg[21]/D
  -------------------------------------------------------------------    -------------------

                         (clock sys_clk_pin rise edge)
                                                     10.000    10.000 r  
    W5                                                0.000    10.000 r  clk (IN)
                         net (fo=0)                   0.000    10.000    clk
    W5                   IBUF (Prop_ibuf_I_O)         1.388    11.388 r  clk_IBUF_inst/O
                         net (fo=1, routed)           1.862    13.250    clk_IBUF
    BUFGCTRL_X0Y0        BUFG (Prop_bufg_I_O)         0.091    13.341 r  clk_IBUF_BUFG_inst/O
                         net (fo=29, routed)          1.514    14.855    clok/clockdiv_reg_0
    SLICE_X1Y36          FDCE                                         r  clok/counter_reg[21]/C
                         clock pessimism              0.299    15.154    
                         clock uncertainty           -0.035    15.119    
    SLICE_X1Y36          FDCE (Setup_fdce_C_D)        0.031    15.150    clok/counter_reg[21]
  -------------------------------------------------------------------
                         required time                         15.150    
                         arrival time                          -8.928    
  -------------------------------------------------------------------
                         slack                                  6.222    

Slack (MET) :             6.259ns  (required time - arrival time)
  Source:                 clok/counter_reg[0]/C
                            (rising edge-triggered cell FDCE clocked by sys_clk_pin  {rise@0.000ns fall@5.000ns period=10.000ns})
  Destination:            clok/counter_reg[22]/D
                            (rising edge-triggered cell FDCE clocked by sys_clk_pin  {rise@0.000ns fall@5.000ns period=10.000ns})
  Path Group:             sys_clk_pin
  Path Type:              Setup (Max at Slow Process Corner)
  Requirement:            10.000ns  (sys_clk_pin rise@10.000ns - sys_clk_pin rise@0.000ns)
  Data Path Delay:        3.757ns  (logic 2.129ns (56.664%)  route 1.628ns (43.336%))
  Logic Levels:           7  (CARRY4=6 LUT5=1)
  Clock Path Skew:        -0.025ns (DCD - SCD + CPR)
    Destination Clock Delay (DCD):    4.855ns = ( 14.855 - 10.000 ) 
    Source Clock Delay      (SCD):    5.154ns
    Clock Pessimism Removal (CPR):    0.274ns
  Clock Uncertainty:      0.035ns  ((TSJ^2 + TIJ^2)^1/2 + DJ) / 2 + PE
    Total System Jitter     (TSJ):    0.071ns
    Total Input Jitter      (TIJ):    0.000ns
    Discrete Jitter          (DJ):    0.000ns
    Phase Error              (PE):    0.000ns

    Location             Delay type                Incr(ns)  Path(ns)    Netlist Resource(s)
  -------------------------------------------------------------------    -------------------
                         (clock sys_clk_pin rise edge)
                                                      0.000     0.000 r  
    W5                                                0.000     0.000 r  clk (IN)
                         net (fo=0)                   0.000     0.000    clk
    W5                   IBUF (Prop_ibuf_I_O)         1.458     1.458 r  clk_IBUF_inst/O
                         net (fo=1, routed)           1.967     3.425    clk_IBUF
    BUFGCTRL_X0Y0        BUFG (Prop_bufg_I_O)         0.096     3.521 r  clk_IBUF_BUFG_inst/O
                         net (fo=29, routed)          1.633     5.154    clok/clockdiv_reg_0
    SLICE_X1Y36          FDCE                                         r  clok/counter_reg[0]/C
  -------------------------------------------------------------------    -------------------
    SLICE_X1Y36          FDCE (Prop_fdce_C_Q)         0.456     5.610 r  clok/counter_reg[0]/Q
                         net (fo=30, routed)          1.070     6.680    clok/counter[0]
    SLICE_X0Y31          CARRY4 (Prop_carry4_CYINIT_CO[3])
                                                      0.580     7.260 r  clok/counter0_carry/CO[3]
                         net (fo=1, routed)           0.000     7.260    clok/counter0_carry_n_0
    SLICE_X0Y32          CARRY4 (Prop_carry4_CI_CO[3])
                                                      0.114     7.374 r  clok/counter0_carry__0/CO[3]
                         net (fo=1, routed)           0.000     7.374    clok/counter0_carry__0_n_0
    SLICE_X0Y33          CARRY4 (Prop_carry4_CI_CO[3])
                                                      0.114     7.488 r  clok/counter0_carry__1/CO[3]
                         net (fo=1, routed)           0.000     7.488    clok/counter0_carry__1_n_0
    SLICE_X0Y34          CARRY4 (Prop_carry4_CI_CO[3])
                                                      0.114     7.602 r  clok/counter0_carry__2/CO[3]
                         net (fo=1, routed)           0.000     7.602    clok/counter0_carry__2_n_0
    SLICE_X0Y35          CARRY4 (Prop_carry4_CI_CO[3])
                                                      0.114     7.716 r  clok/counter0_carry__3/CO[3]
                         net (fo=1, routed)           0.000     7.716    clok/counter0_carry__3_n_0
    SLICE_X0Y36          CARRY4 (Prop_carry4_CI_O[1])
                                                      0.334     8.050 r  clok/counter0_carry__4/O[1]
                         net (fo=1, routed)           0.558     8.609    clok/data0[22]
    SLICE_X2Y36          LUT5 (Prop_lut5_I4_O)        0.303     8.912 r  clok/counter[22]_i_1/O
                         net (fo=1, routed)           0.000     8.912    clok/counter_0[22]
    SLICE_X2Y36          FDCE                                         r  clok/counter_reg[22]/D
  -------------------------------------------------------------------    -------------------

                         (clock sys_clk_pin rise edge)
                                                     10.000    10.000 r  
    W5                                                0.000    10.000 r  clk (IN)
                         net (fo=0)                   0.000    10.000    clk
    W5                   IBUF (Prop_ibuf_I_O)         1.388    11.388 r  clk_IBUF_inst/O
                         net (fo=1, routed)           1.862    13.250    clk_IBUF
    BUFGCTRL_X0Y0        BUFG (Prop_bufg_I_O)         0.091    13.341 r  clk_IBUF_BUFG_inst/O
                         net (fo=29, routed)          1.514    14.855    clok/clockdiv_reg_0
    SLICE_X2Y36          FDCE                                         r  clok/counter_reg[22]/C
                         clock pessimism              0.274    15.129    
                         clock uncertainty           -0.035    15.094    
    SLICE_X2Y36          FDCE (Setup_fdce_C_D)        0.077    15.171    clok/counter_reg[22]
  -------------------------------------------------------------------
                         required time                         15.171    
                         arrival time                          -8.912    
  -------------------------------------------------------------------
                         slack                                  6.259    

Slack (MET) :             6.261ns  (required time - arrival time)
  Source:                 clok/counter_reg[3]/C
                            (rising edge-triggered cell FDCE clocked by sys_clk_pin  {rise@0.000ns fall@5.000ns period=10.000ns})
  Destination:            clok/counter_reg[6]/D
                            (rising edge-triggered cell FDCE clocked by sys_clk_pin  {rise@0.000ns fall@5.000ns period=10.000ns})
  Path Group:             sys_clk_pin
  Path Type:              Setup (Max at Slow Process Corner)
  Requirement:            10.000ns  (sys_clk_pin rise@10.000ns - sys_clk_pin rise@0.000ns)
  Data Path Delay:        3.711ns  (logic 0.828ns (22.313%)  route 2.883ns (77.687%))
  Logic Levels:           3  (LUT4=1 LUT5=2)
  Clock Path Skew:        -0.022ns (DCD - SCD + CPR)
    Destination Clock Delay (DCD):    4.852ns = ( 14.852 - 10.000 ) 
    Source Clock Delay      (SCD):    5.148ns
    Clock Pessimism Removal (CPR):    0.274ns
  Clock Uncertainty:      0.035ns  ((TSJ^2 + TIJ^2)^1/2 + DJ) / 2 + PE
    Total System Jitter     (TSJ):    0.071ns
    Total Input Jitter      (TIJ):    0.000ns
    Discrete Jitter          (DJ):    0.000ns
    Phase Error              (PE):    0.000ns

    Location             Delay type                Incr(ns)  Path(ns)    Netlist Resource(s)
  -------------------------------------------------------------------    -------------------
                         (clock sys_clk_pin rise edge)
                                                      0.000     0.000 r  
    W5                                                0.000     0.000 r  clk (IN)
                         net (fo=0)                   0.000     0.000    clk
    W5                   IBUF (Prop_ibuf_I_O)         1.458     1.458 r  clk_IBUF_inst/O
                         net (fo=1, routed)           1.967     3.425    clk_IBUF
    BUFGCTRL_X0Y0        BUFG (Prop_bufg_I_O)         0.096     3.521 r  clk_IBUF_BUFG_inst/O
                         net (fo=29, routed)          1.627     5.148    clok/clockdiv_reg_0
    SLICE_X1Y31          FDCE                                         r  clok/counter_reg[3]/C
  -------------------------------------------------------------------    -------------------
    SLICE_X1Y31          FDCE (Prop_fdce_C_Q)         0.456     5.604 r  clok/counter_reg[3]/Q
                         net (fo=2, routed)           0.695     6.300    clok/counter[3]
    SLICE_X1Y31          LUT4 (Prop_lut4_I0_O)        0.124     6.424 r  clok/counter[27]_i_8/O
                         net (fo=1, routed)           0.846     7.269    clok/counter[27]_i_8_n_0
    SLICE_X1Y36          LUT5 (Prop_lut5_I4_O)        0.124     7.393 r  clok/counter[27]_i_4/O
                         net (fo=29, routed)          1.342     8.735    clok/counter[27]_i_4_n_0
    SLICE_X1Y32          LUT5 (Prop_lut5_I3_O)        0.124     8.859 r  clok/counter[6]_i_1/O
                         net (fo=1, routed)           0.000     8.859    clok/counter_0[6]
    SLICE_X1Y32          FDCE                                         r  clok/counter_reg[6]/D
  -------------------------------------------------------------------    -------------------

                         (clock sys_clk_pin rise edge)
                                                     10.000    10.000 r  
    W5                                                0.000    10.000 r  clk (IN)
                         net (fo=0)                   0.000    10.000    clk
    W5                   IBUF (Prop_ibuf_I_O)         1.388    11.388 r  clk_IBUF_inst/O
                         net (fo=1, routed)           1.862    13.250    clk_IBUF
    BUFGCTRL_X0Y0        BUFG (Prop_bufg_I_O)         0.091    13.341 r  clk_IBUF_BUFG_inst/O
                         net (fo=29, routed)          1.511    14.852    clok/clockdiv_reg_0
    SLICE_X1Y32          FDCE                                         r  clok/counter_reg[6]/C
                         clock pessimism              0.274    15.126    
                         clock uncertainty           -0.035    15.091    
    SLICE_X1Y32          FDCE (Setup_fdce_C_D)        0.029    15.120    clok/counter_reg[6]
  -------------------------------------------------------------------
                         required time                         15.120    
                         arrival time                          -8.859    
  -------------------------------------------------------------------
                         slack                                  6.261    

Slack (MET) :             6.264ns  (required time - arrival time)
  Source:                 clok/counter_reg[3]/C
                            (rising edge-triggered cell FDCE clocked by sys_clk_pin  {rise@0.000ns fall@5.000ns period=10.000ns})
  Destination:            clok/counter_reg[7]/D
                            (rising edge-triggered cell FDCE clocked by sys_clk_pin  {rise@0.000ns fall@5.000ns period=10.000ns})
  Path Group:             sys_clk_pin
  Path Type:              Setup (Max at Slow Process Corner)
  Requirement:            10.000ns  (sys_clk_pin rise@10.000ns - sys_clk_pin rise@0.000ns)
  Data Path Delay:        3.710ns  (logic 0.828ns (22.319%)  route 2.882ns (77.681%))
  Logic Levels:           3  (LUT4=1 LUT5=2)
  Clock Path Skew:        -0.022ns (DCD - SCD + CPR)
    Destination Clock Delay (DCD):    4.852ns = ( 14.852 - 10.000 ) 
    Source Clock Delay      (SCD):    5.148ns
    Clock Pessimism Removal (CPR):    0.274ns
  Clock Uncertainty:      0.035ns  ((TSJ^2 + TIJ^2)^1/2 + DJ) / 2 + PE
    Total System Jitter     (TSJ):    0.071ns
    Total Input Jitter      (TIJ):    0.000ns
    Discrete Jitter          (DJ):    0.000ns
    Phase Error              (PE):    0.000ns

    Location             Delay type                Incr(ns)  Path(ns)    Netlist Resource(s)
  -------------------------------------------------------------------    -------------------
                         (clock sys_clk_pin rise edge)
                                                      0.000     0.000 r  
    W5                                                0.000     0.000 r  clk (IN)
                         net (fo=0)                   0.000     0.000    clk
    W5                   IBUF (Prop_ibuf_I_O)         1.458     1.458 r  clk_IBUF_inst/O
                         net (fo=1, routed)           1.967     3.425    clk_IBUF
    BUFGCTRL_X0Y0        BUFG (Prop_bufg_I_O)         0.096     3.521 r  clk_IBUF_BUFG_inst/O
                         net (fo=29, routed)          1.627     5.148    clok/clockdiv_reg_0
    SLICE_X1Y31          FDCE                                         r  clok/counter_reg[3]/C
  -------------------------------------------------------------------    -------------------
    SLICE_X1Y31          FDCE (Prop_fdce_C_Q)         0.456     5.604 r  clok/counter_reg[3]/Q
                         net (fo=2, routed)           0.695     6.300    clok/counter[3]
    SLICE_X1Y31          LUT4 (Prop_lut4_I0_O)        0.124     6.424 r  clok/counter[27]_i_8/O
                         net (fo=1, routed)           0.846     7.269    clok/counter[27]_i_8_n_0
    SLICE_X1Y36          LUT5 (Prop_lut5_I4_O)        0.124     7.393 r  clok/counter[27]_i_4/O
                         net (fo=29, routed)          1.341     8.734    clok/counter[27]_i_4_n_0
    SLICE_X1Y32          LUT5 (Prop_lut5_I3_O)        0.124     8.858 r  clok/counter[7]_i_1/O
                         net (fo=1, routed)           0.000     8.858    clok/counter_0[7]
    SLICE_X1Y32          FDCE                                         r  clok/counter_reg[7]/D
  -------------------------------------------------------------------    -------------------

                         (clock sys_clk_pin rise edge)
                                                     10.000    10.000 r  
    W5                                                0.000    10.000 r  clk (IN)
                         net (fo=0)                   0.000    10.000    clk
    W5                   IBUF (Prop_ibuf_I_O)         1.388    11.388 r  clk_IBUF_inst/O
                         net (fo=1, routed)           1.862    13.250    clk_IBUF
    BUFGCTRL_X0Y0        BUFG (Prop_bufg_I_O)         0.091    13.341 r  clk_IBUF_BUFG_inst/O
                         net (fo=29, routed)          1.511    14.852    clok/clockdiv_reg_0
    SLICE_X1Y32          FDCE                                         r  clok/counter_reg[7]/C
                         clock pessimism              0.274    15.126    
                         clock uncertainty           -0.035    15.091    
    SLICE_X1Y32          FDCE (Setup_fdce_C_D)        0.031    15.122    clok/counter_reg[7]
  -------------------------------------------------------------------
                         required time                         15.122    
                         arrival time                          -8.858    
  -------------------------------------------------------------------
                         slack                                  6.264    





Min Delay Paths
--------------------------------------------------------------------------------------
Slack (MET) :             0.230ns  (arrival time - required time)
  Source:                 clok/counter_reg[0]/C
                            (rising edge-triggered cell FDCE clocked by sys_clk_pin  {rise@0.000ns fall@5.000ns period=10.000ns})
  Destination:            clok/counter_reg[21]/D
                            (rising edge-triggered cell FDCE clocked by sys_clk_pin  {rise@0.000ns fall@5.000ns period=10.000ns})
  Path Group:             sys_clk_pin
  Path Type:              Hold (Min at Fast Process Corner)
  Requirement:            0.000ns  (sys_clk_pin rise@0.000ns - sys_clk_pin rise@0.000ns)
  Data Path Delay:        0.322ns  (logic 0.186ns (57.684%)  route 0.136ns (42.316%))
  Logic Levels:           1  (LUT5=1)
  Clock Path Skew:        0.000ns (DCD - SCD - CPR)
    Destination Clock Delay (DCD):    1.988ns
    Source Clock Delay      (SCD):    1.474ns
    Clock Pessimism Removal (CPR):    0.514ns

    Location             Delay type                Incr(ns)  Path(ns)    Netlist Resource(s)
  -------------------------------------------------------------------    -------------------
                         (clock sys_clk_pin rise edge)
                                                      0.000     0.000 r  
    W5                                                0.000     0.000 r  clk (IN)
                         net (fo=0)                   0.000     0.000    clk
    W5                   IBUF (Prop_ibuf_I_O)         0.226     0.226 r  clk_IBUF_inst/O
                         net (fo=1, routed)           0.631     0.858    clk_IBUF
    BUFGCTRL_X0Y0        BUFG (Prop_bufg_I_O)         0.026     0.884 r  clk_IBUF_BUFG_inst/O
                         net (fo=29, routed)          0.591     1.474    clok/clockdiv_reg_0
    SLICE_X1Y36          FDCE                                         r  clok/counter_reg[0]/C
  -------------------------------------------------------------------    -------------------
    SLICE_X1Y36          FDCE (Prop_fdce_C_Q)         0.141     1.615 r  clok/counter_reg[0]/Q
                         net (fo=30, routed)          0.136     1.752    clok/counter[0]
    SLICE_X1Y36          LUT5 (Prop_lut5_I0_O)        0.045     1.797 r  clok/counter[21]_i_1/O
                         net (fo=1, routed)           0.000     1.797    clok/counter_0[21]
    SLICE_X1Y36          FDCE                                         r  clok/counter_reg[21]/D
  -------------------------------------------------------------------    -------------------

                         (clock sys_clk_pin rise edge)
                                                      0.000     0.000 r  
    W5                                                0.000     0.000 r  clk (IN)
                         net (fo=0)                   0.000     0.000    clk
    W5                   IBUF (Prop_ibuf_I_O)         0.414     0.414 r  clk_IBUF_inst/O
                         net (fo=1, routed)           0.685     1.099    clk_IBUF
    BUFGCTRL_X0Y0        BUFG (Prop_bufg_I_O)         0.029     1.128 r  clk_IBUF_BUFG_inst/O
                         net (fo=29, routed)          0.861     1.988    clok/clockdiv_reg_0
    SLICE_X1Y36          FDCE                                         r  clok/counter_reg[21]/C
                         clock pessimism             -0.514     1.474    
    SLICE_X1Y36          FDCE (Hold_fdce_C_D)         0.092     1.566    clok/counter_reg[21]
  -------------------------------------------------------------------
                         required time                         -1.566    
                         arrival time                           1.797    
  -------------------------------------------------------------------
                         slack                                  0.230    

Slack (MET) :             0.256ns  (arrival time - required time)
  Source:                 clok/counter_reg[0]/C
                            (rising edge-triggered cell FDCE clocked by sys_clk_pin  {rise@0.000ns fall@5.000ns period=10.000ns})
  Destination:            clok/counter_reg[26]/D
                            (rising edge-triggered cell FDCE clocked by sys_clk_pin  {rise@0.000ns fall@5.000ns period=10.000ns})
  Path Group:             sys_clk_pin
  Path Type:              Hold (Min at Fast Process Corner)
  Requirement:            0.000ns  (sys_clk_pin rise@0.000ns - sys_clk_pin rise@0.000ns)
  Data Path Delay:        0.363ns  (logic 0.183ns (50.361%)  route 0.180ns (49.639%))
  Logic Levels:           1  (LUT5=1)
  Clock Path Skew:        0.000ns (DCD - SCD - CPR)
    Destination Clock Delay (DCD):    1.988ns
    Source Clock Delay      (SCD):    1.474ns
    Clock Pessimism Removal (CPR):    0.514ns

    Location             Delay type                Incr(ns)  Path(ns)    Netlist Resource(s)
  -------------------------------------------------------------------    -------------------
                         (clock sys_clk_pin rise edge)
                                                      0.000     0.000 r  
    W5                                                0.000     0.000 r  clk (IN)
                         net (fo=0)                   0.000     0.000    clk
    W5                   IBUF (Prop_ibuf_I_O)         0.226     0.226 r  clk_IBUF_inst/O
                         net (fo=1, routed)           0.631     0.858    clk_IBUF
    BUFGCTRL_X0Y0        BUFG (Prop_bufg_I_O)         0.026     0.884 r  clk_IBUF_BUFG_inst/O
                         net (fo=29, routed)          0.591     1.474    clok/clockdiv_reg_0
    SLICE_X1Y36          FDCE                                         r  clok/counter_reg[0]/C
  -------------------------------------------------------------------    -------------------
    SLICE_X1Y36          FDCE (Prop_fdce_C_Q)         0.141     1.615 r  clok/counter_reg[0]/Q
                         net (fo=30, routed)          0.180     1.796    clok/counter[0]
    SLICE_X1Y36          LUT5 (Prop_lut5_I0_O)        0.042     1.838 r  clok/counter[26]_i_1/O
                         net (fo=1, routed)           0.000     1.838    clok/counter_0[26]
    SLICE_X1Y36          FDCE                                         r  clok/counter_reg[26]/D
  -------------------------------------------------------------------    -------------------

                         (clock sys_clk_pin rise edge)
                                                      0.000     0.000 r  
    W5                                                0.000     0.000 r  clk (IN)
                         net (fo=0)                   0.000     0.000    clk
    W5                   IBUF (Prop_ibuf_I_O)         0.414     0.414 r  clk_IBUF_inst/O
                         net (fo=1, routed)           0.685     1.099    clk_IBUF
    BUFGCTRL_X0Y0        BUFG (Prop_bufg_I_O)         0.029     1.128 r  clk_IBUF_BUFG_inst/O
                         net (fo=29, routed)          0.861     1.988    clok/clockdiv_reg_0
    SLICE_X1Y36          FDCE                                         r  clok/counter_reg[26]/C
                         clock pessimism             -0.514     1.474    
    SLICE_X1Y36          FDCE (Hold_fdce_C_D)         0.107     1.581    clok/counter_reg[26]
  -------------------------------------------------------------------
                         required time                         -1.581    
                         arrival time                           1.838    
  -------------------------------------------------------------------
                         slack                                  0.256    

Slack (MET) :             0.263ns  (arrival time - required time)
  Source:                 clok/clockdiv_reg/C
                            (rising edge-triggered cell FDRE clocked by sys_clk_pin  {rise@0.000ns fall@5.000ns period=10.000ns})
  Destination:            clok/clockdiv_reg/D
                            (rising edge-triggered cell FDRE clocked by sys_clk_pin  {rise@0.000ns fall@5.000ns period=10.000ns})
  Path Group:             sys_clk_pin
  Path Type:              Hold (Min at Fast Process Corner)
  Requirement:            0.000ns  (sys_clk_pin rise@0.000ns - sys_clk_pin rise@0.000ns)
  Data Path Delay:        0.354ns  (logic 0.186ns (52.507%)  route 0.168ns (47.493%))
  Logic Levels:           1  (LUT6=1)
  Clock Path Skew:        0.000ns (DCD - SCD - CPR)
    Destination Clock Delay (DCD):    1.986ns
    Source Clock Delay      (SCD):    1.473ns
    Clock Pessimism Removal (CPR):    0.513ns

    Location             Delay type                Incr(ns)  Path(ns)    Netlist Resource(s)
  -------------------------------------------------------------------    -------------------
                         (clock sys_clk_pin rise edge)
                                                      0.000     0.000 r  
    W5                                                0.000     0.000 r  clk (IN)
                         net (fo=0)                   0.000     0.000    clk
    W5                   IBUF (Prop_ibuf_I_O)         0.226     0.226 r  clk_IBUF_inst/O
                         net (fo=1, routed)           0.631     0.858    clk_IBUF
    BUFGCTRL_X0Y0        BUFG (Prop_bufg_I_O)         0.026     0.884 r  clk_IBUF_BUFG_inst/O
                         net (fo=29, routed)          0.590     1.473    clok/clockdiv_reg_0
    SLICE_X3Y33          FDRE                                         r  clok/clockdiv_reg/C
  -------------------------------------------------------------------    -------------------
    SLICE_X3Y33          FDRE (Prop_fdre_C_Q)         0.141     1.614 r  clok/clockdiv_reg/Q
                         net (fo=5, routed)           0.168     1.782    clok/CLK
    SLICE_X3Y33          LUT6 (Prop_lut6_I5_O)        0.045     1.827 r  clok/clockdiv_i_1/O
                         net (fo=1, routed)           0.000     1.827    clok/clockdiv_i_1_n_0
    SLICE_X3Y33          FDRE                                         r  clok/clockdiv_reg/D
  -------------------------------------------------------------------    -------------------

                         (clock sys_clk_pin rise edge)
                                                      0.000     0.000 r  
    W5                                                0.000     0.000 r  clk (IN)
                         net (fo=0)                   0.000     0.000    clk
    W5                   IBUF (Prop_ibuf_I_O)         0.414     0.414 r  clk_IBUF_inst/O
                         net (fo=1, routed)           0.685     1.099    clk_IBUF
    BUFGCTRL_X0Y0        BUFG (Prop_bufg_I_O)         0.029     1.128 r  clk_IBUF_BUFG_inst/O
                         net (fo=29, routed)          0.859     1.986    clok/clockdiv_reg_0
    SLICE_X3Y33          FDRE                                         r  clok/clockdiv_reg/C
                         clock pessimism             -0.513     1.473    
    SLICE_X3Y33          FDRE (Hold_fdre_C_D)         0.091     1.564    clok/clockdiv_reg
  -------------------------------------------------------------------
                         required time                         -1.564    
                         arrival time                           1.827    
  -------------------------------------------------------------------
                         slack                                  0.263    

Slack (MET) :             0.267ns  (arrival time - required time)
  Source:                 clok/counter_reg[0]/C
                            (rising edge-triggered cell FDCE clocked by sys_clk_pin  {rise@0.000ns fall@5.000ns period=10.000ns})
  Destination:            clok/counter_reg[18]/D
                            (rising edge-triggered cell FDCE clocked by sys_clk_pin  {rise@0.000ns fall@5.000ns period=10.000ns})
  Path Group:             sys_clk_pin
  Path Type:              Hold (Min at Fast Process Corner)
  Requirement:            0.000ns  (sys_clk_pin rise@0.000ns - sys_clk_pin rise@0.000ns)
  Data Path Delay:        0.373ns  (logic 0.186ns (49.818%)  route 0.187ns (50.182%))
  Logic Levels:           1  (LUT5=1)
  Clock Path Skew:        0.015ns (DCD - SCD - CPR)
    Destination Clock Delay (DCD):    1.988ns
    Source Clock Delay      (SCD):    1.474ns
    Clock Pessimism Removal (CPR):    0.499ns

    Location             Delay type                Incr(ns)  Path(ns)    Netlist Resource(s)
  -------------------------------------------------------------------    -------------------
                         (clock sys_clk_pin rise edge)
                                                      0.000     0.000 r  
    W5                                                0.000     0.000 r  clk (IN)
                         net (fo=0)                   0.000     0.000    clk
    W5                   IBUF (Prop_ibuf_I_O)         0.226     0.226 r  clk_IBUF_inst/O
                         net (fo=1, routed)           0.631     0.858    clk_IBUF
    BUFGCTRL_X0Y0        BUFG (Prop_bufg_I_O)         0.026     0.884 r  clk_IBUF_BUFG_inst/O
                         net (fo=29, routed)          0.591     1.474    clok/clockdiv_reg_0
    SLICE_X1Y36          FDCE                                         r  clok/counter_reg[0]/C
  -------------------------------------------------------------------    -------------------
    SLICE_X1Y36          FDCE (Prop_fdce_C_Q)         0.141     1.615 r  clok/counter_reg[0]/Q
                         net (fo=30, routed)          0.187     1.802    clok/counter[0]
    SLICE_X1Y35          LUT5 (Prop_lut5_I0_O)        0.045     1.847 r  clok/counter[18]_i_1/O
                         net (fo=1, routed)           0.000     1.847    clok/counter_0[18]
    SLICE_X1Y35          FDCE                                         r  clok/counter_reg[18]/D
  -------------------------------------------------------------------    -------------------

                         (clock sys_clk_pin rise edge)
                                                      0.000     0.000 r  
    W5                                                0.000     0.000 r  clk (IN)
                         net (fo=0)                   0.000     0.000    clk
    W5                   IBUF (Prop_ibuf_I_O)         0.414     0.414 r  clk_IBUF_inst/O
                         net (fo=1, routed)           0.685     1.099    clk_IBUF
    BUFGCTRL_X0Y0        BUFG (Prop_bufg_I_O)         0.029     1.128 r  clk_IBUF_BUFG_inst/O
                         net (fo=29, routed)          0.861     1.988    clok/clockdiv_reg_0
    SLICE_X1Y35          FDCE                                         r  clok/counter_reg[18]/C
                         clock pessimism             -0.499     1.489    
    SLICE_X1Y35          FDCE (Hold_fdce_C_D)         0.091     1.580    clok/counter_reg[18]
  -------------------------------------------------------------------
                         required time                         -1.580    
                         arrival time                           1.847    
  -------------------------------------------------------------------
                         slack                                  0.267    

Slack (MET) :             0.267ns  (arrival time - required time)
  Source:                 clok/counter_reg[0]/C
                            (rising edge-triggered cell FDCE clocked by sys_clk_pin  {rise@0.000ns fall@5.000ns period=10.000ns})
  Destination:            clok/counter_reg[19]/D
                            (rising edge-triggered cell FDCE clocked by sys_clk_pin  {rise@0.000ns fall@5.000ns period=10.000ns})
  Path Group:             sys_clk_pin
  Path Type:              Hold (Min at Fast Process Corner)
  Requirement:            0.000ns  (sys_clk_pin rise@0.000ns - sys_clk_pin rise@0.000ns)
  Data Path Delay:        0.374ns  (logic 0.186ns (49.684%)  route 0.188ns (50.316%))
  Logic Levels:           1  (LUT5=1)
  Clock Path Skew:        0.015ns (DCD - SCD - CPR)
    Destination Clock Delay (DCD):    1.988ns
    Source Clock Delay      (SCD):    1.474ns
    Clock Pessimism Removal (CPR):    0.499ns

    Location             Delay type                Incr(ns)  Path(ns)    Netlist Resource(s)
  -------------------------------------------------------------------    -------------------
                         (clock sys_clk_pin rise edge)
                                                      0.000     0.000 r  
    W5                                                0.000     0.000 r  clk (IN)
                         net (fo=0)                   0.000     0.000    clk
    W5                   IBUF (Prop_ibuf_I_O)         0.226     0.226 r  clk_IBUF_inst/O
                         net (fo=1, routed)           0.631     0.858    clk_IBUF
    BUFGCTRL_X0Y0        BUFG (Prop_bufg_I_O)         0.026     0.884 r  clk_IBUF_BUFG_inst/O
                         net (fo=29, routed)          0.591     1.474    clok/clockdiv_reg_0
    SLICE_X1Y36          FDCE                                         r  clok/counter_reg[0]/C
  -------------------------------------------------------------------    -------------------
    SLICE_X1Y36          FDCE (Prop_fdce_C_Q)         0.141     1.615 r  clok/counter_reg[0]/Q
                         net (fo=30, routed)          0.188     1.803    clok/counter[0]
    SLICE_X1Y35          LUT5 (Prop_lut5_I0_O)        0.045     1.848 r  clok/counter[19]_i_1/O
                         net (fo=1, routed)           0.000     1.848    clok/counter_0[19]
    SLICE_X1Y35          FDCE                                         r  clok/counter_reg[19]/D
  -------------------------------------------------------------------    -------------------

                         (clock sys_clk_pin rise edge)
                                                      0.000     0.000 r  
    W5                                                0.000     0.000 r  clk (IN)
                         net (fo=0)                   0.000     0.000    clk
    W5                   IBUF (Prop_ibuf_I_O)         0.414     0.414 r  clk_IBUF_inst/O
                         net (fo=1, routed)           0.685     1.099    clk_IBUF
    BUFGCTRL_X0Y0        BUFG (Prop_bufg_I_O)         0.029     1.128 r  clk_IBUF_BUFG_inst/O
                         net (fo=29, routed)          0.861     1.988    clok/clockdiv_reg_0
    SLICE_X1Y35          FDCE                                         r  clok/counter_reg[19]/C
                         clock pessimism             -0.499     1.489    
    SLICE_X1Y35          FDCE (Hold_fdce_C_D)         0.092     1.581    clok/counter_reg[19]
  -------------------------------------------------------------------
                         required time                         -1.581    
                         arrival time                           1.848    
  -------------------------------------------------------------------
                         slack                                  0.267    

Slack (MET) :             0.275ns  (arrival time - required time)
  Source:                 clok/counter_reg[0]/C
                            (rising edge-triggered cell FDCE clocked by sys_clk_pin  {rise@0.000ns fall@5.000ns period=10.000ns})
  Destination:            clok/counter_reg[0]/D
                            (rising edge-triggered cell FDCE clocked by sys_clk_pin  {rise@0.000ns fall@5.000ns period=10.000ns})
  Path Group:             sys_clk_pin
  Path Type:              Hold (Min at Fast Process Corner)
  Requirement:            0.000ns  (sys_clk_pin rise@0.000ns - sys_clk_pin rise@0.000ns)
  Data Path Delay:        0.366ns  (logic 0.186ns (50.768%)  route 0.180ns (49.232%))
  Logic Levels:           1  (LUT4=1)
  Clock Path Skew:        0.000ns (DCD - SCD - CPR)
    Destination Clock Delay (DCD):    1.988ns
    Source Clock Delay      (SCD):    1.474ns
    Clock Pessimism Removal (CPR):    0.514ns

    Location             Delay type                Incr(ns)  Path(ns)    Netlist Resource(s)
  -------------------------------------------------------------------    -------------------
                         (clock sys_clk_pin rise edge)
                                                      0.000     0.000 r  
    W5                                                0.000     0.000 r  clk (IN)
                         net (fo=0)                   0.000     0.000    clk
    W5                   IBUF (Prop_ibuf_I_O)         0.226     0.226 r  clk_IBUF_inst/O
                         net (fo=1, routed)           0.631     0.858    clk_IBUF
    BUFGCTRL_X0Y0        BUFG (Prop_bufg_I_O)         0.026     0.884 r  clk_IBUF_BUFG_inst/O
                         net (fo=29, routed)          0.591     1.474    clok/clockdiv_reg_0
    SLICE_X1Y36          FDCE                                         r  clok/counter_reg[0]/C
  -------------------------------------------------------------------    -------------------
    SLICE_X1Y36          FDCE (Prop_fdce_C_Q)         0.141     1.615 f  clok/counter_reg[0]/Q
                         net (fo=30, routed)          0.180     1.796    clok/counter[0]
    SLICE_X1Y36          LUT4 (Prop_lut4_I3_O)        0.045     1.841 r  clok/counter[0]_i_1/O
                         net (fo=1, routed)           0.000     1.841    clok/counter_0[0]
    SLICE_X1Y36          FDCE                                         r  clok/counter_reg[0]/D
  -------------------------------------------------------------------    -------------------

                         (clock sys_clk_pin rise edge)
                                                      0.000     0.000 r  
    W5                                                0.000     0.000 r  clk (IN)
                         net (fo=0)                   0.000     0.000    clk
    W5                   IBUF (Prop_ibuf_I_O)         0.414     0.414 r  clk_IBUF_inst/O
                         net (fo=1, routed)           0.685     1.099    clk_IBUF
    BUFGCTRL_X0Y0        BUFG (Prop_bufg_I_O)         0.029     1.128 r  clk_IBUF_BUFG_inst/O
                         net (fo=29, routed)          0.861     1.988    clok/clockdiv_reg_0
    SLICE_X1Y36          FDCE                                         r  clok/counter_reg[0]/C
                         clock pessimism             -0.514     1.474    
    SLICE_X1Y36          FDCE (Hold_fdce_C_D)         0.091     1.565    clok/counter_reg[0]
  -------------------------------------------------------------------
                         required time                         -1.565    
                         arrival time                           1.841    
  -------------------------------------------------------------------
                         slack                                  0.275    

Slack (MET) :             0.316ns  (arrival time - required time)
  Source:                 clok/counter_reg[0]/C
                            (rising edge-triggered cell FDCE clocked by sys_clk_pin  {rise@0.000ns fall@5.000ns period=10.000ns})
  Destination:            clok/counter_reg[27]/D
                            (rising edge-triggered cell FDCE clocked by sys_clk_pin  {rise@0.000ns fall@5.000ns period=10.000ns})
  Path Group:             sys_clk_pin
  Path Type:              Hold (Min at Fast Process Corner)
  Requirement:            0.000ns  (sys_clk_pin rise@0.000ns - sys_clk_pin rise@0.000ns)
  Data Path Delay:        0.408ns  (logic 0.186ns (45.538%)  route 0.222ns (54.462%))
  Logic Levels:           1  (LUT5=1)
  Clock Path Skew:        0.000ns (DCD - SCD - CPR)
    Destination Clock Delay (DCD):    1.988ns
    Source Clock Delay      (SCD):    1.474ns
    Clock Pessimism Removal (CPR):    0.514ns

    Location             Delay type                Incr(ns)  Path(ns)    Netlist Resource(s)
  -------------------------------------------------------------------    -------------------
                         (clock sys_clk_pin rise edge)
                                                      0.000     0.000 r  
    W5                                                0.000     0.000 r  clk (IN)
                         net (fo=0)                   0.000     0.000    clk
    W5                   IBUF (Prop_ibuf_I_O)         0.226     0.226 r  clk_IBUF_inst/O
                         net (fo=1, routed)           0.631     0.858    clk_IBUF
    BUFGCTRL_X0Y0        BUFG (Prop_bufg_I_O)         0.026     0.884 r  clk_IBUF_BUFG_inst/O
                         net (fo=29, routed)          0.591     1.474    clok/clockdiv_reg_0
    SLICE_X1Y36          FDCE                                         r  clok/counter_reg[0]/C
  -------------------------------------------------------------------    -------------------
    SLICE_X1Y36          FDCE (Prop_fdce_C_Q)         0.141     1.615 r  clok/counter_reg[0]/Q
                         net (fo=30, routed)          0.222     1.838    clok/counter[0]
    SLICE_X1Y36          LUT5 (Prop_lut5_I0_O)        0.045     1.883 r  clok/counter[27]_i_1/O
                         net (fo=1, routed)           0.000     1.883    clok/counter_0[27]
    SLICE_X1Y36          FDCE                                         r  clok/counter_reg[27]/D
  -------------------------------------------------------------------    -------------------

                         (clock sys_clk_pin rise edge)
                                                      0.000     0.000 r  
    W5                                                0.000     0.000 r  clk (IN)
                         net (fo=0)                   0.000     0.000    clk
    W5                   IBUF (Prop_ibuf_I_O)         0.414     0.414 r  clk_IBUF_inst/O
                         net (fo=1, routed)           0.685     1.099    clk_IBUF
    BUFGCTRL_X0Y0        BUFG (Prop_bufg_I_O)         0.029     1.128 r  clk_IBUF_BUFG_inst/O
                         net (fo=29, routed)          0.861     1.988    clok/clockdiv_reg_0
    SLICE_X1Y36          FDCE                                         r  clok/counter_reg[27]/C
                         clock pessimism             -0.514     1.474    
    SLICE_X1Y36          FDCE (Hold_fdce_C_D)         0.092     1.566    clok/counter_reg[27]
  -------------------------------------------------------------------
                         required time                         -1.566    
                         arrival time                           1.883    
  -------------------------------------------------------------------
                         slack                                  0.316    

Slack (MET) :             0.349ns  (arrival time - required time)
  Source:                 clok/counter_reg[0]/C
                            (rising edge-triggered cell FDCE clocked by sys_clk_pin  {rise@0.000ns fall@5.000ns period=10.000ns})
  Destination:            clok/counter_reg[15]/D
                            (rising edge-triggered cell FDCE clocked by sys_clk_pin  {rise@0.000ns fall@5.000ns period=10.000ns})
  Path Group:             sys_clk_pin
  Path Type:              Hold (Min at Fast Process Corner)
  Requirement:            0.000ns  (sys_clk_pin rise@0.000ns - sys_clk_pin rise@0.000ns)
  Data Path Delay:        0.455ns  (logic 0.186ns (40.848%)  route 0.269ns (59.152%))
  Logic Levels:           1  (LUT5=1)
  Clock Path Skew:        0.014ns (DCD - SCD - CPR)
    Destination Clock Delay (DCD):    1.987ns
    Source Clock Delay      (SCD):    1.474ns
    Clock Pessimism Removal (CPR):    0.499ns

    Location             Delay type                Incr(ns)  Path(ns)    Netlist Resource(s)
  -------------------------------------------------------------------    -------------------
                         (clock sys_clk_pin rise edge)
                                                      0.000     0.000 r  
    W5                                                0.000     0.000 r  clk (IN)
                         net (fo=0)                   0.000     0.000    clk
    W5                   IBUF (Prop_ibuf_I_O)         0.226     0.226 r  clk_IBUF_inst/O
                         net (fo=1, routed)           0.631     0.858    clk_IBUF
    BUFGCTRL_X0Y0        BUFG (Prop_bufg_I_O)         0.026     0.884 r  clk_IBUF_BUFG_inst/O
                         net (fo=29, routed)          0.591     1.474    clok/clockdiv_reg_0
    SLICE_X1Y36          FDCE                                         r  clok/counter_reg[0]/C
  -------------------------------------------------------------------    -------------------
    SLICE_X1Y36          FDCE (Prop_fdce_C_Q)         0.141     1.615 r  clok/counter_reg[0]/Q
                         net (fo=30, routed)          0.269     1.884    clok/counter[0]
    SLICE_X1Y34          LUT5 (Prop_lut5_I0_O)        0.045     1.929 r  clok/counter[15]_i_1/O
                         net (fo=1, routed)           0.000     1.929    clok/counter_0[15]
    SLICE_X1Y34          FDCE                                         r  clok/counter_reg[15]/D
  -------------------------------------------------------------------    -------------------

                         (clock sys_clk_pin rise edge)
                                                      0.000     0.000 r  
    W5                                                0.000     0.000 r  clk (IN)
                         net (fo=0)                   0.000     0.000    clk
    W5                   IBUF (Prop_ibuf_I_O)         0.414     0.414 r  clk_IBUF_inst/O
                         net (fo=1, routed)           0.685     1.099    clk_IBUF
    BUFGCTRL_X0Y0        BUFG (Prop_bufg_I_O)         0.029     1.128 r  clk_IBUF_BUFG_inst/O
                         net (fo=29, routed)          0.860     1.987    clok/clockdiv_reg_0
    SLICE_X1Y34          FDCE                                         r  clok/counter_reg[15]/C
                         clock pessimism             -0.499     1.488    
    SLICE_X1Y34          FDCE (Hold_fdce_C_D)         0.092     1.580    clok/counter_reg[15]
  -------------------------------------------------------------------
                         required time                         -1.580    
                         arrival time                           1.929    
  -------------------------------------------------------------------
                         slack                                  0.349    

Slack (MET) :             0.406ns  (arrival time - required time)
  Source:                 clok/counter_reg[0]/C
                            (rising edge-triggered cell FDCE clocked by sys_clk_pin  {rise@0.000ns fall@5.000ns period=10.000ns})
  Destination:            clok/counter_reg[20]/D
                            (rising edge-triggered cell FDCE clocked by sys_clk_pin  {rise@0.000ns fall@5.000ns period=10.000ns})
  Path Group:             sys_clk_pin
  Path Type:              Hold (Min at Fast Process Corner)
  Requirement:            0.000ns  (sys_clk_pin rise@0.000ns - sys_clk_pin rise@0.000ns)
  Data Path Delay:        0.513ns  (logic 0.186ns (36.232%)  route 0.327ns (63.768%))
  Logic Levels:           1  (LUT5=1)
  Clock Path Skew:        0.015ns (DCD - SCD - CPR)
    Destination Clock Delay (DCD):    1.988ns
    Source Clock Delay      (SCD):    1.474ns
    Clock Pessimism Removal (CPR):    0.499ns

    Location             Delay type                Incr(ns)  Path(ns)    Netlist Resource(s)
  -------------------------------------------------------------------    -------------------
                         (clock sys_clk_pin rise edge)
                                                      0.000     0.000 r  
    W5                                                0.000     0.000 r  clk (IN)
                         net (fo=0)                   0.000     0.000    clk
    W5                   IBUF (Prop_ibuf_I_O)         0.226     0.226 r  clk_IBUF_inst/O
                         net (fo=1, routed)           0.631     0.858    clk_IBUF
    BUFGCTRL_X0Y0        BUFG (Prop_bufg_I_O)         0.026     0.884 r  clk_IBUF_BUFG_inst/O
                         net (fo=29, routed)          0.591     1.474    clok/clockdiv_reg_0
    SLICE_X1Y36          FDCE                                         r  clok/counter_reg[0]/C
  -------------------------------------------------------------------    -------------------
    SLICE_X1Y36          FDCE (Prop_fdce_C_Q)         0.141     1.615 r  clok/counter_reg[0]/Q
                         net (fo=30, routed)          0.327     1.942    clok/counter[0]
    SLICE_X1Y35          LUT5 (Prop_lut5_I0_O)        0.045     1.987 r  clok/counter[20]_i_1/O
                         net (fo=1, routed)           0.000     1.987    clok/counter_0[20]
    SLICE_X1Y35          FDCE                                         r  clok/counter_reg[20]/D
  -------------------------------------------------------------------    -------------------

                         (clock sys_clk_pin rise edge)
                                                      0.000     0.000 r  
    W5                                                0.000     0.000 r  clk (IN)
                         net (fo=0)                   0.000     0.000    clk
    W5                   IBUF (Prop_ibuf_I_O)         0.414     0.414 r  clk_IBUF_inst/O
                         net (fo=1, routed)           0.685     1.099    clk_IBUF
    BUFGCTRL_X0Y0        BUFG (Prop_bufg_I_O)         0.029     1.128 r  clk_IBUF_BUFG_inst/O
                         net (fo=29, routed)          0.861     1.988    clok/clockdiv_reg_0
    SLICE_X1Y35          FDCE                                         r  clok/counter_reg[20]/C
                         clock pessimism             -0.499     1.489    
    SLICE_X1Y35          FDCE (Hold_fdce_C_D)         0.092     1.581    clok/counter_reg[20]
  -------------------------------------------------------------------
                         required time                         -1.581    
                         arrival time                           1.987    
  -------------------------------------------------------------------
                         slack                                  0.406    

Slack (MET) :             0.423ns  (arrival time - required time)
  Source:                 clok/counter_reg[0]/C
                            (rising edge-triggered cell FDCE clocked by sys_clk_pin  {rise@0.000ns fall@5.000ns period=10.000ns})
  Destination:            clok/counter_reg[14]/D
                            (rising edge-triggered cell FDCE clocked by sys_clk_pin  {rise@0.000ns fall@5.000ns period=10.000ns})
  Path Group:             sys_clk_pin
  Path Type:              Hold (Min at Fast Process Corner)
  Requirement:            0.000ns  (sys_clk_pin rise@0.000ns - sys_clk_pin rise@0.000ns)
  Data Path Delay:        0.528ns  (logic 0.186ns (35.204%)  route 0.342ns (64.796%))
  Logic Levels:           1  (LUT5=1)
  Clock Path Skew:        0.014ns (DCD - SCD - CPR)
    Destination Clock Delay (DCD):    1.987ns
    Source Clock Delay      (SCD):    1.474ns
    Clock Pessimism Removal (CPR):    0.499ns

    Location             Delay type                Incr(ns)  Path(ns)    Netlist Resource(s)
  -------------------------------------------------------------------    -------------------
                         (clock sys_clk_pin rise edge)
                                                      0.000     0.000 r  
    W5                                                0.000     0.000 r  clk (IN)
                         net (fo=0)                   0.000     0.000    clk
    W5                   IBUF (Prop_ibuf_I_O)         0.226     0.226 r  clk_IBUF_inst/O
                         net (fo=1, routed)           0.631     0.858    clk_IBUF
    BUFGCTRL_X0Y0        BUFG (Prop_bufg_I_O)         0.026     0.884 r  clk_IBUF_BUFG_inst/O
                         net (fo=29, routed)          0.591     1.474    clok/clockdiv_reg_0
    SLICE_X1Y36          FDCE                                         r  clok/counter_reg[0]/C
  -------------------------------------------------------------------    -------------------
    SLICE_X1Y36          FDCE (Prop_fdce_C_Q)         0.141     1.615 r  clok/counter_reg[0]/Q
                         net (fo=30, routed)          0.342     1.957    clok/counter[0]
    SLICE_X1Y34          LUT5 (Prop_lut5_I0_O)        0.045     2.002 r  clok/counter[14]_i_1/O
                         net (fo=1, routed)           0.000     2.002    clok/counter_0[14]
    SLICE_X1Y34          FDCE                                         r  clok/counter_reg[14]/D
  -------------------------------------------------------------------    -------------------

                         (clock sys_clk_pin rise edge)
                                                      0.000     0.000 r  
    W5                                                0.000     0.000 r  clk (IN)
                         net (fo=0)                   0.000     0.000    clk
    W5                   IBUF (Prop_ibuf_I_O)         0.414     0.414 r  clk_IBUF_inst/O
                         net (fo=1, routed)           0.685     1.099    clk_IBUF
    BUFGCTRL_X0Y0        BUFG (Prop_bufg_I_O)         0.029     1.128 r  clk_IBUF_BUFG_inst/O
                         net (fo=29, routed)          0.860     1.987    clok/clockdiv_reg_0
    SLICE_X1Y34          FDCE                                         r  clok/counter_reg[14]/C
                         clock pessimism             -0.499     1.488    
    SLICE_X1Y34          FDCE (Hold_fdce_C_D)         0.091     1.579    clok/counter_reg[14]
  -------------------------------------------------------------------
                         required time                         -1.579    
                         arrival time                           2.002    
  -------------------------------------------------------------------
                         slack                                  0.423    





Pulse Width Checks
--------------------------------------------------------------------------------------
Clock Name:         sys_clk_pin
Waveform(ns):       { 0.000 5.000 }
Period(ns):         10.000
Sources:            { clk }

Check Type        Corner  Lib Pin  Reference Pin  Required(ns)  Actual(ns)  Slack(ns)  Location       Pin
Min Period        n/a     BUFG/I   n/a            2.155         10.000      7.845      BUFGCTRL_X0Y0  clk_IBUF_BUFG_inst/I
Min Period        n/a     FDRE/C   n/a            1.000         10.000      9.000      SLICE_X3Y33    clok/clockdiv_reg/C
Min Period        n/a     FDCE/C   n/a            1.000         10.000      9.000      SLICE_X1Y36    clok/counter_reg[0]/C
Min Period        n/a     FDCE/C   n/a            1.000         10.000      9.000      SLICE_X1Y33    clok/counter_reg[10]/C
Min Period        n/a     FDCE/C   n/a            1.000         10.000      9.000      SLICE_X1Y33    clok/counter_reg[11]/C
Min Period        n/a     FDCE/C   n/a            1.000         10.000      9.000      SLICE_X1Y33    clok/counter_reg[12]/C
Min Period        n/a     FDCE/C   n/a            1.000         10.000      9.000      SLICE_X2Y34    clok/counter_reg[13]/C
Min Period        n/a     FDCE/C   n/a            1.000         10.000      9.000      SLICE_X1Y34    clok/counter_reg[14]/C
Min Period        n/a     FDCE/C   n/a            1.000         10.000      9.000      SLICE_X1Y34    clok/counter_reg[15]/C
Min Period        n/a     FDCE/C   n/a            1.000         10.000      9.000      SLICE_X2Y34    clok/counter_reg[16]/C
Low Pulse Width   Slow    FDRE/C   n/a            0.500         5.000       4.500      SLICE_X3Y33    clok/clockdiv_reg/C
Low Pulse Width   Fast    FDRE/C   n/a            0.500         5.000       4.500      SLICE_X3Y33    clok/clockdiv_reg/C
Low Pulse Width   Slow    FDCE/C   n/a            0.500         5.000       4.500      SLICE_X1Y36    clok/counter_reg[0]/C
Low Pulse Width   Fast    FDCE/C   n/a            0.500         5.000       4.500      SLICE_X1Y36    clok/counter_reg[0]/C
Low Pulse Width   Slow    FDCE/C   n/a            0.500         5.000       4.500      SLICE_X1Y33    clok/counter_reg[10]/C
Low Pulse Width   Fast    FDCE/C   n/a            0.500         5.000       4.500      SLICE_X1Y33    clok/counter_reg[10]/C
Low Pulse Width   Slow    FDCE/C   n/a            0.500         5.000       4.500      SLICE_X1Y33    clok/counter_reg[11]/C
Low Pulse Width   Fast    FDCE/C   n/a            0.500         5.000       4.500      SLICE_X1Y33    clok/counter_reg[11]/C
Low Pulse Width   Slow    FDCE/C   n/a            0.500         5.000       4.500      SLICE_X1Y33    clok/counter_reg[12]/C
Low Pulse Width   Fast    FDCE/C   n/a            0.500         5.000       4.500      SLICE_X1Y33    clok/counter_reg[12]/C
High Pulse Width  Slow    FDRE/C   n/a            0.500         5.000       4.500      SLICE_X3Y33    clok/clockdiv_reg/C
High Pulse Width  Fast    FDRE/C   n/a            0.500         5.000       4.500      SLICE_X3Y33    clok/clockdiv_reg/C
High Pulse Width  Slow    FDCE/C   n/a            0.500         5.000       4.500      SLICE_X1Y36    clok/counter_reg[0]/C
High Pulse Width  Fast    FDCE/C   n/a            0.500         5.000       4.500      SLICE_X1Y36    clok/counter_reg[0]/C
High Pulse Width  Slow    FDCE/C   n/a            0.500         5.000       4.500      SLICE_X1Y33    clok/counter_reg[10]/C
High Pulse Width  Fast    FDCE/C   n/a            0.500         5.000       4.500      SLICE_X1Y33    clok/counter_reg[10]/C
High Pulse Width  Slow    FDCE/C   n/a            0.500         5.000       4.500      SLICE_X1Y33    clok/counter_reg[11]/C
High Pulse Width  Fast    FDCE/C   n/a            0.500         5.000       4.500      SLICE_X1Y33    clok/counter_reg[11]/C
High Pulse Width  Slow    FDCE/C   n/a            0.500         5.000       4.500      SLICE_X1Y33    clok/counter_reg[12]/C
High Pulse Width  Fast    FDCE/C   n/a            0.500         5.000       4.500      SLICE_X1Y33    clok/counter_reg[12]/C



--------------------------------------------------------------------------------------
Path Group:  (none)
From Clock:  
  To Clock:  

Max Delay            10 Endpoints
Min Delay            10 Endpoints
--------------------------------------------------------------------------------------


Max Delay Paths
--------------------------------------------------------------------------------------
Slack:                    inf
  Source:                 Dado0
                            (input port)
  Destination:            S0
                            (output port)
  Path Group:             (none)
  Path Type:              Max at Slow Process Corner
  Data Path Delay:        9.501ns  (logic 5.082ns (53.488%)  route 4.419ns (46.512%))
  Logic Levels:           3  (IBUF=1 LUT3=1 OBUF=1)

    Location             Delay type                Incr(ns)  Path(ns)    Netlist Resource(s)
  -------------------------------------------------------------------    -------------------
    V17                                               0.000     0.000 r  Dado0 (IN)
                         net (fo=0)                   0.000     0.000    Dado0
    V17                  IBUF (Prop_ibuf_I_O)         1.453     1.453 r  Dado0_IBUF_inst/O
                         net (fo=3, routed)           1.677     3.130    FSM1/Dado0_IBUF
    SLICE_X2Y33          LUT3 (Prop_lut3_I2_O)        0.124     3.254 r  FSM1/S/O
                         net (fo=1, routed)           2.742     5.996    S0_OBUF
    U16                  OBUF (Prop_obuf_I_O)         3.505     9.501 r  S0_OBUF_inst/O
                         net (fo=0)                   0.000     9.501    S0
    U16                                                               r  S0 (OUT)
  -------------------------------------------------------------------    -------------------

Slack:                    inf
  Source:                 Dado1
                            (input port)
  Destination:            S1
                            (output port)
  Path Group:             (none)
  Path Type:              Max at Slow Process Corner
  Data Path Delay:        8.918ns  (logic 5.115ns (57.358%)  route 3.803ns (42.642%))
  Logic Levels:           3  (IBUF=1 LUT3=1 OBUF=1)

    Location             Delay type                Incr(ns)  Path(ns)    Netlist Resource(s)
  -------------------------------------------------------------------    -------------------
    V16                                               0.000     0.000 f  Dado1 (IN)
                         net (fo=0)                   0.000     0.000    Dado1
    V16                  IBUF (Prop_ibuf_I_O)         1.461     1.461 f  Dado1_IBUF_inst/O
                         net (fo=3, routed)           1.895     3.357    FSM2/Dado1_IBUF
    SLICE_X2Y33          LUT3 (Prop_lut3_I1_O)        0.124     3.481 r  FSM2/S1_OBUF_inst_i_1/O
                         net (fo=1, routed)           1.907     5.388    S1_OBUF
    E19                  OBUF (Prop_obuf_I_O)         3.530     8.918 r  S1_OBUF_inst/O
                         net (fo=0)                   0.000     8.918    S1
    E19                                                               r  S1 (OUT)
  -------------------------------------------------------------------    -------------------

Slack:                    inf
  Source:                 Dado0
                            (input port)
  Destination:            FSM1/FSM_sequential_estado_atual_reg[0]/D
  Path Group:             (none)
  Path Type:              Max at Slow Process Corner
  Data Path Delay:        3.583ns  (logic 1.570ns (43.814%)  route 2.013ns (56.186%))
  Logic Levels:           2  (IBUF=1 LUT3=1)

    Location             Delay type                Incr(ns)  Path(ns)    Netlist Resource(s)
  -------------------------------------------------------------------    -------------------
    V17                                               0.000     0.000 f  Dado0 (IN)
                         net (fo=0)                   0.000     0.000    Dado0
    V17                  IBUF (Prop_ibuf_I_O)         1.453     1.453 f  Dado0_IBUF_inst/O
                         net (fo=3, routed)           1.677     3.130    FSM1/Dado0_IBUF
    SLICE_X2Y33          LUT3 (Prop_lut3_I0_O)        0.117     3.247 r  FSM1/FSM_sequential_estado_atual[0]_i_1/O
                         net (fo=1, routed)           0.336     3.583    FSM1/estado_proximo[0]
    SLICE_X2Y33          FDCE                                         r  FSM1/FSM_sequential_estado_atual_reg[0]/D
  -------------------------------------------------------------------    -------------------

Slack:                    inf
  Source:                 Dado1
                            (input port)
  Destination:            FSM2/FSM_sequential_estado_atual_reg[1]/D
  Path Group:             (none)
  Path Type:              Max at Slow Process Corner
  Data Path Delay:        3.501ns  (logic 1.614ns (46.116%)  route 1.886ns (53.884%))
  Logic Levels:           2  (IBUF=1 LUT3=1)

    Location             Delay type                Incr(ns)  Path(ns)    Netlist Resource(s)
  -------------------------------------------------------------------    -------------------
    V16                                               0.000     0.000 r  Dado1 (IN)
                         net (fo=0)                   0.000     0.000    Dado1
    V16                  IBUF (Prop_ibuf_I_O)         1.461     1.461 r  Dado1_IBUF_inst/O
                         net (fo=3, routed)           1.886     3.348    FSM2/Dado1_IBUF
    SLICE_X2Y33          LUT3 (Prop_lut3_I2_O)        0.153     3.501 r  FSM2/FSM_sequential_estado_atual[1]_i_1/O
                         net (fo=1, routed)           0.000     3.501    FSM2/estado_proximo[1]
    SLICE_X2Y33          FDCE                                         r  FSM2/FSM_sequential_estado_atual_reg[1]/D
  -------------------------------------------------------------------    -------------------

Slack:                    inf
  Source:                 Dado1
                            (input port)
  Destination:            FSM2/FSM_sequential_estado_atual_reg[0]/D
  Path Group:             (none)
  Path Type:              Max at Slow Process Corner
  Data Path Delay:        3.472ns  (logic 1.585ns (45.666%)  route 1.886ns (54.334%))
  Logic Levels:           2  (IBUF=1 LUT3=1)

    Location             Delay type                Incr(ns)  Path(ns)    Netlist Resource(s)
  -------------------------------------------------------------------    -------------------
    V16                                               0.000     0.000 r  Dado1 (IN)
                         net (fo=0)                   0.000     0.000    Dado1
    V16                  IBUF (Prop_ibuf_I_O)         1.461     1.461 r  Dado1_IBUF_inst/O
                         net (fo=3, routed)           1.886     3.348    FSM2/Dado1_IBUF
    SLICE_X2Y33          LUT3 (Prop_lut3_I0_O)        0.124     3.472 r  FSM2/FSM_sequential_estado_atual[0]_i_1/O
                         net (fo=1, routed)           0.000     3.472    FSM2/estado_proximo[0]
    SLICE_X2Y33          FDCE                                         r  FSM2/FSM_sequential_estado_atual_reg[0]/D
  -------------------------------------------------------------------    -------------------

Slack:                    inf
  Source:                 reset
                            (input port)
  Destination:            FSM1/FSM_sequential_estado_atual_reg[0]/CLR
  Path Group:             (none)
  Path Type:              Max at Slow Process Corner
  Data Path Delay:        3.449ns  (logic 1.441ns (41.783%)  route 2.008ns (58.217%))
  Logic Levels:           1  (IBUF=1)

    Location             Delay type                Incr(ns)  Path(ns)    Netlist Resource(s)
  -------------------------------------------------------------------    -------------------
    U18                                               0.000     0.000 f  reset (IN)
                         net (fo=0)                   0.000     0.000    reset
    U18                  IBUF (Prop_ibuf_I_O)         1.441     1.441 f  reset_IBUF_inst/O
                         net (fo=33, routed)          2.008     3.449    FSM1/AR[0]
    SLICE_X2Y33          FDCE                                         f  FSM1/FSM_sequential_estado_atual_reg[0]/CLR
  -------------------------------------------------------------------    -------------------

Slack:                    inf
  Source:                 reset
                            (input port)
  Destination:            FSM1/FSM_sequential_estado_atual_reg[1]/CLR
  Path Group:             (none)
  Path Type:              Max at Slow Process Corner
  Data Path Delay:        3.449ns  (logic 1.441ns (41.783%)  route 2.008ns (58.217%))
  Logic Levels:           1  (IBUF=1)

    Location             Delay type                Incr(ns)  Path(ns)    Netlist Resource(s)
  -------------------------------------------------------------------    -------------------
    U18                                               0.000     0.000 f  reset (IN)
                         net (fo=0)                   0.000     0.000    reset
    U18                  IBUF (Prop_ibuf_I_O)         1.441     1.441 f  reset_IBUF_inst/O
                         net (fo=33, routed)          2.008     3.449    FSM1/AR[0]
    SLICE_X2Y33          FDCE                                         f  FSM1/FSM_sequential_estado_atual_reg[1]/CLR
  -------------------------------------------------------------------    -------------------

Slack:                    inf
  Source:                 reset
                            (input port)
  Destination:            FSM2/FSM_sequential_estado_atual_reg[0]/CLR
  Path Group:             (none)
  Path Type:              Max at Slow Process Corner
  Data Path Delay:        3.449ns  (logic 1.441ns (41.783%)  route 2.008ns (58.217%))
  Logic Levels:           1  (IBUF=1)

    Location             Delay type                Incr(ns)  Path(ns)    Netlist Resource(s)
  -------------------------------------------------------------------    -------------------
    U18                                               0.000     0.000 f  reset (IN)
                         net (fo=0)                   0.000     0.000    reset
    U18                  IBUF (Prop_ibuf_I_O)         1.441     1.441 f  reset_IBUF_inst/O
                         net (fo=33, routed)          2.008     3.449    FSM2/AR[0]
    SLICE_X2Y33          FDCE                                         f  FSM2/FSM_sequential_estado_atual_reg[0]/CLR
  -------------------------------------------------------------------    -------------------

Slack:                    inf
  Source:                 reset
                            (input port)
  Destination:            FSM2/FSM_sequential_estado_atual_reg[1]/CLR
  Path Group:             (none)
  Path Type:              Max at Slow Process Corner
  Data Path Delay:        3.449ns  (logic 1.441ns (41.783%)  route 2.008ns (58.217%))
  Logic Levels:           1  (IBUF=1)

    Location             Delay type                Incr(ns)  Path(ns)    Netlist Resource(s)
  -------------------------------------------------------------------    -------------------
    U18                                               0.000     0.000 f  reset (IN)
                         net (fo=0)                   0.000     0.000    reset
    U18                  IBUF (Prop_ibuf_I_O)         1.441     1.441 f  reset_IBUF_inst/O
                         net (fo=33, routed)          2.008     3.449    FSM2/AR[0]
    SLICE_X2Y33          FDCE                                         f  FSM2/FSM_sequential_estado_atual_reg[1]/CLR
  -------------------------------------------------------------------    -------------------

Slack:                    inf
  Source:                 Dado0
                            (input port)
  Destination:            FSM1/FSM_sequential_estado_atual_reg[1]/D
  Path Group:             (none)
  Path Type:              Max at Slow Process Corner
  Data Path Delay:        3.243ns  (logic 1.577ns (48.623%)  route 1.666ns (51.377%))
  Logic Levels:           2  (IBUF=1 LUT3=1)

    Location             Delay type                Incr(ns)  Path(ns)    Netlist Resource(s)
  -------------------------------------------------------------------    -------------------
    V17                                               0.000     0.000 r  Dado0 (IN)
                         net (fo=0)                   0.000     0.000    Dado0
    V17                  IBUF (Prop_ibuf_I_O)         1.453     1.453 r  Dado0_IBUF_inst/O
                         net (fo=3, routed)           1.666     3.119    FSM1/Dado0_IBUF
    SLICE_X2Y33          LUT3 (Prop_lut3_I2_O)        0.124     3.243 r  FSM1/FSM_sequential_estado_atual[1]_i_1/O
                         net (fo=1, routed)           0.000     3.243    FSM1/estado_proximo[1]
    SLICE_X2Y33          FDCE                                         r  FSM1/FSM_sequential_estado_atual_reg[1]/D
  -------------------------------------------------------------------    -------------------





Min Delay Paths
--------------------------------------------------------------------------------------
Slack:                    inf
  Source:                 FSM1/FSM_sequential_estado_atual_reg[0]/C
                            (rising edge-triggered cell FDCE)
  Destination:            FSM1/FSM_sequential_estado_atual_reg[1]/D
  Path Group:             (none)
  Path Type:              Min at Fast Process Corner
  Data Path Delay:        0.319ns  (logic 0.246ns (77.056%)  route 0.073ns (22.944%))
  Logic Levels:           2  (FDCE=1 LUT3=1)

    Location             Delay type                Incr(ns)  Path(ns)    Netlist Resource(s)
  -------------------------------------------------------------------    -------------------
    SLICE_X2Y33          FDCE                         0.000     0.000 r  FSM1/FSM_sequential_estado_atual_reg[0]/C
    SLICE_X2Y33          FDCE (Prop_fdce_C_Q)         0.148     0.148 r  FSM1/FSM_sequential_estado_atual_reg[0]/Q
                         net (fo=3, routed)           0.073     0.221    FSM1/estado_atual[0]
    SLICE_X2Y33          LUT3 (Prop_lut3_I0_O)        0.098     0.319 r  FSM1/FSM_sequential_estado_atual[1]_i_1/O
                         net (fo=1, routed)           0.000     0.319    FSM1/estado_proximo[1]
    SLICE_X2Y33          FDCE                                         r  FSM1/FSM_sequential_estado_atual_reg[1]/D
  -------------------------------------------------------------------    -------------------

Slack:                    inf
  Source:                 FSM2/FSM_sequential_estado_atual_reg[0]/C
                            (rising edge-triggered cell FDCE)
  Destination:            FSM2/FSM_sequential_estado_atual_reg[0]/D
  Path Group:             (none)
  Path Type:              Min at Fast Process Corner
  Data Path Delay:        0.441ns  (logic 0.209ns (47.370%)  route 0.232ns (52.630%))
  Logic Levels:           2  (FDCE=1 LUT3=1)

    Location             Delay type                Incr(ns)  Path(ns)    Netlist Resource(s)
  -------------------------------------------------------------------    -------------------
    SLICE_X2Y33          FDCE                         0.000     0.000 r  FSM2/FSM_sequential_estado_atual_reg[0]/C
    SLICE_X2Y33          FDCE (Prop_fdce_C_Q)         0.164     0.164 f  FSM2/FSM_sequential_estado_atual_reg[0]/Q
                         net (fo=3, routed)           0.232     0.396    FSM2/estado_atual[0]
    SLICE_X2Y33          LUT3 (Prop_lut3_I2_O)        0.045     0.441 r  FSM2/FSM_sequential_estado_atual[0]_i_1/O
                         net (fo=1, routed)           0.000     0.441    FSM2/estado_proximo[0]
    SLICE_X2Y33          FDCE                                         r  FSM2/FSM_sequential_estado_atual_reg[0]/D
  -------------------------------------------------------------------    -------------------

Slack:                    inf
  Source:                 FSM2/FSM_sequential_estado_atual_reg[0]/C
                            (rising edge-triggered cell FDCE)
  Destination:            FSM2/FSM_sequential_estado_atual_reg[1]/D
  Path Group:             (none)
  Path Type:              Min at Fast Process Corner
  Data Path Delay:        0.441ns  (logic 0.209ns (47.370%)  route 0.232ns (52.630%))
  Logic Levels:           2  (FDCE=1 LUT3=1)

    Location             Delay type                Incr(ns)  Path(ns)    Netlist Resource(s)
  -------------------------------------------------------------------    -------------------
    SLICE_X2Y33          FDCE                         0.000     0.000 r  FSM2/FSM_sequential_estado_atual_reg[0]/C
    SLICE_X2Y33          FDCE (Prop_fdce_C_Q)         0.164     0.164 r  FSM2/FSM_sequential_estado_atual_reg[0]/Q
                         net (fo=3, routed)           0.232     0.396    FSM2/estado_atual[0]
    SLICE_X2Y33          LUT3 (Prop_lut3_I0_O)        0.045     0.441 r  FSM2/FSM_sequential_estado_atual[1]_i_1/O
                         net (fo=1, routed)           0.000     0.441    FSM2/estado_proximo[1]
    SLICE_X2Y33          FDCE                                         r  FSM2/FSM_sequential_estado_atual_reg[1]/D
  -------------------------------------------------------------------    -------------------

Slack:                    inf
  Source:                 FSM1/FSM_sequential_estado_atual_reg[1]/C
                            (rising edge-triggered cell FDCE)
  Destination:            FSM1/FSM_sequential_estado_atual_reg[0]/D
  Path Group:             (none)
  Path Type:              Min at Fast Process Corner
  Data Path Delay:        0.497ns  (logic 0.207ns (41.632%)  route 0.290ns (58.368%))
  Logic Levels:           2  (FDCE=1 LUT3=1)

    Location             Delay type                Incr(ns)  Path(ns)    Netlist Resource(s)
  -------------------------------------------------------------------    -------------------
    SLICE_X2Y33          FDCE                         0.000     0.000 r  FSM1/FSM_sequential_estado_atual_reg[1]/C
    SLICE_X2Y33          FDCE (Prop_fdce_C_Q)         0.164     0.164 r  FSM1/FSM_sequential_estado_atual_reg[1]/Q
                         net (fo=3, routed)           0.174     0.338    FSM1/estado_atual[1]
    SLICE_X2Y33          LUT3 (Prop_lut3_I1_O)        0.043     0.381 r  FSM1/FSM_sequential_estado_atual[0]_i_1/O
                         net (fo=1, routed)           0.116     0.497    FSM1/estado_proximo[0]
    SLICE_X2Y33          FDCE                                         r  FSM1/FSM_sequential_estado_atual_reg[0]/D
  -------------------------------------------------------------------    -------------------

Slack:                    inf
  Source:                 reset
                            (input port)
  Destination:            FSM1/FSM_sequential_estado_atual_reg[0]/CLR
  Path Group:             (none)
  Path Type:              Min at Fast Process Corner
  Data Path Delay:        1.069ns  (logic 0.210ns (19.605%)  route 0.859ns (80.395%))
  Logic Levels:           1  (IBUF=1)

    Location             Delay type                Incr(ns)  Path(ns)    Netlist Resource(s)
  -------------------------------------------------------------------    -------------------
    U18                                               0.000     0.000 f  reset (IN)
                         net (fo=0)                   0.000     0.000    reset
    U18                  IBUF (Prop_ibuf_I_O)         0.210     0.210 f  reset_IBUF_inst/O
                         net (fo=33, routed)          0.859     1.069    FSM1/AR[0]
    SLICE_X2Y33          FDCE                                         f  FSM1/FSM_sequential_estado_atual_reg[0]/CLR
  -------------------------------------------------------------------    -------------------

Slack:                    inf
  Source:                 reset
                            (input port)
  Destination:            FSM1/FSM_sequential_estado_atual_reg[1]/CLR
  Path Group:             (none)
  Path Type:              Min at Fast Process Corner
  Data Path Delay:        1.069ns  (logic 0.210ns (19.605%)  route 0.859ns (80.395%))
  Logic Levels:           1  (IBUF=1)

    Location             Delay type                Incr(ns)  Path(ns)    Netlist Resource(s)
  -------------------------------------------------------------------    -------------------
    U18                                               0.000     0.000 f  reset (IN)
                         net (fo=0)                   0.000     0.000    reset
    U18                  IBUF (Prop_ibuf_I_O)         0.210     0.210 f  reset_IBUF_inst/O
                         net (fo=33, routed)          0.859     1.069    FSM1/AR[0]
    SLICE_X2Y33          FDCE                                         f  FSM1/FSM_sequential_estado_atual_reg[1]/CLR
  -------------------------------------------------------------------    -------------------

Slack:                    inf
  Source:                 reset
                            (input port)
  Destination:            FSM2/FSM_sequential_estado_atual_reg[0]/CLR
  Path Group:             (none)
  Path Type:              Min at Fast Process Corner
  Data Path Delay:        1.069ns  (logic 0.210ns (19.605%)  route 0.859ns (80.395%))
  Logic Levels:           1  (IBUF=1)

    Location             Delay type                Incr(ns)  Path(ns)    Netlist Resource(s)
  -------------------------------------------------------------------    -------------------
    U18                                               0.000     0.000 f  reset (IN)
                         net (fo=0)                   0.000     0.000    reset
    U18                  IBUF (Prop_ibuf_I_O)         0.210     0.210 f  reset_IBUF_inst/O
                         net (fo=33, routed)          0.859     1.069    FSM2/AR[0]
    SLICE_X2Y33          FDCE                                         f  FSM2/FSM_sequential_estado_atual_reg[0]/CLR
  -------------------------------------------------------------------    -------------------

Slack:                    inf
  Source:                 reset
                            (input port)
  Destination:            FSM2/FSM_sequential_estado_atual_reg[1]/CLR
  Path Group:             (none)
  Path Type:              Min at Fast Process Corner
  Data Path Delay:        1.069ns  (logic 0.210ns (19.605%)  route 0.859ns (80.395%))
  Logic Levels:           1  (IBUF=1)

    Location             Delay type                Incr(ns)  Path(ns)    Netlist Resource(s)
  -------------------------------------------------------------------    -------------------
    U18                                               0.000     0.000 f  reset (IN)
                         net (fo=0)                   0.000     0.000    reset
    U18                  IBUF (Prop_ibuf_I_O)         0.210     0.210 f  reset_IBUF_inst/O
                         net (fo=33, routed)          0.859     1.069    FSM2/AR[0]
    SLICE_X2Y33          FDCE                                         f  FSM2/FSM_sequential_estado_atual_reg[1]/CLR
  -------------------------------------------------------------------    -------------------

Slack:                    inf
  Source:                 FSM2/FSM_sequential_estado_atual_reg[0]/C
                            (rising edge-triggered cell FDCE)
  Destination:            S1
                            (output port)
  Path Group:             (none)
  Path Type:              Min at Fast Process Corner
  Data Path Delay:        2.073ns  (logic 1.440ns (69.436%)  route 0.634ns (30.564%))
  Logic Levels:           3  (FDCE=1 LUT3=1 OBUF=1)

    Location             Delay type                Incr(ns)  Path(ns)    Netlist Resource(s)
  -------------------------------------------------------------------    -------------------
    SLICE_X2Y33          FDCE                         0.000     0.000 r  FSM2/FSM_sequential_estado_atual_reg[0]/C
    SLICE_X2Y33          FDCE (Prop_fdce_C_Q)         0.164     0.164 r  FSM2/FSM_sequential_estado_atual_reg[0]/Q
                         net (fo=3, routed)           0.201     0.365    FSM2/estado_atual[0]
    SLICE_X2Y33          LUT3 (Prop_lut3_I2_O)        0.045     0.410 r  FSM2/S1_OBUF_inst_i_1/O
                         net (fo=1, routed)           0.432     0.843    S1_OBUF
    E19                  OBUF (Prop_obuf_I_O)         1.231     2.073 r  S1_OBUF_inst/O
                         net (fo=0)                   0.000     2.073    S1
    E19                                                               r  S1 (OUT)
  -------------------------------------------------------------------    -------------------

Slack:                    inf
  Source:                 FSM1/FSM_sequential_estado_atual_reg[1]/C
                            (rising edge-triggered cell FDCE)
  Destination:            S0
                            (output port)
  Path Group:             (none)
  Path Type:              Min at Fast Process Corner
  Data Path Delay:        2.398ns  (logic 1.415ns (59.007%)  route 0.983ns (40.993%))
  Logic Levels:           3  (FDCE=1 LUT3=1 OBUF=1)

    Location             Delay type                Incr(ns)  Path(ns)    Netlist Resource(s)
  -------------------------------------------------------------------    -------------------
    SLICE_X2Y33          FDCE                         0.000     0.000 r  FSM1/FSM_sequential_estado_atual_reg[1]/C
    SLICE_X2Y33          FDCE (Prop_fdce_C_Q)         0.164     0.164 r  FSM1/FSM_sequential_estado_atual_reg[1]/Q
                         net (fo=3, routed)           0.174     0.338    FSM1/estado_atual[1]
    SLICE_X2Y33          LUT3 (Prop_lut3_I0_O)        0.045     0.383 r  FSM1/S/O
                         net (fo=1, routed)           0.809     1.192    S0_OBUF
    U16                  OBUF (Prop_obuf_I_O)         1.206     2.398 r  S0_OBUF_inst/O
                         net (fo=0)                   0.000     2.398    S0
    U16                                                               r  S0 (OUT)
  -------------------------------------------------------------------    -------------------





--------------------------------------------------------------------------------------
Path Group:  (none)
From Clock:  
  To Clock:  sys_clk_pin

Max Delay            29 Endpoints
Min Delay            29 Endpoints
--------------------------------------------------------------------------------------


Max Delay Paths
--------------------------------------------------------------------------------------
Slack:                    inf
  Source:                 reset
                            (input port)
  Destination:            clok/counter_reg[22]/CLR
                            (recovery check against rising-edge clock sys_clk_pin  {rise@0.000ns fall@5.000ns period=10.000ns})
  Path Group:             (none)
  Path Type:              Recovery (Max at Slow Process Corner)
  Data Path Delay:        3.894ns  (logic 1.441ns (37.010%)  route 2.453ns (62.990%))
  Logic Levels:           1  (IBUF=1)
  Clock Path Skew:        4.855ns (DCD - SCD + CPR)
    Destination Clock Delay (DCD):    4.855ns
    Source Clock Delay      (SCD):    0.000ns
    Clock Pessimism Removal (CPR):    0.000ns
  Clock Uncertainty:      0.025ns  ((TSJ^2 + TIJ^2)^1/2 + DJ) / 2 + PE
    Total System Jitter     (TSJ):    0.050ns
    Total Input Jitter      (TIJ):    0.000ns
    Discrete Jitter          (DJ):    0.000ns
    Phase Error              (PE):    0.000ns

    Location             Delay type                Incr(ns)  Path(ns)    Netlist Resource(s)
  -------------------------------------------------------------------    -------------------
    U18                                               0.000     0.000 f  reset (IN)
                         net (fo=0)                   0.000     0.000    reset
    U18                  IBUF (Prop_ibuf_I_O)         1.441     1.441 f  reset_IBUF_inst/O
                         net (fo=33, routed)          2.453     3.894    clok/AR[0]
    SLICE_X2Y36          FDCE                                         f  clok/counter_reg[22]/CLR
  -------------------------------------------------------------------    -------------------

                         (clock sys_clk_pin rise edge)
                                                      0.000     0.000 r  
    W5                                                0.000     0.000 r  clk (IN)
                         net (fo=0)                   0.000     0.000    clk
    W5                   IBUF (Prop_ibuf_I_O)         1.388     1.388 r  clk_IBUF_inst/O
                         net (fo=1, routed)           1.862     3.250    clk_IBUF
    BUFGCTRL_X0Y0        BUFG (Prop_bufg_I_O)         0.091     3.341 r  clk_IBUF_BUFG_inst/O
                         net (fo=29, routed)          1.514     4.855    clok/clockdiv_reg_0
    SLICE_X2Y36          FDCE                                         r  clok/counter_reg[22]/C

Slack:                    inf
  Source:                 reset
                            (input port)
  Destination:            clok/counter_reg[23]/CLR
                            (recovery check against rising-edge clock sys_clk_pin  {rise@0.000ns fall@5.000ns period=10.000ns})
  Path Group:             (none)
  Path Type:              Recovery (Max at Slow Process Corner)
  Data Path Delay:        3.894ns  (logic 1.441ns (37.010%)  route 2.453ns (62.990%))
  Logic Levels:           1  (IBUF=1)
  Clock Path Skew:        4.855ns (DCD - SCD + CPR)
    Destination Clock Delay (DCD):    4.855ns
    Source Clock Delay      (SCD):    0.000ns
    Clock Pessimism Removal (CPR):    0.000ns
  Clock Uncertainty:      0.025ns  ((TSJ^2 + TIJ^2)^1/2 + DJ) / 2 + PE
    Total System Jitter     (TSJ):    0.050ns
    Total Input Jitter      (TIJ):    0.000ns
    Discrete Jitter          (DJ):    0.000ns
    Phase Error              (PE):    0.000ns

    Location             Delay type                Incr(ns)  Path(ns)    Netlist Resource(s)
  -------------------------------------------------------------------    -------------------
    U18                                               0.000     0.000 f  reset (IN)
                         net (fo=0)                   0.000     0.000    reset
    U18                  IBUF (Prop_ibuf_I_O)         1.441     1.441 f  reset_IBUF_inst/O
                         net (fo=33, routed)          2.453     3.894    clok/AR[0]
    SLICE_X2Y36          FDCE                                         f  clok/counter_reg[23]/CLR
  -------------------------------------------------------------------    -------------------

                         (clock sys_clk_pin rise edge)
                                                      0.000     0.000 r  
    W5                                                0.000     0.000 r  clk (IN)
                         net (fo=0)                   0.000     0.000    clk
    W5                   IBUF (Prop_ibuf_I_O)         1.388     1.388 r  clk_IBUF_inst/O
                         net (fo=1, routed)           1.862     3.250    clk_IBUF
    BUFGCTRL_X0Y0        BUFG (Prop_bufg_I_O)         0.091     3.341 r  clk_IBUF_BUFG_inst/O
                         net (fo=29, routed)          1.514     4.855    clok/clockdiv_reg_0
    SLICE_X2Y36          FDCE                                         r  clok/counter_reg[23]/C

Slack:                    inf
  Source:                 reset
                            (input port)
  Destination:            clok/counter_reg[24]/CLR
                            (recovery check against rising-edge clock sys_clk_pin  {rise@0.000ns fall@5.000ns period=10.000ns})
  Path Group:             (none)
  Path Type:              Recovery (Max at Slow Process Corner)
  Data Path Delay:        3.894ns  (logic 1.441ns (37.010%)  route 2.453ns (62.990%))
  Logic Levels:           1  (IBUF=1)
  Clock Path Skew:        4.855ns (DCD - SCD + CPR)
    Destination Clock Delay (DCD):    4.855ns
    Source Clock Delay      (SCD):    0.000ns
    Clock Pessimism Removal (CPR):    0.000ns
  Clock Uncertainty:      0.025ns  ((TSJ^2 + TIJ^2)^1/2 + DJ) / 2 + PE
    Total System Jitter     (TSJ):    0.050ns
    Total Input Jitter      (TIJ):    0.000ns
    Discrete Jitter          (DJ):    0.000ns
    Phase Error              (PE):    0.000ns

    Location             Delay type                Incr(ns)  Path(ns)    Netlist Resource(s)
  -------------------------------------------------------------------    -------------------
    U18                                               0.000     0.000 f  reset (IN)
                         net (fo=0)                   0.000     0.000    reset
    U18                  IBUF (Prop_ibuf_I_O)         1.441     1.441 f  reset_IBUF_inst/O
                         net (fo=33, routed)          2.453     3.894    clok/AR[0]
    SLICE_X2Y36          FDCE                                         f  clok/counter_reg[24]/CLR
  -------------------------------------------------------------------    -------------------

                         (clock sys_clk_pin rise edge)
                                                      0.000     0.000 r  
    W5                                                0.000     0.000 r  clk (IN)
                         net (fo=0)                   0.000     0.000    clk
    W5                   IBUF (Prop_ibuf_I_O)         1.388     1.388 r  clk_IBUF_inst/O
                         net (fo=1, routed)           1.862     3.250    clk_IBUF
    BUFGCTRL_X0Y0        BUFG (Prop_bufg_I_O)         0.091     3.341 r  clk_IBUF_BUFG_inst/O
                         net (fo=29, routed)          1.514     4.855    clok/clockdiv_reg_0
    SLICE_X2Y36          FDCE                                         r  clok/counter_reg[24]/C

Slack:                    inf
  Source:                 reset
                            (input port)
  Destination:            clok/counter_reg[25]/CLR
                            (recovery check against rising-edge clock sys_clk_pin  {rise@0.000ns fall@5.000ns period=10.000ns})
  Path Group:             (none)
  Path Type:              Recovery (Max at Slow Process Corner)
  Data Path Delay:        3.894ns  (logic 1.441ns (37.010%)  route 2.453ns (62.990%))
  Logic Levels:           1  (IBUF=1)
  Clock Path Skew:        4.855ns (DCD - SCD + CPR)
    Destination Clock Delay (DCD):    4.855ns
    Source Clock Delay      (SCD):    0.000ns
    Clock Pessimism Removal (CPR):    0.000ns
  Clock Uncertainty:      0.025ns  ((TSJ^2 + TIJ^2)^1/2 + DJ) / 2 + PE
    Total System Jitter     (TSJ):    0.050ns
    Total Input Jitter      (TIJ):    0.000ns
    Discrete Jitter          (DJ):    0.000ns
    Phase Error              (PE):    0.000ns

    Location             Delay type                Incr(ns)  Path(ns)    Netlist Resource(s)
  -------------------------------------------------------------------    -------------------
    U18                                               0.000     0.000 f  reset (IN)
                         net (fo=0)                   0.000     0.000    reset
    U18                  IBUF (Prop_ibuf_I_O)         1.441     1.441 f  reset_IBUF_inst/O
                         net (fo=33, routed)          2.453     3.894    clok/AR[0]
    SLICE_X3Y36          FDCE                                         f  clok/counter_reg[25]/CLR
  -------------------------------------------------------------------    -------------------

                         (clock sys_clk_pin rise edge)
                                                      0.000     0.000 r  
    W5                                                0.000     0.000 r  clk (IN)
                         net (fo=0)                   0.000     0.000    clk
    W5                   IBUF (Prop_ibuf_I_O)         1.388     1.388 r  clk_IBUF_inst/O
                         net (fo=1, routed)           1.862     3.250    clk_IBUF
    BUFGCTRL_X0Y0        BUFG (Prop_bufg_I_O)         0.091     3.341 r  clk_IBUF_BUFG_inst/O
                         net (fo=29, routed)          1.514     4.855    clok/clockdiv_reg_0
    SLICE_X3Y36          FDCE                                         r  clok/counter_reg[25]/C

Slack:                    inf
  Source:                 reset
                            (input port)
  Destination:            clok/counter_reg[18]/CLR
                            (recovery check against rising-edge clock sys_clk_pin  {rise@0.000ns fall@5.000ns period=10.000ns})
  Path Group:             (none)
  Path Type:              Recovery (Max at Slow Process Corner)
  Data Path Delay:        3.878ns  (logic 1.441ns (37.166%)  route 2.437ns (62.834%))
  Logic Levels:           1  (IBUF=1)
  Clock Path Skew:        4.855ns (DCD - SCD + CPR)
    Destination Clock Delay (DCD):    4.855ns
    Source Clock Delay      (SCD):    0.000ns
    Clock Pessimism Removal (CPR):    0.000ns
  Clock Uncertainty:      0.025ns  ((TSJ^2 + TIJ^2)^1/2 + DJ) / 2 + PE
    Total System Jitter     (TSJ):    0.050ns
    Total Input Jitter      (TIJ):    0.000ns
    Discrete Jitter          (DJ):    0.000ns
    Phase Error              (PE):    0.000ns

    Location             Delay type                Incr(ns)  Path(ns)    Netlist Resource(s)
  -------------------------------------------------------------------    -------------------
    U18                                               0.000     0.000 f  reset (IN)
                         net (fo=0)                   0.000     0.000    reset
    U18                  IBUF (Prop_ibuf_I_O)         1.441     1.441 f  reset_IBUF_inst/O
                         net (fo=33, routed)          2.437     3.878    clok/AR[0]
    SLICE_X1Y35          FDCE                                         f  clok/counter_reg[18]/CLR
  -------------------------------------------------------------------    -------------------

                         (clock sys_clk_pin rise edge)
                                                      0.000     0.000 r  
    W5                                                0.000     0.000 r  clk (IN)
                         net (fo=0)                   0.000     0.000    clk
    W5                   IBUF (Prop_ibuf_I_O)         1.388     1.388 r  clk_IBUF_inst/O
                         net (fo=1, routed)           1.862     3.250    clk_IBUF
    BUFGCTRL_X0Y0        BUFG (Prop_bufg_I_O)         0.091     3.341 r  clk_IBUF_BUFG_inst/O
                         net (fo=29, routed)          1.514     4.855    clok/clockdiv_reg_0
    SLICE_X1Y35          FDCE                                         r  clok/counter_reg[18]/C

Slack:                    inf
  Source:                 reset
                            (input port)
  Destination:            clok/counter_reg[19]/CLR
                            (recovery check against rising-edge clock sys_clk_pin  {rise@0.000ns fall@5.000ns period=10.000ns})
  Path Group:             (none)
  Path Type:              Recovery (Max at Slow Process Corner)
  Data Path Delay:        3.878ns  (logic 1.441ns (37.166%)  route 2.437ns (62.834%))
  Logic Levels:           1  (IBUF=1)
  Clock Path Skew:        4.855ns (DCD - SCD + CPR)
    Destination Clock Delay (DCD):    4.855ns
    Source Clock Delay      (SCD):    0.000ns
    Clock Pessimism Removal (CPR):    0.000ns
  Clock Uncertainty:      0.025ns  ((TSJ^2 + TIJ^2)^1/2 + DJ) / 2 + PE
    Total System Jitter     (TSJ):    0.050ns
    Total Input Jitter      (TIJ):    0.000ns
    Discrete Jitter          (DJ):    0.000ns
    Phase Error              (PE):    0.000ns

    Location             Delay type                Incr(ns)  Path(ns)    Netlist Resource(s)
  -------------------------------------------------------------------    -------------------
    U18                                               0.000     0.000 f  reset (IN)
                         net (fo=0)                   0.000     0.000    reset
    U18                  IBUF (Prop_ibuf_I_O)         1.441     1.441 f  reset_IBUF_inst/O
                         net (fo=33, routed)          2.437     3.878    clok/AR[0]
    SLICE_X1Y35          FDCE                                         f  clok/counter_reg[19]/CLR
  -------------------------------------------------------------------    -------------------

                         (clock sys_clk_pin rise edge)
                                                      0.000     0.000 r  
    W5                                                0.000     0.000 r  clk (IN)
                         net (fo=0)                   0.000     0.000    clk
    W5                   IBUF (Prop_ibuf_I_O)         1.388     1.388 r  clk_IBUF_inst/O
                         net (fo=1, routed)           1.862     3.250    clk_IBUF
    BUFGCTRL_X0Y0        BUFG (Prop_bufg_I_O)         0.091     3.341 r  clk_IBUF_BUFG_inst/O
                         net (fo=29, routed)          1.514     4.855    clok/clockdiv_reg_0
    SLICE_X1Y35          FDCE                                         r  clok/counter_reg[19]/C

Slack:                    inf
  Source:                 reset
                            (input port)
  Destination:            clok/counter_reg[20]/CLR
                            (recovery check against rising-edge clock sys_clk_pin  {rise@0.000ns fall@5.000ns period=10.000ns})
  Path Group:             (none)
  Path Type:              Recovery (Max at Slow Process Corner)
  Data Path Delay:        3.878ns  (logic 1.441ns (37.166%)  route 2.437ns (62.834%))
  Logic Levels:           1  (IBUF=1)
  Clock Path Skew:        4.855ns (DCD - SCD + CPR)
    Destination Clock Delay (DCD):    4.855ns
    Source Clock Delay      (SCD):    0.000ns
    Clock Pessimism Removal (CPR):    0.000ns
  Clock Uncertainty:      0.025ns  ((TSJ^2 + TIJ^2)^1/2 + DJ) / 2 + PE
    Total System Jitter     (TSJ):    0.050ns
    Total Input Jitter      (TIJ):    0.000ns
    Discrete Jitter          (DJ):    0.000ns
    Phase Error              (PE):    0.000ns

    Location             Delay type                Incr(ns)  Path(ns)    Netlist Resource(s)
  -------------------------------------------------------------------    -------------------
    U18                                               0.000     0.000 f  reset (IN)
                         net (fo=0)                   0.000     0.000    reset
    U18                  IBUF (Prop_ibuf_I_O)         1.441     1.441 f  reset_IBUF_inst/O
                         net (fo=33, routed)          2.437     3.878    clok/AR[0]
    SLICE_X1Y35          FDCE                                         f  clok/counter_reg[20]/CLR
  -------------------------------------------------------------------    -------------------

                         (clock sys_clk_pin rise edge)
                                                      0.000     0.000 r  
    W5                                                0.000     0.000 r  clk (IN)
                         net (fo=0)                   0.000     0.000    clk
    W5                   IBUF (Prop_ibuf_I_O)         1.388     1.388 r  clk_IBUF_inst/O
                         net (fo=1, routed)           1.862     3.250    clk_IBUF
    BUFGCTRL_X0Y0        BUFG (Prop_bufg_I_O)         0.091     3.341 r  clk_IBUF_BUFG_inst/O
                         net (fo=29, routed)          1.514     4.855    clok/clockdiv_reg_0
    SLICE_X1Y35          FDCE                                         r  clok/counter_reg[20]/C

Slack:                    inf
  Source:                 reset
                            (input port)
  Destination:            clok/clockdiv_reg/D
                            (rising edge-triggered cell FDRE clocked by sys_clk_pin  {rise@0.000ns fall@5.000ns period=10.000ns})
  Path Group:             (none)
  Path Type:              Setup (Max at Slow Process Corner)
  Data Path Delay:        3.807ns  (logic 1.565ns (41.115%)  route 2.242ns (58.885%))
  Logic Levels:           2  (IBUF=1 LUT6=1)
  Clock Path Skew:        4.853ns (DCD - SCD + CPR)
    Destination Clock Delay (DCD):    4.853ns
    Source Clock Delay      (SCD):    0.000ns
    Clock Pessimism Removal (CPR):    0.000ns
  Clock Uncertainty:      0.025ns  ((TSJ^2 + TIJ^2)^1/2 + DJ) / 2 + PE
    Total System Jitter     (TSJ):    0.050ns
    Total Input Jitter      (TIJ):    0.000ns
    Discrete Jitter          (DJ):    0.000ns
    Phase Error              (PE):    0.000ns

    Location             Delay type                Incr(ns)  Path(ns)    Netlist Resource(s)
  -------------------------------------------------------------------    -------------------
    U18                                               0.000     0.000 r  reset (IN)
                         net (fo=0)                   0.000     0.000    reset
    U18                  IBUF (Prop_ibuf_I_O)         1.441     1.441 r  reset_IBUF_inst/O
                         net (fo=33, routed)          2.242     3.683    clok/AR[0]
    SLICE_X3Y33          LUT6 (Prop_lut6_I0_O)        0.124     3.807 r  clok/clockdiv_i_1/O
                         net (fo=1, routed)           0.000     3.807    clok/clockdiv_i_1_n_0
    SLICE_X3Y33          FDRE                                         r  clok/clockdiv_reg/D
  -------------------------------------------------------------------    -------------------

                         (clock sys_clk_pin rise edge)
                                                      0.000     0.000 r  
    W5                                                0.000     0.000 r  clk (IN)
                         net (fo=0)                   0.000     0.000    clk
    W5                   IBUF (Prop_ibuf_I_O)         1.388     1.388 r  clk_IBUF_inst/O
                         net (fo=1, routed)           1.862     3.250    clk_IBUF
    BUFGCTRL_X0Y0        BUFG (Prop_bufg_I_O)         0.091     3.341 r  clk_IBUF_BUFG_inst/O
                         net (fo=29, routed)          1.512     4.853    clok/clockdiv_reg_0
    SLICE_X3Y33          FDRE                                         r  clok/clockdiv_reg/C

Slack:                    inf
  Source:                 reset
                            (input port)
  Destination:            clok/counter_reg[13]/CLR
                            (recovery check against rising-edge clock sys_clk_pin  {rise@0.000ns fall@5.000ns period=10.000ns})
  Path Group:             (none)
  Path Type:              Recovery (Max at Slow Process Corner)
  Data Path Delay:        3.608ns  (logic 1.441ns (39.951%)  route 2.166ns (60.049%))
  Logic Levels:           1  (IBUF=1)
  Clock Path Skew:        4.854ns (DCD - SCD + CPR)
    Destination Clock Delay (DCD):    4.854ns
    Source Clock Delay      (SCD):    0.000ns
    Clock Pessimism Removal (CPR):    0.000ns
  Clock Uncertainty:      0.025ns  ((TSJ^2 + TIJ^2)^1/2 + DJ) / 2 + PE
    Total System Jitter     (TSJ):    0.050ns
    Total Input Jitter      (TIJ):    0.000ns
    Discrete Jitter          (DJ):    0.000ns
    Phase Error              (PE):    0.000ns

    Location             Delay type                Incr(ns)  Path(ns)    Netlist Resource(s)
  -------------------------------------------------------------------    -------------------
    U18                                               0.000     0.000 f  reset (IN)
                         net (fo=0)                   0.000     0.000    reset
    U18                  IBUF (Prop_ibuf_I_O)         1.441     1.441 f  reset_IBUF_inst/O
                         net (fo=33, routed)          2.166     3.608    clok/AR[0]
    SLICE_X2Y34          FDCE                                         f  clok/counter_reg[13]/CLR
  -------------------------------------------------------------------    -------------------

                         (clock sys_clk_pin rise edge)
                                                      0.000     0.000 r  
    W5                                                0.000     0.000 r  clk (IN)
                         net (fo=0)                   0.000     0.000    clk
    W5                   IBUF (Prop_ibuf_I_O)         1.388     1.388 r  clk_IBUF_inst/O
                         net (fo=1, routed)           1.862     3.250    clk_IBUF
    BUFGCTRL_X0Y0        BUFG (Prop_bufg_I_O)         0.091     3.341 r  clk_IBUF_BUFG_inst/O
                         net (fo=29, routed)          1.513     4.854    clok/clockdiv_reg_0
    SLICE_X2Y34          FDCE                                         r  clok/counter_reg[13]/C

Slack:                    inf
  Source:                 reset
                            (input port)
  Destination:            clok/counter_reg[16]/CLR
                            (recovery check against rising-edge clock sys_clk_pin  {rise@0.000ns fall@5.000ns period=10.000ns})
  Path Group:             (none)
  Path Type:              Recovery (Max at Slow Process Corner)
  Data Path Delay:        3.608ns  (logic 1.441ns (39.951%)  route 2.166ns (60.049%))
  Logic Levels:           1  (IBUF=1)
  Clock Path Skew:        4.854ns (DCD - SCD + CPR)
    Destination Clock Delay (DCD):    4.854ns
    Source Clock Delay      (SCD):    0.000ns
    Clock Pessimism Removal (CPR):    0.000ns
  Clock Uncertainty:      0.025ns  ((TSJ^2 + TIJ^2)^1/2 + DJ) / 2 + PE
    Total System Jitter     (TSJ):    0.050ns
    Total Input Jitter      (TIJ):    0.000ns
    Discrete Jitter          (DJ):    0.000ns
    Phase Error              (PE):    0.000ns

    Location             Delay type                Incr(ns)  Path(ns)    Netlist Resource(s)
  -------------------------------------------------------------------    -------------------
    U18                                               0.000     0.000 f  reset (IN)
                         net (fo=0)                   0.000     0.000    reset
    U18                  IBUF (Prop_ibuf_I_O)         1.441     1.441 f  reset_IBUF_inst/O
                         net (fo=33, routed)          2.166     3.608    clok/AR[0]
    SLICE_X2Y34          FDCE                                         f  clok/counter_reg[16]/CLR
  -------------------------------------------------------------------    -------------------

                         (clock sys_clk_pin rise edge)
                                                      0.000     0.000 r  
    W5                                                0.000     0.000 r  clk (IN)
                         net (fo=0)                   0.000     0.000    clk
    W5                   IBUF (Prop_ibuf_I_O)         1.388     1.388 r  clk_IBUF_inst/O
                         net (fo=1, routed)           1.862     3.250    clk_IBUF
    BUFGCTRL_X0Y0        BUFG (Prop_bufg_I_O)         0.091     3.341 r  clk_IBUF_BUFG_inst/O
                         net (fo=29, routed)          1.513     4.854    clok/clockdiv_reg_0
    SLICE_X2Y34          FDCE                                         r  clok/counter_reg[16]/C





Min Delay Paths
--------------------------------------------------------------------------------------
Slack:                    inf
  Source:                 reset
                            (input port)
  Destination:            clok/counter_reg[1]/CLR
                            (removal check against rising-edge clock sys_clk_pin  {rise@0.000ns fall@5.000ns period=10.000ns})
  Path Group:             (none)
  Path Type:              Removal (Min at Fast Process Corner)
  Data Path Delay:        0.932ns  (logic 0.210ns (22.475%)  route 0.723ns (77.525%))
  Logic Levels:           1  (IBUF=1)
  Clock Path Skew:        1.984ns (DCD - SCD - CPR)
    Destination Clock Delay (DCD):    1.984ns
    Source Clock Delay      (SCD):    0.000ns
    Clock Pessimism Removal (CPR):    -0.000ns

    Location             Delay type                Incr(ns)  Path(ns)    Netlist Resource(s)
  -------------------------------------------------------------------    -------------------
    U18                                               0.000     0.000 f  reset (IN)
                         net (fo=0)                   0.000     0.000    reset
    U18                  IBUF (Prop_ibuf_I_O)         0.210     0.210 f  reset_IBUF_inst/O
                         net (fo=33, routed)          0.723     0.932    clok/AR[0]
    SLICE_X2Y31          FDCE                                         f  clok/counter_reg[1]/CLR
  -------------------------------------------------------------------    -------------------

                         (clock sys_clk_pin rise edge)
                                                      0.000     0.000 r  
    W5                                                0.000     0.000 r  clk (IN)
                         net (fo=0)                   0.000     0.000    clk
    W5                   IBUF (Prop_ibuf_I_O)         0.414     0.414 r  clk_IBUF_inst/O
                         net (fo=1, routed)           0.685     1.099    clk_IBUF
    BUFGCTRL_X0Y0        BUFG (Prop_bufg_I_O)         0.029     1.128 r  clk_IBUF_BUFG_inst/O
                         net (fo=29, routed)          0.857     1.984    clok/clockdiv_reg_0
    SLICE_X2Y31          FDCE                                         r  clok/counter_reg[1]/C

Slack:                    inf
  Source:                 reset
                            (input port)
  Destination:            clok/counter_reg[4]/CLR
                            (removal check against rising-edge clock sys_clk_pin  {rise@0.000ns fall@5.000ns period=10.000ns})
  Path Group:             (none)
  Path Type:              Removal (Min at Fast Process Corner)
  Data Path Delay:        0.932ns  (logic 0.210ns (22.475%)  route 0.723ns (77.525%))
  Logic Levels:           1  (IBUF=1)
  Clock Path Skew:        1.984ns (DCD - SCD - CPR)
    Destination Clock Delay (DCD):    1.984ns
    Source Clock Delay      (SCD):    0.000ns
    Clock Pessimism Removal (CPR):    -0.000ns

    Location             Delay type                Incr(ns)  Path(ns)    Netlist Resource(s)
  -------------------------------------------------------------------    -------------------
    U18                                               0.000     0.000 f  reset (IN)
                         net (fo=0)                   0.000     0.000    reset
    U18                  IBUF (Prop_ibuf_I_O)         0.210     0.210 f  reset_IBUF_inst/O
                         net (fo=33, routed)          0.723     0.932    clok/AR[0]
    SLICE_X2Y31          FDCE                                         f  clok/counter_reg[4]/CLR
  -------------------------------------------------------------------    -------------------

                         (clock sys_clk_pin rise edge)
                                                      0.000     0.000 r  
    W5                                                0.000     0.000 r  clk (IN)
                         net (fo=0)                   0.000     0.000    clk
    W5                   IBUF (Prop_ibuf_I_O)         0.414     0.414 r  clk_IBUF_inst/O
                         net (fo=1, routed)           0.685     1.099    clk_IBUF
    BUFGCTRL_X0Y0        BUFG (Prop_bufg_I_O)         0.029     1.128 r  clk_IBUF_BUFG_inst/O
                         net (fo=29, routed)          0.857     1.984    clok/clockdiv_reg_0
    SLICE_X2Y31          FDCE                                         r  clok/counter_reg[4]/C

Slack:                    inf
  Source:                 reset
                            (input port)
  Destination:            clok/counter_reg[2]/CLR
                            (removal check against rising-edge clock sys_clk_pin  {rise@0.000ns fall@5.000ns period=10.000ns})
  Path Group:             (none)
  Path Type:              Removal (Min at Fast Process Corner)
  Data Path Delay:        0.937ns  (logic 0.210ns (22.360%)  route 0.728ns (77.640%))
  Logic Levels:           1  (IBUF=1)
  Clock Path Skew:        1.984ns (DCD - SCD - CPR)
    Destination Clock Delay (DCD):    1.984ns
    Source Clock Delay      (SCD):    0.000ns
    Clock Pessimism Removal (CPR):    -0.000ns

    Location             Delay type                Incr(ns)  Path(ns)    Netlist Resource(s)
  -------------------------------------------------------------------    -------------------
    U18                                               0.000     0.000 f  reset (IN)
                         net (fo=0)                   0.000     0.000    reset
    U18                  IBUF (Prop_ibuf_I_O)         0.210     0.210 f  reset_IBUF_inst/O
                         net (fo=33, routed)          0.728     0.937    clok/AR[0]
    SLICE_X1Y31          FDCE                                         f  clok/counter_reg[2]/CLR
  -------------------------------------------------------------------    -------------------

                         (clock sys_clk_pin rise edge)
                                                      0.000     0.000 r  
    W5                                                0.000     0.000 r  clk (IN)
                         net (fo=0)                   0.000     0.000    clk
    W5                   IBUF (Prop_ibuf_I_O)         0.414     0.414 r  clk_IBUF_inst/O
                         net (fo=1, routed)           0.685     1.099    clk_IBUF
    BUFGCTRL_X0Y0        BUFG (Prop_bufg_I_O)         0.029     1.128 r  clk_IBUF_BUFG_inst/O
                         net (fo=29, routed)          0.857     1.984    clok/clockdiv_reg_0
    SLICE_X1Y31          FDCE                                         r  clok/counter_reg[2]/C

Slack:                    inf
  Source:                 reset
                            (input port)
  Destination:            clok/counter_reg[3]/CLR
                            (removal check against rising-edge clock sys_clk_pin  {rise@0.000ns fall@5.000ns period=10.000ns})
  Path Group:             (none)
  Path Type:              Removal (Min at Fast Process Corner)
  Data Path Delay:        0.937ns  (logic 0.210ns (22.360%)  route 0.728ns (77.640%))
  Logic Levels:           1  (IBUF=1)
  Clock Path Skew:        1.984ns (DCD - SCD - CPR)
    Destination Clock Delay (DCD):    1.984ns
    Source Clock Delay      (SCD):    0.000ns
    Clock Pessimism Removal (CPR):    -0.000ns

    Location             Delay type                Incr(ns)  Path(ns)    Netlist Resource(s)
  -------------------------------------------------------------------    -------------------
    U18                                               0.000     0.000 f  reset (IN)
                         net (fo=0)                   0.000     0.000    reset
    U18                  IBUF (Prop_ibuf_I_O)         0.210     0.210 f  reset_IBUF_inst/O
                         net (fo=33, routed)          0.728     0.937    clok/AR[0]
    SLICE_X1Y31          FDCE                                         f  clok/counter_reg[3]/CLR
  -------------------------------------------------------------------    -------------------

                         (clock sys_clk_pin rise edge)
                                                      0.000     0.000 r  
    W5                                                0.000     0.000 r  clk (IN)
                         net (fo=0)                   0.000     0.000    clk
    W5                   IBUF (Prop_ibuf_I_O)         0.414     0.414 r  clk_IBUF_inst/O
                         net (fo=1, routed)           0.685     1.099    clk_IBUF
    BUFGCTRL_X0Y0        BUFG (Prop_bufg_I_O)         0.029     1.128 r  clk_IBUF_BUFG_inst/O
                         net (fo=29, routed)          0.857     1.984    clok/clockdiv_reg_0
    SLICE_X1Y31          FDCE                                         r  clok/counter_reg[3]/C

Slack:                    inf
  Source:                 reset
                            (input port)
  Destination:            clok/counter_reg[5]/CLR
                            (removal check against rising-edge clock sys_clk_pin  {rise@0.000ns fall@5.000ns period=10.000ns})
  Path Group:             (none)
  Path Type:              Removal (Min at Fast Process Corner)
  Data Path Delay:        0.937ns  (logic 0.210ns (22.360%)  route 0.728ns (77.640%))
  Logic Levels:           1  (IBUF=1)
  Clock Path Skew:        1.984ns (DCD - SCD - CPR)
    Destination Clock Delay (DCD):    1.984ns
    Source Clock Delay      (SCD):    0.000ns
    Clock Pessimism Removal (CPR):    -0.000ns

    Location             Delay type                Incr(ns)  Path(ns)    Netlist Resource(s)
  -------------------------------------------------------------------    -------------------
    U18                                               0.000     0.000 f  reset (IN)
                         net (fo=0)                   0.000     0.000    reset
    U18                  IBUF (Prop_ibuf_I_O)         0.210     0.210 f  reset_IBUF_inst/O
                         net (fo=33, routed)          0.728     0.937    clok/AR[0]
    SLICE_X1Y31          FDCE                                         f  clok/counter_reg[5]/CLR
  -------------------------------------------------------------------    -------------------

                         (clock sys_clk_pin rise edge)
                                                      0.000     0.000 r  
    W5                                                0.000     0.000 r  clk (IN)
                         net (fo=0)                   0.000     0.000    clk
    W5                   IBUF (Prop_ibuf_I_O)         0.414     0.414 r  clk_IBUF_inst/O
                         net (fo=1, routed)           0.685     1.099    clk_IBUF
    BUFGCTRL_X0Y0        BUFG (Prop_bufg_I_O)         0.029     1.128 r  clk_IBUF_BUFG_inst/O
                         net (fo=29, routed)          0.857     1.984    clok/clockdiv_reg_0
    SLICE_X1Y31          FDCE                                         r  clok/counter_reg[5]/C

Slack:                    inf
  Source:                 reset
                            (input port)
  Destination:            clok/counter_reg[8]/CLR
                            (removal check against rising-edge clock sys_clk_pin  {rise@0.000ns fall@5.000ns period=10.000ns})
  Path Group:             (none)
  Path Type:              Removal (Min at Fast Process Corner)
  Data Path Delay:        1.005ns  (logic 0.210ns (20.839%)  route 0.796ns (79.161%))
  Logic Levels:           1  (IBUF=1)
  Clock Path Skew:        1.985ns (DCD - SCD - CPR)
    Destination Clock Delay (DCD):    1.985ns
    Source Clock Delay      (SCD):    0.000ns
    Clock Pessimism Removal (CPR):    -0.000ns

    Location             Delay type                Incr(ns)  Path(ns)    Netlist Resource(s)
  -------------------------------------------------------------------    -------------------
    U18                                               0.000     0.000 f  reset (IN)
                         net (fo=0)                   0.000     0.000    reset
    U18                  IBUF (Prop_ibuf_I_O)         0.210     0.210 f  reset_IBUF_inst/O
                         net (fo=33, routed)          0.796     1.005    clok/AR[0]
    SLICE_X2Y32          FDCE                                         f  clok/counter_reg[8]/CLR
  -------------------------------------------------------------------    -------------------

                         (clock sys_clk_pin rise edge)
                                                      0.000     0.000 r  
    W5                                                0.000     0.000 r  clk (IN)
                         net (fo=0)                   0.000     0.000    clk
    W5                   IBUF (Prop_ibuf_I_O)         0.414     0.414 r  clk_IBUF_inst/O
                         net (fo=1, routed)           0.685     1.099    clk_IBUF
    BUFGCTRL_X0Y0        BUFG (Prop_bufg_I_O)         0.029     1.128 r  clk_IBUF_BUFG_inst/O
                         net (fo=29, routed)          0.858     1.985    clok/clockdiv_reg_0
    SLICE_X2Y32          FDCE                                         r  clok/counter_reg[8]/C

Slack:                    inf
  Source:                 reset
                            (input port)
  Destination:            clok/counter_reg[14]/CLR
                            (removal check against rising-edge clock sys_clk_pin  {rise@0.000ns fall@5.000ns period=10.000ns})
  Path Group:             (none)
  Path Type:              Removal (Min at Fast Process Corner)
  Data Path Delay:        1.071ns  (logic 0.210ns (19.568%)  route 0.861ns (80.432%))
  Logic Levels:           1  (IBUF=1)
  Clock Path Skew:        1.987ns (DCD - SCD - CPR)
    Destination Clock Delay (DCD):    1.987ns
    Source Clock Delay      (SCD):    0.000ns
    Clock Pessimism Removal (CPR):    -0.000ns

    Location             Delay type                Incr(ns)  Path(ns)    Netlist Resource(s)
  -------------------------------------------------------------------    -------------------
    U18                                               0.000     0.000 f  reset (IN)
                         net (fo=0)                   0.000     0.000    reset
    U18                  IBUF (Prop_ibuf_I_O)         0.210     0.210 f  reset_IBUF_inst/O
                         net (fo=33, routed)          0.861     1.071    clok/AR[0]
    SLICE_X1Y34          FDCE                                         f  clok/counter_reg[14]/CLR
  -------------------------------------------------------------------    -------------------

                         (clock sys_clk_pin rise edge)
                                                      0.000     0.000 r  
    W5                                                0.000     0.000 r  clk (IN)
                         net (fo=0)                   0.000     0.000    clk
    W5                   IBUF (Prop_ibuf_I_O)         0.414     0.414 r  clk_IBUF_inst/O
                         net (fo=1, routed)           0.685     1.099    clk_IBUF
    BUFGCTRL_X0Y0        BUFG (Prop_bufg_I_O)         0.029     1.128 r  clk_IBUF_BUFG_inst/O
                         net (fo=29, routed)          0.860     1.987    clok/clockdiv_reg_0
    SLICE_X1Y34          FDCE                                         r  clok/counter_reg[14]/C

Slack:                    inf
  Source:                 reset
                            (input port)
  Destination:            clok/counter_reg[15]/CLR
                            (removal check against rising-edge clock sys_clk_pin  {rise@0.000ns fall@5.000ns period=10.000ns})
  Path Group:             (none)
  Path Type:              Removal (Min at Fast Process Corner)
  Data Path Delay:        1.071ns  (logic 0.210ns (19.568%)  route 0.861ns (80.432%))
  Logic Levels:           1  (IBUF=1)
  Clock Path Skew:        1.987ns (DCD - SCD - CPR)
    Destination Clock Delay (DCD):    1.987ns
    Source Clock Delay      (SCD):    0.000ns
    Clock Pessimism Removal (CPR):    -0.000ns

    Location             Delay type                Incr(ns)  Path(ns)    Netlist Resource(s)
  -------------------------------------------------------------------    -------------------
    U18                                               0.000     0.000 f  reset (IN)
                         net (fo=0)                   0.000     0.000    reset
    U18                  IBUF (Prop_ibuf_I_O)         0.210     0.210 f  reset_IBUF_inst/O
                         net (fo=33, routed)          0.861     1.071    clok/AR[0]
    SLICE_X1Y34          FDCE                                         f  clok/counter_reg[15]/CLR
  -------------------------------------------------------------------    -------------------

                         (clock sys_clk_pin rise edge)
                                                      0.000     0.000 r  
    W5                                                0.000     0.000 r  clk (IN)
                         net (fo=0)                   0.000     0.000    clk
    W5                   IBUF (Prop_ibuf_I_O)         0.414     0.414 r  clk_IBUF_inst/O
                         net (fo=1, routed)           0.685     1.099    clk_IBUF
    BUFGCTRL_X0Y0        BUFG (Prop_bufg_I_O)         0.029     1.128 r  clk_IBUF_BUFG_inst/O
                         net (fo=29, routed)          0.860     1.987    clok/clockdiv_reg_0
    SLICE_X1Y34          FDCE                                         r  clok/counter_reg[15]/C

Slack:                    inf
  Source:                 reset
                            (input port)
  Destination:            clok/counter_reg[17]/CLR
                            (removal check against rising-edge clock sys_clk_pin  {rise@0.000ns fall@5.000ns period=10.000ns})
  Path Group:             (none)
  Path Type:              Removal (Min at Fast Process Corner)
  Data Path Delay:        1.071ns  (logic 0.210ns (19.568%)  route 0.861ns (80.432%))
  Logic Levels:           1  (IBUF=1)
  Clock Path Skew:        1.987ns (DCD - SCD - CPR)
    Destination Clock Delay (DCD):    1.987ns
    Source Clock Delay      (SCD):    0.000ns
    Clock Pessimism Removal (CPR):    -0.000ns

    Location             Delay type                Incr(ns)  Path(ns)    Netlist Resource(s)
  -------------------------------------------------------------------    -------------------
    U18                                               0.000     0.000 f  reset (IN)
                         net (fo=0)                   0.000     0.000    reset
    U18                  IBUF (Prop_ibuf_I_O)         0.210     0.210 f  reset_IBUF_inst/O
                         net (fo=33, routed)          0.861     1.071    clok/AR[0]
    SLICE_X1Y34          FDCE                                         f  clok/counter_reg[17]/CLR
  -------------------------------------------------------------------    -------------------

                         (clock sys_clk_pin rise edge)
                                                      0.000     0.000 r  
    W5                                                0.000     0.000 r  clk (IN)
                         net (fo=0)                   0.000     0.000    clk
    W5                   IBUF (Prop_ibuf_I_O)         0.414     0.414 r  clk_IBUF_inst/O
                         net (fo=1, routed)           0.685     1.099    clk_IBUF
    BUFGCTRL_X0Y0        BUFG (Prop_bufg_I_O)         0.029     1.128 r  clk_IBUF_BUFG_inst/O
                         net (fo=29, routed)          0.860     1.987    clok/clockdiv_reg_0
    SLICE_X1Y34          FDCE                                         r  clok/counter_reg[17]/C

Slack:                    inf
  Source:                 reset
                            (input port)
  Destination:            clok/counter_reg[6]/CLR
                            (removal check against rising-edge clock sys_clk_pin  {rise@0.000ns fall@5.000ns period=10.000ns})
  Path Group:             (none)
  Path Type:              Removal (Min at Fast Process Corner)
  Data Path Delay:        1.072ns  (logic 0.210ns (19.550%)  route 0.862ns (80.450%))
  Logic Levels:           1  (IBUF=1)
  Clock Path Skew:        1.985ns (DCD - SCD - CPR)
    Destination Clock Delay (DCD):    1.985ns
    Source Clock Delay      (SCD):    0.000ns
    Clock Pessimism Removal (CPR):    -0.000ns

    Location             Delay type                Incr(ns)  Path(ns)    Netlist Resource(s)
  -------------------------------------------------------------------    -------------------
    U18                                               0.000     0.000 f  reset (IN)
                         net (fo=0)                   0.000     0.000    reset
    U18                  IBUF (Prop_ibuf_I_O)         0.210     0.210 f  reset_IBUF_inst/O
                         net (fo=33, routed)          0.862     1.072    clok/AR[0]
    SLICE_X1Y32          FDCE                                         f  clok/counter_reg[6]/CLR
  -------------------------------------------------------------------    -------------------

                         (clock sys_clk_pin rise edge)
                                                      0.000     0.000 r  
    W5                                                0.000     0.000 r  clk (IN)
                         net (fo=0)                   0.000     0.000    clk
    W5                   IBUF (Prop_ibuf_I_O)         0.414     0.414 r  clk_IBUF_inst/O
                         net (fo=1, routed)           0.685     1.099    clk_IBUF
    BUFGCTRL_X0Y0        BUFG (Prop_bufg_I_O)         0.029     1.128 r  clk_IBUF_BUFG_inst/O
                         net (fo=29, routed)          0.858     1.985    clok/clockdiv_reg_0
    SLICE_X1Y32          FDCE                                         r  clok/counter_reg[6]/C





